Date,Close AAPL,High AAPL,Low AAPL,Open AAPL,Volume AAPL
2017-01-03,26.82724380493164,26.868818596222855,26.506194713025288,26.746404422467158,115127600
2017-01-04,26.797222137451172,26.91039905892002,26.734860818454795,26.757957538002834,84472400
2017-01-05,26.933490753173828,26.991233422353574,26.748713506932074,26.774120422344474,88774400
2017-01-06,27.233753204345703,27.291495873242546,26.901154867606653,26.972755213145483,127007600
2017-01-09,27.48320198059082,27.584829648346272,27.240683812765116,27.242992250911175,134247600
2017-01-10,27.510913848876953,27.573275148086285,27.323828189082768,27.43238291273115,97848400
2017-01-11,27.658742904663086,27.700317703524195,27.393126232059707,27.425461990933158,110354400
2017-01-12,27.543254852294922,27.554804091690794,27.303045122626244,27.462415463023376,108344800
2017-01-13,27.494752883911133,27.62871631548386,27.441628846505868,27.510920762744625,104447600
2017-01-17,27.716482162475586,27.771914633393926,27.305354625678834,27.333069980054766,137759200
2017-01-18,27.71417236328125,27.83196790758304,27.649500852579568,27.71648256356817,94852000
2017-01-19,27.665668487548828,27.737268836316627,27.57097142261398,27.577900261247446,102389200
2017-01-20,27.716482162475586,27.82041826571828,27.654120852963267,27.82041826571828,130391600
2017-01-23,27.734962463378906,27.903570089902832,27.66336034711308,27.716484384202783,88200800
2017-01-24,27.709556579589844,27.739582137747085,27.601000063085433,27.612549303543354,92844000
2017-01-25,28.150705337524414,28.20151916815679,27.781152608606803,27.813488362251693,129510400
2017-01-26,28.164567947387695,28.280053298312307,28.086036992432323,28.102204871075106,105350400
2017-01-27,28.166873931884766,28.25926255700933,28.086034545713193,28.210758925306386,82251600
2017-01-30,28.09296226501465,28.09296226501465,27.868922192883737,27.931283499112673,121510000
2017-01-31,28.028291702270508,28.03753074094258,27.859684092462917,27.98209827107659,196804000
2017-02-01,29.737478256225586,30.139368551516302,29.335589723101506,29.34020836184624,447940000
2017-02-02,29.686662673950195,29.885297609462313,29.51343465545706,29.559629851021814,134841600
2017-02-03,29.813692092895508,29.83909900551195,29.601199516618177,29.6358437045804,98029200
2017-02-06,30.093172073364258,30.141677472877852,29.77212292937744,29.82524872987645,107383600
2017-02-07,30.37956428527832,30.50890726398118,30.13011560163773,30.15090211085815,152735200
2017-02-08,30.497365951538086,30.538942505112082,30.307971833328953,30.337999148447242,92016400
2017-02-09,30.71774673461914,30.72470561483007,30.41618228022925,30.53912721677371,113399600
2017-02-10,30.648149490356445,30.838368291330156,30.631913285665966,30.72702268615282,80262000
2017-02-13,30.919553756713867,31.04250220271785,30.79429040402537,30.87084160718438,92141600
2017-02-14,31.320871353149414,31.337107558213077,30.910279778878657,30.961313919843974,132904800
2017-02-15,31.434526443481445,31.61082744003737,31.228071491945194,31.436848428980575,142492400
2017-02-16,31.397424697875977,31.525006519344686,31.279116663230262,31.471653928206138,90338400
2017-02-17,31.48324203491211,31.508759098046042,31.339420518854677,31.339420518854677,88792800
2017-02-21,31.710582733154297,31.72218204511534,31.543562551831812,31.60155557202398,98028800
2017-02-22,31.80569839477539,31.808016841778624,31.57372626835725,31.647955508211908,83347600
2017-02-23,31.671140670776367,31.891513389252864,31.61778809547647,31.86831831024137,83152800
2017-02-24,31.701305389404297,31.701305389404297,31.38118278544861,31.5273263289263,87106400
2017-02-27,31.763931274414062,31.882239285887856,31.6131508569667,31.81264696259961,81029600
2017-02-28,31.777851104736328,31.88223781504666,31.710577230803324,31.798727738875908,93931600
2017-03-01,32.42736053466797,32.51087058649747,31.919344887284186,31.98661520199701,145658400
2017-03-02,32.234840393066406,32.541041684757865,32.188443147392746,32.476089788350194,104844000
2017-03-03,32.42505645751953,32.43665576922689,32.14900912110405,32.193084381824235,84432400
2017-03-06,32.32298278808594,32.42273260460059,32.15132574604717,32.32994166602738,87000000
2017-03-07,32.36474609375,32.47145127001867,32.19540392420693,32.25803737786824,69785200
2017-03-08,32.24411392211914,32.42969226412578,32.2023606534642,32.23251461206639,74828800
2017-03-09,32.169883728027344,32.19540079632785,31.791771675445137,32.183805024965324,88623600
2017-03-10,32.27659225463867,32.327626390956816,32.160606224754304,32.30210932279775,78451200
2017-03-13,32.29051208496094,32.34386467104146,32.20236510352637,32.209323982597176,69686800
2017-03-14,32.24180603027344,32.39490493840414,32.207008088724116,32.31371682068296,61236400
2017-03-15,32.582801818847656,32.65007216855019,32.25107988445817,32.33923041268715,102767200
2017-03-16,32.63615798950195,32.712709213528065,32.536408137729644,32.64311686990309,76928000
2017-03-17,32.47377395629883,32.708064491516325,32.45057533159433,32.708064491516325,175540000
2017-03-20,32.81476974487305,32.82404707000738,32.529441557510076,32.56887638365337,86168000
2017-03-21,32.43898391723633,33.12562302407698,32.413466839693946,32.96556167763967,158119600
2017-03-22,32.805484771728516,32.847241578635575,32.42041034404195,32.441290517301645,103440800
2017-03-23,32.689510345458984,32.842612792385644,32.61759955543351,32.76838001583444,81385200
2017-03-24,32.62455368041992,32.87972438810393,32.55728333363764,32.824049813805665,89582400
2017-03-27,32.680233001708984,32.75910267204464,32.15597375151802,32.33459327284233,94300400
2017-03-28,33.35758590698242,33.413256940988724,32.61991284988148,32.68718673545649,133499200
2017-03-29,33.431827545166016,33.51765965381626,33.21609512906577,33.329759225439915,116760000
2017-03-30,33.38774108886719,33.519966878683235,33.2879947895574,33.44805609739234,84829200
2017-03-31,33.325103759765625,33.466606844237894,33.17431981160958,33.3390215156789,78646800
2017-04-03,33.33438491821289,33.431812760425096,33.183604492325316,33.33670690420712,79942800
2017-04-04,33.58259963989258,33.61043515733627,33.2114428891155,33.230001080615665,79565600
2017-04-05,33.40862274169922,33.74266313112356,33.359907043402615,33.455016453649634,110871600
2017-04-06,33.325103759765625,33.524599853618135,33.276388074456776,33.47124373646739,84596000
2017-04-07,33.25086975097656,33.44572540561645,33.2346335495627,33.3413387006031,66688800
2017-04-10,33.211448669433594,33.37615043540504,33.14881520467108,33.311198523656394,75733600
2017-04-11,32.85419464111328,33.253186753940575,32.489996911539414,33.15807738689892,121517600
2017-04-12,32.89364242553711,32.97483053167873,32.71038249584378,32.8472487163686,81400000
2017-04-13,32.71965789794922,33.02818114484193,32.71965789794922,32.91915399971396,71291600
2017-04-17,32.900611877441406,32.912211193364215,32.67791704641189,32.81942020559598,66328400
2017-04-18,32.75446701049805,32.949322767814124,32.73359036641721,32.80318271963413,58790000
2017-04-19,32.63384246826172,32.9400474250304,32.580489861411785,32.91221189791119,69313600
2017-04-20,33.04210662841797,33.153452245791534,32.74518262234622,32.759100382066244,93278400
2017-04-21,33.002662658691406,33.09776850365113,32.90523482801232,33.04209748018444,69283600
2017-04-24,33.32046890258789,33.392379679912395,33.21376019004596,33.28799295348608,68537200
2017-04-25,33.526920318603516,33.61274884497858,33.37381791511344,33.383098779356075,75486000
2017-04-26,33.32975769042969,33.54317518890856,33.26016887528896,33.513017675938116,80164800
2017-04-27,33.355262756347656,33.441094830132606,33.24391715260922,33.38542025845693,56985200
2017-04-28,33.32278823852539,33.47357221593292,33.23464125410369,33.424856521173425,83441600
2017-05-01,34.002479553222656,34.146301159389395,33.626685787631246,33.659161748366124,134411600
2017-05-02,34.21820068359375,34.35274491646579,34.062779812762194,34.22515956291359,181408800
2017-05-03,34.11381530761719,34.21356514784751,33.466614727903426,33.772816048963875,182788000
2017-05-04,33.99087142944336,34.13237455160998,33.82385123476756,33.988552982711006,93487600
2017-05-05,34.55457305908203,34.55920995356493,34.04423149683466,34.04423149683466,109310800
2017-05-08,35.494049072265625,35.6541103845622,34.57080112290132,34.57080112290132,195009600
2017-05-09,35.721378326416016,35.927833315531025,35.59611143347141,35.6935392726435,156521600
2017-05-10,35.55204391479492,35.70978678846555,35.28527740706328,35.637876001491634,103222800
2017-05-11,35.85950469970703,35.88745866350472,35.47750036721987,35.51011036313134,109020400
2017-05-12,36.36030197143555,36.43483757471907,36.02721088694164,36.03419848868001,130108000
2017-05-15,36.26711654663086,36.488398824833446,36.115713817918966,36.33932411122335,104038800
2017-05-16,36.213565826416016,36.35099343979344,36.038868623376466,36.323043024658695,80194000
2017-05-17,34.99766540527344,36.00392278218751,34.871885010270645,35.77798083100697,203070800
2017-05-18,35.53107833862305,35.71742272274679,35.202650315678596,35.23526031633349,134272800
2017-05-19,35.652198791503906,35.86649356564632,35.55204078418409,35.72673795862637,107843200
2017-05-22,35.86882400512695,36.006251591675145,35.61725965535469,35.871152021192465,91865600
2017-05-23,35.82455825805664,36.080778578721876,35.710421522111865,36.080778578721876,79675600
2017-05-24,35.71742630004883,35.910758306945944,35.56136388455392,35.833891107512834,76712000
2017-05-25,35.84086990356445,35.95267865029357,35.64520992812298,35.808259907657536,76942400
2017-05-26,35.780311584472656,35.92705835172221,35.710432002247956,35.87115397509781,87710400
2017-05-30,35.79429626464844,35.97132150614863,35.71510104246868,35.736063856417886,80507600
2017-05-31,35.58231735229492,35.91074887610483,35.49380653873911,35.86416367619815,97804800
2017-06-01,35.68015670776367,35.715098282536324,35.45654626780367,35.67782869113504,65616400
2017-06-02,36.208900451660156,36.208900451660156,35.61260132927113,35.77332329905412,111082800
2017-06-05,35.8548469543457,35.975971325760206,35.745373326482856,35.950348930926815,101326800
2017-06-06,35.97597122192383,36.29275557793908,35.81990883719749,35.84785924812664,106499600
2017-06-07,36.19026565551758,36.33235283343117,35.98295848323935,36.10874243967336,84278400
2017-06-08,36.101749420166016,36.22985781930265,35.96431829516833,36.162309818925564,85003200
2017-06-09,34.701839447021484,36.1483333531138,34.012370047206694,36.1483333531138,259530800
2017-06-12,33.87261962890625,34.02868202344969,33.19479368745053,33.94715880170374,289229200
2017-06-13,34.145145416259766,34.345464992166164,33.80972626086085,34.27791697953152,136661600
2017-06-14,33.81205749511719,34.357111840109425,33.504588754317545,34.357111840109425,126124800
2017-06-15,33.609397888183594,33.653655064357174,33.124907628552585,33.383459530315115,128661600
2017-06-16,33.13888168334961,33.65831348450263,33.12257491196715,33.49060395650505,201444400
2017-06-19,34.086910247802734,34.180084202396955,33.462660746024724,33.462660746024724,130165600
2017-06-20,33.777122497558594,34.21037172755161,33.76081927255734,34.21037172755161,99600400
2017-06-21,33.97743225097656,34.02402100425864,33.68394229810293,33.89590904117865,85063200
2017-06-22,33.921539306640625,34.17077213427442,33.8027429341119,33.954149308972816,76425200
2017-06-23,34.07292938232422,34.277908494153515,33.80040227458155,33.80506186009286,141757600
2017-06-26,33.96579360961914,34.53879839529873,33.86330402408988,34.28024641515841,102769600
2017-06-27,33.47895812988281,34.044978698414525,33.453335741114344,33.77710762415828,99047600
2017-06-28,33.968116760253906,34.033336750025995,33.34619528721252,33.65599201574137,88329600
2017-06-29,33.46732711791992,33.805077920616554,33.14122706164791,33.70724790373495,125997600
2017-06-30,33.5465202331543,33.76547461438173,33.49061585255683,33.646678249890044,92096400
2017-07-03,33.42539596557617,33.844669935919384,33.332225551821445,33.74683993520988,57111200
2017-07-05,33.56281661987305,33.72586658729223,33.24370428690816,33.46964622541144,86278400
2017-07-06,33.24603271484375,33.42538945833917,33.17149710919521,33.31358427275497,96515200
2017-07-07,33.58377456665039,33.71654609148289,33.28562508244172,33.28562508244172,76806800
2017-07-10,33.78875732421875,33.99606446541311,33.39510584668479,33.56747497978787,84362400
2017-07-11,33.89823913574219,33.97277830218585,33.63037155905931,33.71189477385611,79127200
2017-07-12,33.947147369384766,34.04963336613222,33.732852651094696,33.97742578819148,99538000
2017-07-13,34.42000961303711,34.587719217296886,33.87728319289419,33.89125840087854,100797600
2017-07-14,34.7158317565918,34.783383342119265,34.317524065140596,34.466598891604804,80528400
2017-07-17,34.836936950683594,35.149061641103934,34.60633901046096,34.66457138796724,95174000
2017-07-18,34.95806884765625,34.96971603651963,34.629637314513324,34.753089697174474,71475200
2017-07-19,35.17702102661133,35.27019142330766,34.92778470640329,35.05123708142619,83692000
2017-07-20,35.01863098144531,35.344734514592794,34.98369296735457,35.2888301378244,68974800
2017-07-21,35.00232696533203,35.04192456514405,34.67855500995316,34.937106971027156,105010400
2017-07-24,35.42625045776367,35.50777721286559,34.916134231447195,35.07452815598799,85972800
2017-07-25,35.577674865722656,35.83389533987148,35.358720433153685,35.358720433153685,75415600
2017-07-26,35.74538040161133,35.85485405114244,35.65220642276461,35.71975800170647,63124000
2017-07-27,35.06987380981445,35.86882404482113,34.3105247275263,35.81291967117998,129905200
2017-07-28,34.82297134399414,34.99300893798298,34.75076374466559,34.91381373576606,68854800
2017-07-31,34.643619537353516,35.01630833114049,34.50386390535121,34.91614675169295,79383600
2017-08-01,34.95109558105469,34.990693196053485,34.56909108752127,34.7298131187793,141474400
2017-08-02,36.60255432128906,37.21050067161394,36.37428432643603,37.10102348389167,279747200
2017-08-03,36.23685836791992,36.618862756994176,36.10874638135342,36.5815931692251,108389200
2017-08-04,36.427860260009766,36.66311787815662,36.26481024969889,36.35332463567779,82239600
2017-08-07,36.991546630859375,37.01716902724372,36.493077463746744,36.58391985925062,87481200
2017-08-08,37.287357330322266,37.694983983131344,36.86575547523531,36.942622641985984,144823600
2017-08-09,37.51563262939453,37.5645493985897,37.061420719251664,37.09635872994617,104526000
2017-08-10,36.3206901550293,37.41507951821054,36.15933705369821,37.39169366623964,163217200
2017-08-11,36.8257942199707,37.080687183177005,36.49607651485307,36.620013691083315,105028400
2017-08-14,37.380008697509766,37.464192779037646,37.122778568346675,37.25607151750768,88490800
2017-08-15,37.789241790771484,37.929546235370935,37.44782752936895,37.56942756923326,117862000
2017-08-16,37.63722610473633,38.00202251324146,37.45015001704202,37.86873316467824,110686400
2017-08-17,36.91465759277344,37.58111520738018,36.90997970815774,37.53668422398233,111762400
2017-08-18,36.83047866821289,37.29816728622195,36.64808039264384,36.91466276218176,109712400
2017-08-21,36.76265335083008,36.92166571615837,36.271579035448326,36.8304666082366,105474000
2017-08-22,37.363651275634766,37.41509731990418,36.95208648966125,37.001191806711844,86418400
2017-08-23,37.41040802001953,37.52499300514816,37.15318144533209,37.197612430753,77596400
2017-08-24,37.244380950927734,37.588132341607285,37.076012777199765,37.51563761466219,79275600
2017-08-25,37.382347106933594,37.54603739088878,37.2443798367557,37.33323823765675,101920400
2017-08-28,37.75883865356445,37.88277584463874,37.39871644056381,37.44782531258418,103864000
2017-08-29,38.09557342529297,38.14467872709018,37.41508569780086,37.43847155363424,118067600
2017-08-30,38.198463439941406,38.324737777421916,38.02541739329437,38.30369264920524,109078400
2017-08-31,38.350467681884766,38.47206772484486,38.228867638924676,38.26628358570948,107140400
2017-09-01,38.362152099609375,38.57027335117364,38.263937937226494,38.53753529704601,66364400
2017-09-05,37.90147018432617,38.40891169451355,37.54602598416644,38.29198958889859,117874000
2017-09-06,37.86172103881836,38.11427324142432,37.53667769409195,38.04879714091683,86606800
2017-09-07,37.70972442626953,37.93889437224509,37.49926601762614,37.90381559201768,87714000
2017-09-08,37.09471893310547,37.68400394413304,37.07133307805082,37.61619067356338,114446000
2017-09-11,37.76585006713867,37.89446513084861,37.389360645104375,37.53200579427713,126323200
2017-09-12,37.61619186401367,38.341110575483285,37.127458164256865,38.02541936315735,286856000
2017-09-13,37.3332405090332,37.40573523822023,36.92635371675804,37.38468653971778,179629600
2017-09-14,37.01286315917969,37.27476754590649,36.96843218610718,37.178894126738065,95042800
2017-09-15,37.387027740478516,37.641917170533304,36.947399315664136,37.057306421867736,196458400
2017-09-18,37.10406494140625,37.53200032658252,36.94738972959525,37.4408012161797,113077600
2017-09-19,37.11809539794922,37.36129540692141,37.05028213801618,37.300493620588384,83242400
2017-09-20,36.49608612060547,37.00820220357445,35.97227353937508,36.92401810245138,211805600
2017-09-21,35.869388580322266,36.43295438109268,35.71972832287514,36.43295438109268,150046800
2017-09-22,35.51860427856445,35.607466238606435,35.20759098659773,35.436757360822604,186581600
2017-09-25,35.205265045166016,35.50458550593773,34.88022156503823,35.07431278960106,177549200
2017-09-26,35.8109016418457,35.993299837467276,35.471828256045576,35.4928733782682,146640000
2017-09-27,36.065799713134766,36.18038468664414,35.90444660062289,35.965248392688395,102016800
2017-09-28,35.843650817871094,36.077495096989864,35.70802070780054,35.986295970860766,88022000
2017-09-29,36.04007339477539,36.04241412082794,35.544324744109346,35.827277846610976,105199200
2017-10-02,35.967586517333984,36.117246707071985,35.71269711996745,36.07281572496252,74795200
2017-10-03,36.1242561340332,36.26690125896654,35.99096677660556,36.014349059010144,64921200
2017-10-04,35.890419006347656,35.979280974345166,35.651900410428865,35.92549778916903,80655200
2017-10-05,36.33707046508789,36.348763395278574,36.02371991779305,36.05411725447124,85135200
2017-10-06,36.31602096557617,36.36045195405027,36.14297489682992,36.23885191741288,69630400
2017-10-09,36.44228744506836,36.65040868701951,36.36044409761978,36.435272402949344,65051600
2017-10-10,36.456329345703125,36.94740386228448,36.2692567376543,36.4937452945854,62468000
2017-10-11,36.60832977294922,36.70888111991884,36.4212535994123,36.472699636339485,67622400
2017-10-12,36.47970199584961,36.80006746771351,36.41656305099716,36.5615489083687,64500400
2017-10-13,36.71120834350586,36.77902160277671,36.575578256784254,36.650406557766566,65576800
2017-10-16,37.387027740478516,37.4150879145966,36.865552383578624,36.92401345844518,96486000
2017-10-17,37.52500534057617,37.61854165881381,37.23503704494858,37.3636521586617,75989200
2017-10-18,37.35895919799805,37.58111410849137,37.32154682670793,37.513297272178555,65496800
2017-10-19,36.475032806396484,36.73226296290356,36.25054427724561,36.65509391595144,170336800
2017-10-20,36.53816223144531,36.88892858886719,36.47034897234291,36.62234629995376,95896400
2017-10-23,36.519466400146484,36.874910759543646,36.362791136614184,36.68783459311455,87937200
2017-10-24,36.736942291259766,36.811770614522885,36.52648027270899,36.54752540410977,71028800
2017-10-25,36.57559585571289,36.84217827355885,36.30901343786693,36.692518031402905,84828400
2017-10-26,36.80942916870117,36.90764333864657,36.66210612969279,36.767335342621394,68002000
2017-10-27,38.128318786621094,38.256933881981624,37.11109452207482,37.24906182065189,177816800
2017-10-30,38.98651123046875,39.30220237568557,38.284978523924586,38.3247316157805,178803200
2017-10-31,39.529029846191406,39.67167497923969,39.0379590696006,39.262447547990675,144187200
2017-11-01,39.026275634765625,39.73950147346234,38.72695521199797,39.72313065950461,134551200
2017-11-02,39.31156539916992,39.40276453340428,38.64978560226695,38.95846179086375,165573600
2017-11-03,40.338130950927734,40.74969552420114,40.01542476150275,40.68889730702276,237594400
2017-11-06,40.74736785888672,40.92041391941787,40.15574208590225,40.30773944834747,140105200
2017-11-07,40.878326416015625,40.9812184912679,40.59537677725315,40.667867948040545,97446000
2017-11-08,41.21270751953125,41.21270751953125,40.76606419319068,40.84323321566154,97638000
2017-11-09,41.12853240966797,41.179978435848625,40.48779780880557,40.94847131803568,117930400
2017-11-10,40.99241638183594,41.159044258138955,40.89854384203651,41.095678324220025,100582000
2017-11-13,40.82814025878906,40.95252299343461,40.69436812095815,40.717838047913496,67928400
2017-11-14,40.21091842651367,40.713144075685776,40.173367975115646,40.60988212484528,99130000
2017-11-15,39.68053436279297,39.97154500892907,39.51625560328403,39.88940383867041,116632400
2017-11-16,40.154598236083984,40.335303077622605,39.96684955119182,40.173369881665714,94550000
2017-11-17,39.931636810302734,40.22264739374085,39.81194879294899,40.14050624117943,87598000
2017-11-20,39.8917350769043,40.027852737629736,39.793167856587345,39.96448681706631,65049600
2017-11-21,40.63334274291992,40.764765711695205,40.07948624521885,40.07948624521885,100525200
2017-11-22,41.060482025146484,41.06986784786807,40.61223289376491,40.68498465813409,102355600
2017-11-24,41.062828063964844,41.18721080727252,40.98772715728411,41.09333825492993,56106800
2017-11-27,40.85630416870117,41.088643570207566,40.6802904472289,41.08160330782934,82867200
2017-11-28,40.616905212402344,41.039335041237635,40.33293499270133,40.905566550374814,105715200
2017-11-29,39.77439498901367,40.58171160051292,39.22992789491412,40.51365455662821,166665600
2017-11-30,40.33060836791992,40.39866542487053,39.530331863147126,39.99735260186167,166108800
2017-12-01,40.142852783203125,40.288356274998044,39.54440557316444,39.88469796130177,159037200
2017-12-04,39.84950637817383,40.51131609418123,39.80961036524149,40.47846034347176,130169600
2017-12-05,39.81194305419922,40.253151776230816,39.52093251270924,39.67582539355102,109400800
2017-12-06,39.66410446166992,39.943380141687,39.065660668500016,39.30973145532522,114240000
2017-12-07,39.73685073852539,39.99969669218955,39.64062906584206,39.66879010916107,102693200
2017-12-08,39.74858474731445,40.13112232239191,39.61951090289661,40.01143429936512,93420800
2017-12-11,40.52305221557617,40.574683194023976,39.61247341132401,39.70869510579568,141095200
2017-12-12,40.29539108276367,40.457324214497554,40.23906900633929,40.40099855706628,77636800
2017-12-13,40.429161071777344,40.72720826002679,40.36579515809149,40.483137585876634,95273600
2017-12-14,40.417442321777344,40.631006485435535,40.28367018157118,40.45968389383731,81906000
2017-12-15,40.82814025878906,40.87507653169167,40.47376728021509,40.74834823675383,160677200
2017-12-18,41.40312576293945,41.5861797697944,41.03701774922956,41.04171245174114,117684400
2017-12-19,40.961891174316406,41.16137472449985,40.8562837105161,41.07688803725829,109745600
2017-12-20,40.91731643676758,41.16842743414846,40.65916159739693,41.03935001446314,93902400
2017-12-21,41.07221603393555,41.3092501496558,40.85865542904056,40.87508151510548,83799600
2017-12-22,41.07221603393555,41.16843773277232,40.95252798629055,40.994769562750484,65397600
2017-12-26,40.030208587646484,40.241423583583014,39.821335570743265,40.08418511665112,132742000
2017-12-27,40.037254333496094,40.07949590606701,39.82838486898746,39.919911857232634,85992800
2017-12-28,40.14990997314453,40.33061842467222,40.00909754164083,40.13113474354345,65920800
2017-12-29,39.71572494506836,40.03489655488634,39.71337938521208,40.018470473877514,103999600
2018-01-02,40.42681884765625,40.43620824884917,39.722764160494656,39.933982715247524,102223600
2018-01-03,40.41978454589844,40.964255303118776,40.35642219303837,40.490190741195256,118071600
2018-01-04,40.60752868652344,40.710790617330794,40.38457874373889,40.492531794304796,89738400
2018-01-05,41.06985855102539,41.15669082032517,40.61222370051546,40.703750670617445,94640000
2018-01-08,40.91731643676758,41.21301814104045,40.818745621002336,40.91731643676758,82271200
2018-01-09,40.91261672973633,41.083935694352036,40.69670706368473,40.964247691292925,86336000
2018-01-10,40.90324020385742,40.90558934530854,40.60049818035278,40.638048633487585,95839600
2018-01-11,41.13556671142578,41.18485211334439,40.950167226318456,40.97363356641674,74670800
2018-01-12,41.56035232543945,41.623718257592046,41.22240546196927,41.34678818518986,101672400
2018-01-16,41.34914016723633,42.10013125931942,41.33740520403028,41.750449409423986,118263600
2018-01-17,42.03207015991211,42.06727146513678,41.08629022879439,41.339746788427306,137547200
2018-01-18,42.06961441040039,42.26675245042879,41.8325839476019,42.09542989296319,124773600
2018-01-19,41.88188171386719,42.14472773680478,41.63546177685895,41.9170830272933,129700400
2018-01-22,41.53923416137695,41.72228812713289,41.445361618274205,41.609640359208,108434400
2018-01-23,41.54861068725586,42.11185656287642,41.49698330680597,41.609631049527216,130756400
2018-01-24,40.886802673339844,41.60963257930642,40.64742307787513,41.59789761836071,204420400
2018-01-25,40.15693283081055,41.05812197499376,40.02081516095881,40.95486004745056,166116000
2018-01-26,40.25080871582031,40.36580561399968,39.91051630329917,40.36580561399968,156572000
2018-01-29,39.41768264770508,39.93398878050645,39.20881320203056,39.93398878050645,202561600
2018-01-30,39.185340881347656,39.279213415752686,38.6526051170296,38.84739402787731,184192800
2018-01-31,39.29329299926758,39.530327051641194,39.0750377505356,39.1618700218366,129915600
2018-02-01,39.37543487548828,39.5725693452636,39.13605525875675,39.23227693364981,188923200
2018-02-02,37.66693115234375,39.145446923123295,37.57305861302765,38.95769826348325,346375200
2018-02-05,36.7258415222168,38.4601628009349,36.610844631327524,37.33836925832738,290954000
2018-02-06,38.26068878173828,38.422621977266445,36.141483877235586,36.336272823957266,272975200
2018-02-07,37.44163513183594,38.34751917686184,37.33133650049833,38.27476741574191,206434400
2018-02-08,36.411376953125,37.78428565949148,36.38321589855632,37.617657730939214,217562000
2018-02-09,36.856727600097656,37.20547638919081,35.40281840962682,37.012252020658266,282690400
2018-02-12,38.34127426147461,38.61932982623296,37.115934171953185,37.34922082039222,243278000
2018-02-13,38.725372314453125,38.82198631481388,38.09149530099583,38.16218855968927,130196800
2018-02-14,39.439353942871094,39.47941260422183,38.381324910071264,38.41902485300839,162579600
2018-02-15,40.763675689697266,40.787237711993015,39.823463626810906,40.00961906406378,204588800
2018-02-16,40.6317024230957,41.19488961852027,40.47618161148825,40.61520937144973,160704400
2018-02-20,40.49504089355469,41.06293484455439,40.39371305953362,40.54216852992367,135722000
2018-02-21,40.31123352050781,41.02993793912658,40.29709199603148,40.72596168162499,149886400
2018-02-22,40.648197174072266,40.98987695293575,40.46204179516838,40.48324868726996,123967600
2018-02-23,41.35512161254883,41.39046643209442,40.893262262045184,40.923896836056215,135249600
2018-02-26,42.17280578613281,42.27177489318232,41.52243582740411,41.55542552975394,152648800
2018-02-27,42.0361328125,42.52862322080652,41.98193621525677,42.20344004173933,155712400
2018-02-28,41.97251510620117,42.56161958993118,41.956022050373114,42.24114660695772,151128400
2018-03-01,41.237300872802734,42.36366800327985,40.68590011264929,42.07147097696251,195208000
2018-03-02,41.522430419921875,41.54363731246901,40.63641522258459,40.71889126552224,153816000
2018-03-05,41.66617965698242,41.88296965474033,41.12420286478362,41.28679626200407,113605600
2018-03-06,41.630836486816406,42.00315096329366,41.50359149654094,41.92303361402361,95154000
2018-03-07,41.244380950927734,41.437608938692705,41.06529449044002,41.22317405342424,126814000
2018-03-08,41.6944580078125,41.736871803215045,41.25380902051406,41.35041941968929,95096400
2018-03-09,42.41080093383789,42.41551477558312,41.800489667512856,41.934807190193915,128740800
2018-03-12,42.82081604003906,42.978695569792784,42.46499831736493,42.48384649188425,128828400
2018-03-13,42.408443450927734,43.240258490091236,42.23642599068004,43.02582364771228,126774000
2018-03-14,42.047916412353516,42.53805170675562,41.899460952314094,42.490924073672474,117473600
2018-03-15,42.0974006652832,42.47207381129325,41.96073160316559,42.062055838116244,90975200
2018-03-16,41.94894790649414,42.20815168997699,41.85468904336658,42.09739977305709,157618800
2018-03-19,41.30800247192383,41.81934467481242,40.921550117889645,41.783999848007596,133787200
2018-03-20,41.29386520385742,41.66146579095869,41.223171953505314,41.29386520385742,78597600
2018-03-21,40.35836410522461,41.25851373335462,40.356005386501984,41.246730926564915,148219600
2018-03-22,39.78811264038086,40.69061741763878,39.729202200342165,40.059099226315716,165963200
2018-03-23,38.86676025390625,40.040255446962874,38.86676025390625,39.679723769604465,164115200
2018-03-26,40.71183395385742,40.789596177728065,39.22022095912076,39.604318235800726,150164800
2018-03-27,39.66792678833008,41.2726463467218,39.33331597313068,40.926252726250496,163690400
2018-03-28,39.229644775390625,40.06381873792731,38.925668443841154,39.41108996315728,166674000
2018-03-29,39.535972595214844,40.47147063196925,39.328606704264416,39.54304156007836,153594000
2018-04-02,39.27677536010742,39.80932815454368,38.756008970960146,39.2673512697284,150347200
2018-04-03,39.679725646972656,39.764556845400534,38.8526241590075,39.50299428321532,121112000
2018-04-04,40.43848419189453,40.53273946141442,38.82669535209121,38.852616090550384,138422000
2018-04-05,40.71889114379883,41.05585708750964,40.54922881271408,40.66704967621141,107732800
2018-04-06,39.677364349365234,40.64349349687593,39.63494695894709,40.287675700962644,140021200
2018-04-09,40.07087707519531,40.787226355359515,40.023749448117364,40.03081841239869,116070800
2018-04-10,40.8249397277832,41.00167106859612,40.419635565203585,40.766029280845565,113634400
2018-04-11,40.63406753540039,40.98281634944289,40.459691330575104,40.584581181460756,89726400
2018-04-12,41.03466033935547,41.23731241849354,40.77545293733876,40.86264284289436,91557200
2018-04-13,41.17368698120117,41.435249499355315,40.9663246609803,41.18546978925659,100497200
2018-04-16,41.43053436279297,41.51772066001814,41.19724773501885,41.24437536607009,86313600
2018-04-17,42.000789642333984,42.16573815931842,41.56956477932666,41.588416552068885,106421600
2018-04-18,41.906532287597656,42.13746381529928,41.68031819776145,41.899463322015784,83018000
2018-04-19,40.71889114379883,41.32920235376922,40.685901445843875,40.94510518817356,139235200
2018-04-20,39.050559997558594,40.34658991793335,38.98222186094349,40.2004931502313,261964400
2018-04-23,38.937442779541016,39.33331918058596,38.666452618618635,39.31211228673161,146062000
2018-04-24,38.39547348022461,39.19429899705882,37.99016931755155,39.0387745541616,134768000
2018-04-25,38.562767028808594,38.97985389067601,38.27057358970314,38.32005633863218,113528400
2018-04-26,38.697086334228516,39.05290406264706,38.49678941955392,38.67352072228766,111852000
2018-04-27,38.24938201904297,38.723020783699894,37.85114676720893,38.645258551482996,142623200
2018-04-30,38.94215393066406,39.413437426066245,38.136259584999245,38.20459770537288,169709600
2018-05-01,39.847023010253906,39.870585028863154,38.94451463897729,39.21314610125641,214277600
2018-05-02,41.60727310180664,41.8853286915604,40.95454432864741,41.291510366631215,266157600
2018-05-03,41.68266296386719,41.82640455432889,41.105341479281,41.444666125328766,136272800
2018-05-04,43.31803512573242,43.41700425620024,41.98430159472612,42.00315337133076,224805200
2018-05-07,43.631439208984375,44.22289886859718,43.53482520215258,43.63614945643319,169805600
2018-05-08,43.84115219116211,43.88121086073857,43.28032362587547,43.59137248932765,113611200
2018-05-09,44.149845123291016,44.15926921265365,43.645571845594965,43.95897585212502,92844800
2018-05-10,44.781368255615234,44.85913048484893,44.2181844702033,44.23939496589154,111957200
2018-05-11,44.61104202270508,44.95877142248045,44.341374693233654,44.823939562481186,104848800
2018-05-14,44.50696563720703,44.833406412604056,44.43836759500866,44.71039916819057,83115200
2018-05-15,44.10246276855469,44.251490694559884,43.78548605847127,44.18288904852097,94780800
2018-05-16,44.5140495300293,44.58028695826608,43.99837142543919,44.01493168486649,76732400
2018-05-17,44.23257064819336,44.6867470862778,44.08354270729237,44.471485307081586,69176000
2018-05-18,44.071712493896484,44.42653815868699,44.02913514666882,44.27987803893838,73190800
2018-05-21,44.38395309448242,44.77189560949007,44.21363651623783,44.471475588215206,73603200
2018-05-22,44.27277755737305,44.67964456930192,44.182887242571354,44.56136935907778,60962800
2018-05-23,44.556644439697266,44.589761359457974,43.94161180474291,44.08117931824562,80233600
2018-05-24,44.50696563720703,44.67018602490554,44.04806079705663,44.6536293703639,92936000
2018-05-25,44.608673095703125,44.86178013673768,44.38867935550355,44.52587901519814,69844000
2018-05-29,44.44782638549805,44.64889570398078,44.20417972021564,44.376864140831934,90056400
2018-05-30,44.35319519042969,44.47147037760417,44.18287863214066,44.40523656154424,74762000
2018-05-31,44.20417404174805,44.52588274430976,44.03149325278761,44.28696812918716,109931200
2018-06-01,45.00135040283203,45.00607881211757,44.412338594235976,44.469111990917085,93770000
2018-06-04,45.37747573852539,45.75359010832308,45.263932526967785,45.3325305730514,105064800
2018-06-05,45.727561950683594,45.87658987304601,45.502839769459946,45.670792158905925,86264000
2018-06-06,45.88604736328125,45.909703847988986,45.39875409787338,45.80325688574977,83734400
2018-06-07,45.763031005859375,45.93807594985042,45.49809216690592,45.92388350676702,85388800
2018-06-08,45.346710205078125,45.417676045794195,44.89016967320631,45.22133878391785,106627200
2018-06-11,45.23553466796875,45.41058327377536,44.99425584445907,45.2639231720962,73234000
2018-06-12,45.48392105102539,45.561983134058856,45.2166178827114,45.2733912911376,67644400
2018-06-13,45.11016082763672,45.625842579643674,45.0486590226794,45.51702780682554,86553600
2018-06-14,45.133819580078125,45.31596440897372,44.99661990722573,45.31123239005526,86440400
2018-06-15,44.67017364501953,44.98242188442345,44.53297398917288,44.95166917947453,246876800
2018-06-18,44.64653778076172,44.76008099767634,44.28224802934471,44.44310422865806,73939600
2018-06-19,43.925052642822266,44.076444783013294,43.395178347417,43.79494917637529,134314000
2018-06-20,44.116661071777344,44.282245672940235,43.93451620576137,44.08117994634015,82514800
2018-06-21,43.87063980102539,44.55427032867904,43.74763257948827,44.29406343878758,102847600
2018-06-22,43.742897033691406,44.03385299840251,43.69085565990926,44.02675677556608,108801600
2018-06-25,43.092384338378906,43.742897914278714,42.75175119748304,43.38334030894724,126652400
2018-06-26,43.62699890136719,44.123756303141846,43.1799186835594,43.286369276420764,98276800
2018-06-27,43.56312561035156,44.301161755502264,43.532372901145976,43.81623267932141,101141200
2018-06-28,43.88009262084961,44.048044967835686,43.47795772303814,43.54892355429242,69460800
2018-06-29,43.787841796875,44.27986702952113,43.2674316731345,44.06696951789609,90950800
2018-07-02,44.27750015258789,44.305888653755424,43.38807198790938,43.48269430934698,70925200
2018-07-03,43.506343841552734,44.45964154880952,43.41645354545822,44.421792623141066,55819200
2018-07-05,43.856441497802734,44.09535970522767,43.591506212194346,43.82332458710169,66416800
2018-07-06,44.46438980102539,44.57320099020935,43.80914402286213,43.861185412288734,69940800
2018-07-09,45.08177947998047,45.105432356298394,44.778995231116525,44.82630459322533,79026400
2018-07-10,45.027374267578125,45.24736442747198,44.98715751950538,45.11253256386964,63756400
2018-07-11,44.44308853149414,44.89253282974942,44.37921891539344,44.5897486186037,75326000
2018-07-12,45.188232421875,45.278122748398104,44.78136535689199,44.83340674493447,72164400
2018-07-13,45.25918197631836,45.37982136361211,45.157463441975985,45.20004438479693,50055600
2018-07-16,45.15983963012695,45.57143503338008,45.04392862984047,45.30413552457632,60172400
2018-07-17,45.28758239746094,45.386933152154526,44.75534389122667,44.885447359089724,62138000
2018-07-18,45.03920364379883,45.37037643512688,44.92802464500332,45.365644415536565,65573600
2018-07-19,45.389286041259766,45.5477743556412,44.871240154692515,44.871240154692515,81147200
2018-07-20,45.285194396972656,45.519376906599916,44.98477447621455,45.365620640491684,82704800
2018-07-23,45.3254280090332,45.40822210327195,44.84049890593436,45.105434232341366,63957600
2018-07-24,45.654239654541016,45.81036382740535,45.42951743513101,45.52413617715407,74791600
2018-07-25,46.08475112915039,46.09184735246474,45.519392202307905,45.66842011085451,66839600
2018-07-26,45.940452575683594,46.354415755891374,45.79852089868051,46.03507128737066,76304000
2018-07-27,45.17640686035156,46.17228590760955,44.96824490529274,46.124976536435895,96096000
2018-07-30,44.923282623291016,45.464981394364806,44.72458117438404,45.39401555990595,84118000
2018-07-31,45.0131721496582,45.45079181518759,44.78845000092926,45.015539963621904,157492000
2018-08-01,47.664920806884766,47.72642263109598,46.67377373715631,47.10429733505625,271742800
2018-08-02,49.05817794799805,49.292364098709626,47.39286503802051,47.4472706089839,249616000
2018-08-03,49.20013427734375,49.37754713244952,48.60639027885988,48.97304423463989,133789600
2018-08-06,49.45559310913086,49.49817044793707,48.98249231631903,49.202482452429685,101701600
2018-08-07,48.9919548034668,49.55731013026369,48.9091607174553,49.51473278966766,102349600
2018-08-08,49.02507781982422,49.15754548635724,48.3792961407391,48.74121801875727,90102000
2018-08-09,49.41065979003906,49.62355375400296,49.01325315197339,49.56441614073816,93970400
2018-08-10,49.26348114013672,49.63616955463809,49.05933415368771,49.22312696657649,98444800
2018-08-13,49.58155822753906,50.075309050111564,49.303824068991645,49.686006004523996,103563600
2018-08-14,49.790462493896484,49.982739743294864,49.43676493669465,49.88778917785652,82992000
2018-08-15,49.90678024291992,50.02547026132497,49.453383503301005,49.6646515911767,115230400
2018-08-16,50.637908935546875,50.754222830238795,50.19875443815532,50.265220555731204,114001600
2018-08-17,51.649139404296875,51.73696884278252,50.59992026800946,50.66638637639826,141708000
2018-08-20,51.145896911621094,52.02894718820168,51.06281246192727,51.772579973081385,121150800
2018-08-21,51.046199798583984,51.55656903377476,50.80644727346733,51.46399096742954,104639200
2018-08-22,51.048580169677734,51.35954745376496,50.76134871716838,50.82306984796145,76072400
2018-08-23,51.15302276611328,51.52333502466654,50.941754689265245,50.95362079278084,75532800
2018-08-24,51.312068939208984,51.48772784593229,51.06281917946899,51.41651673354817,73905600
2018-08-27,51.73459243774414,51.92449714256202,51.35241053232065,51.54706022871402,82100400
2018-08-28,52.15239334106445,52.351791702590354,51.967237202200124,51.98860053619249,91107200
2018-08-29,52.93100357055664,53.05206971659021,52.08355865898254,52.25921758125528,109019200
2018-08-30,53.41762161254883,54.18435800556215,52.79331104759601,52.995085498345965,195175200
2018-08-31,54.03480911254883,54.32915798650493,53.64787856382508,53.76894105661691,173360400
2018-09-04,54.208099365234375,54.40274909041703,53.79743296109522,54.21996909019062,109560400
2018-09-05,53.854408264160156,54.51907309748186,53.434248203257766,54.357656409659185,133332000
2018-09-06,52.9594841003418,53.96834918895152,52.53219933838664,53.70248110255072,137160000
2018-09-07,52.532203674316406,53.49833855540811,52.3921503197671,52.66276342098608,150479200
2018-09-10,51.82718276977539,52.66276149578296,51.385655765808345,52.449117293915904,158066000
2018-09-11,53.13751983642578,53.24434012282994,51.40701743257789,51.75121774304983,142996000
2018-09-12,52.477603912353516,53.41050567281546,52.18562387340728,53.39626345084379,197114800
2018-09-13,53.745208740234375,54.20572653752017,52.83367037442229,53.059180658685435,166825600
2018-09-14,53.13513946533203,53.847279480539015,52.8217997421493,53.58853614432535,127997200
2018-09-17,51.720367431640625,52.92388242440264,51.57556545351566,52.73397765638318,148780400
2018-09-18,51.805809020996094,52.66275090826804,51.53994097582142,51.69898513047292,126286800
2018-09-19,51.836673736572266,52.13339876116158,51.10791895968937,51.86753429821168,108495200
2018-09-20,52.23072814941406,52.764833221395904,52.02183256217897,52.280579549870374,106435200
2018-09-21,51.66814041137695,52.54644583555684,51.58030733346659,52.40876497760596,384986800
2018-09-24,52.4111328125,52.522701711224435,51.423634686068496,51.46873746922922,110773600
2018-09-25,52.74345779418945,52.893008339135854,52.152380346091256,52.16425006939559,98217600
2018-09-26,52.32331085205078,53.11378686326382,52.16663914774575,52.46099171745834,95938800
2018-09-27,53.398643493652344,53.75234108517246,53.0639367414889,53.130406490303386,120724800
2018-09-28,53.58616638183594,53.609902210274825,53.17787246251844,53.3606524678111,91717600
2018-10-01,53.946990966796875,54.45973276414193,53.730977865677424,54.110783787237565,94403200
2018-10-02,54.426490783691406,54.59740468813785,53.79743517852857,53.94460963208403,99152800
2018-10-03,55.088783264160156,55.421113845021594,54.54518098716264,54.609274607090086,114619200
2018-10-04,54.120262145996094,55.155238988417395,53.8211610574434,54.78255068669094,128168000
2018-10-05,53.2419548034668,54.2199627966621,52.36127709476257,54.11314252871799,134322000
2018-10-08,53.11853790283203,53.36303907883118,52.27108933624933,52.74822558276078,118655600
2018-10-09,53.854408264160156,53.94936245299579,52.75771364356512,53.087671752738586,107564000
2018-10-10,51.35954284667969,53.73097062315094,51.28595561776469,53.519702543759095,167962400
2018-10-11,50.90614700317383,52.10491688602584,50.40052999940235,50.9227653439931,212497600
2018-10-12,52.724483489990234,52.90726714421123,51.47348960186273,52.323310622604204,161351600
2018-10-15,51.596923828125,52.6580128594491,51.57556049458657,52.49896867288773,123164000
2018-10-16,52.733970642089844,52.93337261415995,51.45449246345416,51.96960667852757,116736000
2018-10-17,52.5060920715332,52.850292408019996,52.06693754496358,52.769584063048576,91541600
2018-10-18,51.27883529663086,52.16188930147711,50.56194658901227,51.715613684238384,130325200
2018-10-19,52.059810638427734,52.52270094439236,51.613535050045634,51.763085618946356,132314800
2018-10-22,52.377891540527344,53.021192885007004,51.97197380000237,52.1737446112738,115168400
2018-10-23,52.87165832519531,52.995096967266804,50.965496784519516,51.23373740417521,155071200
2018-10-24,51.058074951171875,53.227728500085554,50.92751519703106,52.840801475072816,163702000
2018-10-25,52.1761360168457,52.55119693267546,51.452126135722835,51.68001257878182,119423200
2018-10-26,51.345298767089844,52.26870689490897,50.483608140162744,51.25034458633483,189033600
2018-10-29,50.38153839111328,52.15001887333617,48.92164904724457,52.031328859467095,183742000
2018-10-30,50.63315963745117,51.079431617704415,49.67651843439709,50.12279041465033,146640000
2018-10-31,51.95298767089844,52.33042100686133,51.4212551595005,51.482976278527076,153435600
2018-11-01,52.75059509277344,52.783828154946114,51.4663681507219,51.99810076761686,233292800
2018-11-02,49.2515983581543,50.71623243346293,48.76496866364267,49.74297666657079,365314800
2018-11-05,47.85343551635742,48.51810027114174,47.04159631393305,48.496736939477515,264654800
2018-11-06,48.37092971801758,48.59644002204796,47.87717882105648,47.9317752137491,127531600
2018-11-07,49.83794403076172,49.86405598285383,48.45639393296454,48.893172384203126,133697600
2018-11-08,49.66404342651367,50.052320434232975,49.24955972898359,50.01897142188709,101450400
2018-11-09,48.70644760131836,49.07328675547109,48.177624925691106,48.96371298146972,137463200
2018-11-12,46.25289535522461,47.60592010205465,46.16237505731582,47.40344163613324,204542000
2018-11-13,45.79077911376953,46.969909436344466,45.60497693614052,45.647856318931105,187531600
2018-11-14,44.49730682373047,46.326744644475866,44.290063151315046,46.18858340778887,243204000
2018-11-15,45.5954475402832,45.728843594914814,44.52112587610455,44.876057520211425,185915200
2018-11-16,46.10044860839844,46.44346911666456,45.130942788978146,45.37867780340927,147713200
2018-11-19,44.27339553833008,45.42632285764467,44.06615547692274,45.25957777175542,167701200
2018-11-20,42.158103942871094,43.227660519063384,41.80793745086848,42.48921333468925,271300800
2018-11-21,42.11046600341797,42.94181433856028,42.05567910822426,42.81317981186318,124496800
2018-11-23,41.04090881347656,42.067589699866495,40.99565228703064,41.67216302634215,94496000
2018-11-26,41.59592056274414,41.67452971595651,40.557332519490615,41.50540390567438,179994000
2018-11-27,41.50541687011719,41.631666982501585,40.705036810315356,40.8551055726236,165549600
2018-11-28,43.10141372680664,43.18478445741133,41.669779406506265,42.09855510671911,184250000
2018-11-29,42.77030944824219,43.54448657630783,42.32962255220415,43.51113755310507,167080000
2018-11-30,42.53923797607422,42.95610249446837,42.17001438997108,42.94657212714808,158126000
2018-12-03,44.02566146850586,44.05424530249469,43.165729326561774,43.939906331769016,163210000
2018-12-04,42.08901596069336,43.446802248630206,41.98896893261058,43.103781789621024,165377200
2018-12-06,41.619754791259766,41.63404670780796,40.59545836632005,40.91465661846375,172393600
2018-12-07,40.13570785522461,41.56495730195881,40.09044770784827,41.32674906083645,169126400
2018-12-10,40.400123596191406,40.51684332093949,38.90655674218161,39.304364112481025,248104000
2018-12-11,40.1690673828125,40.921802859456115,39.78078668497636,40.89083825164452,189126800
2018-12-12,40.281028747558594,40.95277432624251,40.26197164560557,40.590696658676194,142510800
2018-12-13,40.721702575683594,41.107602440425985,40.3882124553084,40.6121288081759,127594400
2018-12-14,39.41871643066406,40.27626793783712,39.371075487992435,40.257210833814284,162814800
2018-12-17,39.0518684387207,40.1023678913392,38.76363480265742,39.41156165542188,177151600
2018-12-18,39.55925750732422,39.907039619582285,39.15906563903421,39.394893184710675,135366000
2018-12-19,38.32533645629883,39.887982453808725,37.896560753379525,39.542581116790856,196189200
2018-12-20,37.35820388793945,38.61594327850283,36.99374552105858,38.2086055324049,259092000
2018-12-21,35.90513229370117,37.6750216680512,35.6431053719121,37.36535018341882,382978400
2018-12-24,34.97611999511719,36.10046329698791,34.9189487029854,35.29055301491782,148676800
2018-12-26,37.439205169677734,37.453497088822864,34.94992868990585,35.32629831140153,234330000
2018-12-27,37.196224212646484,37.343915828787566,35.74792096197973,37.12238022196103,212468400
2018-12-28,37.21527862548828,37.76077762302166,36.81509045914528,37.51780415930204,169165600
2018-12-31,37.57497787475586,37.9608741506893,37.27483309590084,37.76316082907262,140014000
2019-01-02,37.617855072021484,37.839390685649526,36.738865845414956,36.896084198987076,148158800
2019-01-03,33.87084197998047,34.71171706817353,33.82558181711259,34.297233278235176,365248800
2019-01-04,35.316768646240234,35.3858511031802,34.25436144120058,34.42825251888473,234428400
2019-01-07,35.238155364990234,35.45254503587292,34.75459276161484,35.421576790854516,219111200
2019-01-08,35.9099006652832,36.16478528700009,35.378697182298566,35.62643221113831,164101200
2019-01-09,36.519710540771484,36.81032493088937,35.64310582188923,36.038528801184015,180396400
2019-01-10,36.63642120361328,36.67691616068573,35.93608852711286,36.32674982243552,143122800
2019-01-11,36.27674865722656,36.61262330895109,36.09094643175577,36.41729434861276,108092800
2019-01-14,35.73124313354492,36.03376867647788,35.54544096003209,35.93372163187635,129756800
2019-01-15,36.46255111694336,36.538775893087994,35.74316093670541,35.79556706051702,114843600
2019-01-16,36.90800476074219,37.13192120604915,36.445879949750584,36.4649370551779,122278800
2019-01-17,37.127140045166016,37.555915645850185,36.507797106981144,36.73171345593675,119284800
2019-01-18,37.3558235168457,37.60832370736827,37.15572580295646,37.51780339953194,135004000
2019-01-22,36.51732635498047,37.3343789279958,36.355342850894715,37.25815417619096,121576000
2019-01-23,36.66501998901367,36.95563439699075,36.13619728825342,36.71980687861818,92522400
2019-01-24,36.37440490722656,36.79841536974451,36.14572698586206,36.71027946617382,101766000
2019-01-25,37.57974624633789,37.66788580339846,36.760312613511495,37.03663152428315,134142000
2019-01-28,37.23196029663086,37.239106255286785,36.603090491516575,37.1104717299393,104768400
2019-01-29,36.846065521240234,37.667887229596545,36.7102886529711,37.22005437226278,166348800
2019-01-30,39.363922119140625,39.57830813819607,38.16811541887493,38.88750551255496,244439200
2019-01-31,39.647377014160156,40.257189480346746,39.19954439409294,39.5687678648014,162958400
2019-02-01,39.666446685791016,40.25243706170224,39.52590102795281,39.77125891817062,130672400
2019-02-04,40.79316711425781,40.89083337940167,39.847479971250806,39.878448210142714,125982000
2019-02-05,41.49112319946289,41.70551286711894,41.0552051749136,41.176690108912695,144406400
2019-02-06,41.50541687011719,41.82223435574399,41.17430746758201,41.603079513914516,112958400
2019-02-07,40.71933364868164,41.43395865863458,40.576407192782746,41.06711578472044,126966800
2019-02-08,40.76716613769531,40.82697360976504,40.29109734589125,40.427460134382265,95280000
2019-02-11,40.5327262878418,40.95855893207921,40.48966665155167,40.920281266248566,83973600
2019-02-12,40.88200759887695,40.9083230404144,40.59732336325164,40.6930175371876,89134000
2019-02-13,40.71215057373047,41.262380181164986,40.649952101723166,41.00162041537065,89960800
2019-02-14,40.860469818115234,40.97051353375331,40.52076378013357,40.599710089365466,87342800
2019-02-15,40.76955795288086,41.07577192408644,40.60927436251219,40.96811920223984,98507200
2019-02-19,40.891571044921875,41.013580648024224,40.547083004759976,40.59971388249842,75891200
2019-02-20,41.15472412109375,41.46333277165954,40.90592660274059,40.953771858151704,104457600
2019-02-21,40.922664642333984,41.23605521603749,40.740851238983446,41.0996960761142,68998800
2019-02-22,41.37959671020508,41.38677331528308,40.99922203963624,41.04706729027582,75652800
2019-02-25,41.68102264404297,42.07335951698332,41.61403856698182,41.66427844995689,87493600
2019-02-26,41.7049446105957,41.93699788172937,41.42743707908519,41.55662325598342,68280800
2019-02-27,41.83413314819336,41.865234204574406,41.3221812873632,41.437014272296885,111341600
2019-02-28,41.42265319824219,41.843700132789515,41.3676313466987,41.70255537648484,112861600
2019-03-01,41.858062744140625,41.90112238101423,41.36046403267698,41.692993502073456,103544800
2019-03-04,42.06857681274414,42.52311213491494,41.6188234600239,42.03029915498957,109744800
2019-03-05,41.99202346801758,42.10446181147463,41.75518455619896,42.09010860173263,78949600
2019-03-06,41.75040817260742,41.98246149544059,41.611654375939004,41.78629120176347,83241600
2019-03-07,41.267154693603516,41.731261249287456,41.1523253722086,41.594898464214864,99185600
2019-03-08,41.36524963378906,41.40352730012009,40.549474665610056,40.745644967787186,95997600
2019-03-11,42.7982292175293,42.85086008948582,41.94896596170817,41.98245800292062,128044000
2019-03-12,43.27908706665039,43.70013042498477,42.91067093404369,43.06138695650634,129870400
2019-03-13,43.4704704284668,43.85084512569788,43.281476747208835,43.59965297928454,124130000
2019-03-14,43.953712463378906,44.04223001659465,43.67381389321422,43.99438111199851,94318000
2019-03-15,44.52546691894531,44.81493669824588,43.956102250709826,44.22164758035105,156171600
2019-03-18,44.97999954223633,45.06851342279984,44.446514323297244,44.44890895813928,104879200
2019-03-19,44.62356185913086,45.21206913671903,44.47763144499765,45.05896211618249,126585600
2019-03-20,45.01350021362305,45.33167642823351,44.19293973376268,44.55178459455299,124140800
2019-03-21,46.671356201171875,46.96800256515374,45.40822273253663,45.45846261326613,204136800
2019-03-22,45.70486831665039,47.29335453951794,45.640275228345565,46.73116287352038,169630800
2019-03-25,45.152259826660156,45.92736248979767,44.64030790519113,45.81492412687306,175381200
2019-03-26,44.68575668334961,46.142669720394025,44.157060586216474,45.85080891595458,199202000
2019-03-27,45.08766174316406,45.396266723051546,44.628340750814054,45.154645826401016,119393600
2019-03-28,45.14746856689453,45.3484208136936,44.862784392083164,45.202490423679315,83121600
2019-03-29,45.44171905517578,45.47282011048234,45.10440401800944,45.41301263511349,94256000
2019-04-01,45.75033187866211,45.8555899786877,45.06613415152161,45.84602238790681,111448000
2019-04-02,46.4153938293457,46.52065558665947,45.70488061783693,45.71444820924764,91062800
2019-04-03,46.733558654785156,47.008671557446235,46.20724999695969,46.231174445172954,93087200
2019-04-04,46.81489944458008,46.977574023468094,46.204862473032904,46.599590345608895,76457200
2019-04-05,47.12830352783203,47.15222798469051,46.872325710812824,46.99672631582962,74106400
2019-04-08,47.869911193847656,47.90100860298469,46.97040430689956,46.98954313963878,103526800
2019-04-09,47.72637176513672,48.5277935030408,47.661778660948016,47.922542062910146,143072800
2019-04-10,47.99430847167969,48.0230185461718,47.41058684524809,47.53020181294771,86781200
2019-04-11,47.594791412353516,48.08521347387526,47.47278546841466,48.04933044635173,83603200
2019-04-12,47.575645446777344,47.87946841889986,46.93929673517641,47.65459174584973,111042800
2019-04-15,47.661773681640625,47.810098707258135,47.3699129010381,47.506275701150514,70146400
2019-04-16,47.66656494140625,48.173731239669145,47.50149570083902,47.716804834328116,102785600
2019-04-17,48.59477233886719,48.654579815816376,47.513452133525476,47.73593419560427,115627200
2019-04-18,48.7693977355957,48.83877278646258,48.44883061025885,48.59236633112895,96783200
2019-04-22,48.929691314697266,49.02777645010352,48.40577724792963,48.52300121344138,77758000
2019-04-23,49.635414123535156,49.7000072127712,48.77897072124802,48.905762264708024,93292000
2019-04-24,49.558868408203125,49.87464998724384,49.53255297241984,49.606713659529454,70162400
2019-04-25,49.10911560058594,49.70240475489666,49.07083793892493,49.47992269091466,74172800
2019-04-26,48.874664306640625,49.04212448945982,48.35314127973717,49.01820004176071,74596400
2019-04-29,48.94882583618164,49.274178618619544,48.769403426389225,48.89858595528212,88818800
2019-04-30,48.006263732910156,48.65936033968653,47.63306567189509,48.57802304953885,186139600
2019-05-01,50.362674713134766,51.50858421746572,50.0540661276961,50.20956773791471,259309200
2019-05-02,50.03493118286133,50.872235817097604,49.79091931771346,50.200000394810985,127985200
2019-05-03,50.65693664550781,50.67846646268303,50.29330613721523,50.45119876388478,83569600
2019-05-06,49.87465286254883,49.960775780044735,48.68328887915453,48.872278910414465,129772400
2019-05-07,48.53017807006836,49.62106583922841,48.04454166099368,49.252653396273296,155054800
2019-05-08,48.53975296020508,49.12347459298433,48.2646399916479,48.300523022204345,105358000
2019-05-09,48.01823806762695,48.24789678600322,47.04696500995008,47.94168272792852,139634400
2019-05-10,47.35301971435547,47.754075509589086,46.293955531581744,47.410657331109206,164834800
2019-05-13,44.60087585449219,45.50384293994721,43.91164316504931,45.078778004863665,229722400
2019-05-14,45.30693054199219,45.55668620119035,44.52643906842477,44.7665902910609,146118800
2019-05-15,45.84967041015625,46.048996362171025,44.672930899784056,44.7329687046891,106178800
2019-05-16,45.6479377746582,46.22189896136479,45.35014898548038,45.60711251285755,132125600
2019-05-17,45.38858413696289,45.84487002495388,44.850644042816135,44.89146931368547,131516400
2019-05-20,43.96928787231445,44.2718807676928,43.294463501537294,44.07255480683123,154449200
2019-05-21,44.81221389770508,45.14842410077408,44.355924434207004,44.480804080096796,113459200
2019-05-22,43.894832611083984,44.59847747756857,43.83959886543886,44.34631800439947,118994400
2019-05-23,43.14556884765625,43.356899428389916,42.701287627124074,43.17918987171048,146118800
2019-05-24,42.97985076904297,43.74112945994152,42.895796402418675,43.275235651736224,94858800
2019-05-28,42.80214309692383,43.36890001918463,42.72529662605627,42.96784799476519,111792800
2019-05-29,42.5980224609375,43.07112063399836,42.266612621180826,42.36747568884229,113924800
2019-05-30,42.81895065307617,43.04228946300564,42.42750310710411,42.73489628505487,84873600
2019-05-31,42.04326629638672,42.74450725980642,42.02405376341982,42.32183886336672,108174400
2019-06-03,41.61820602416992,42.727703457706276,40.890548140562736,42.17055454799359,161584400
2019-06-04,43.14076232910156,43.18639164436824,41.911189331844724,42.132128000763274,123872000
2019-06-05,43.837188720703125,44.42556196184433,43.500978580978746,44.255053035288306,119093600
2019-06-06,44.480804443359375,44.54084224185603,43.7435385189005,43.966881034804615,90105200
2019-06-07,45.66475296020508,46.08982164511094,44.612893109722116,44.79060266707343,122737600
2019-06-10,46.24831008911133,46.918330202398096,46.017763366874256,46.063392672847336,104883600
2019-06-11,46.783851623535156,47.069632119136514,46.49327074262788,46.79585991563247,107731600
2019-06-12,46.63496398925781,47.06243284929081,46.44284228865029,46.57732637975056,73012800
2019-06-13,46.62535858154297,47.259357665071356,46.493278340137906,46.75744248736489,86698400
2019-06-14,46.2867431640625,46.49086948345839,45.70077365536565,46.000962652491786,75046000
2019-06-17,46.56291580200195,46.81987934371097,46.14985544679512,46.32516479593238,58676400
2019-06-18,47.65800476074219,48.09988208792506,46.87991722035853,47.081643348278995,106204000
2019-06-19,47.518707275390625,48.001413436154635,47.38422321657216,47.95338027422024,84496800
2019-06-20,47.90056610107422,48.17673855068916,47.55714793558098,48.11910093611504,86056000
2019-06-21,47.737247467041016,48.23436212898712,47.585951063072045,47.74205151629512,191202400
2019-06-24,47.6892204284668,48.06865972196954,47.59075756796462,47.67961232946283,72881600
2019-06-25,46.96636962890625,47.852524435135905,46.899123924956235,47.65319850922663,84281200
2019-06-26,47.98220443725586,48.267984915495376,47.39383480439476,47.494697855935286,104270000
2019-06-27,47.96780014038086,48.40727725900729,47.92697487769968,48.09988036370736,83598800
2019-06-28,47.53072738647461,47.910166740742824,47.321797004880196,47.71324098820172,124442400
2019-07-01,48.40248489379883,49.10853015107106,48.18634657138354,48.7915287439622,109012000
2019-07-02,48.685848236083984,48.7819109078006,48.35684228844312,48.36885058045973,67740800
2019-07-03,49.08930969238281,49.096513935526076,48.67624931822451,48.81793765259761,45448000
2019-07-05,49.04607391357422,49.25020388004415,48.72667240803768,48.83474336935479,69062000
2019-07-08,48.03504180908203,48.36644795781788,47.64839824854326,48.224759635887956,101354400
2019-07-09,48.32801818847656,48.39285635985033,47.74444899520279,47.838107796047254,82312000
2019-07-10,48.80592727661133,48.926002876430864,48.40487521294406,48.47452111291263,71588400
2019-07-11,48.450504302978516,49.08450332051518,48.44089986738066,48.82513958637521,80767200
2019-07-12,48.82273864746094,48.990843750978065,48.55857086735086,48.61860866606529,70380800
2019-07-15,49.28143310546875,49.43993012454427,48.9908485190662,49.01246124924694,67789600
2019-07-16,49.11091995239258,49.49756352744528,48.87076875458136,49.13253268073563,67467200
2019-07-17,48.834747314453125,49.25260805148238,48.81553477898725,49.00285241925894,56430000
2019-07-18,49.38948059082031,49.44231413077165,48.918782779730776,48.99082884915671,74162400
2019-07-19,48.6522331237793,49.59122524146757,48.59699937109666,49.42071626872984,83717200
2019-07-22,49.76412582397461,49.76652601648886,48.89717995224468,48.90678438671772,89111600
2019-07-23,50.15317153930664,50.169983880822244,49.78093647751568,50.06191658273227,73420800
2019-07-24,50.11235046386719,50.22762201382964,49.75212366387008,49.87219926386912,59966400
2019-07-25,49.716094970703125,50.24923084765101,49.64644908110747,50.16517647452962,55638400
2019-07-26,49.889015197753906,50.366913774922196,49.74492300161684,49.82657353603335,70475600
2019-07-29,50.354896545410156,50.58544328543427,50.05711143404849,50.06191548357835,86693600
2019-07-30,50.138763427734375,50.470173231130325,49.78574089744291,50.133959378063295,135742800
2019-07-31,51.16181564331055,53.162275798303426,50.74395485473696,51.973527960892554,277125600
2019-08-01,50.05470275878906,52.36015527944191,49.64885039077765,51.36832985092455,216071600
2019-08-02,48.99563980102539,49.57440130117731,48.421678685607006,49.358266726861835,163448400
2019-08-05,46.43082046508789,47.70602243044969,46.24830691812535,47.54752546322077,209572000
2019-08-06,47.30978775024414,47.56675130049792,46.5989385656129,47.1440828312082,143299200
2019-08-07,47.79969024658203,47.924569888809515,46.546104432236135,46.92794393689847,133457600
2019-08-08,48.85395812988281,48.87797471627512,47.883748868949,48.07827075971028,108038000
2019-08-09,48.451377868652344,48.878057823779244,48.041566775697305,48.52610700164048,98478800
2019-08-12,48.32843780517578,48.70690948783331,48.00782272066505,48.12112292640716,89927600
2019-08-13,50.375064849853516,51.139236082096,48.32843339655676,48.458609810927285,188874000
2019-08-14,48.875648498535156,49.76517383656183,48.83707743689404,48.97448546461343,146189600
2019-08-15,48.63218307495117,49.45179803046453,48.133179543590074,49.04681285574201,108909600
2019-08-16,49.779640197753906,49.938743078281775,49.13841005138823,49.24447863840681,110481600
2019-08-19,50.707740783691406,51.2814697754722,50.630598649274816,50.77282532147355,97654400
2019-08-20,50.710147857666016,51.43092947115553,50.700506930459206,50.83550198139012,107537200
2019-08-21,51.259769439697266,51.50324237848759,51.00906488637231,51.34414318038667,86141600
2019-08-22,51.21638107299805,51.69368603628519,50.80416064220066,51.392356495109624,89014800
2019-08-23,48.84914016723633,51.117550102338555,48.453795909930676,50.48596080860985,187272000
2019-08-26,49.77724075317383,49.94598459400002,49.4325177770276,49.62536945726033,104174400
2019-08-27,49.215553283691406,50.27382250881443,49.0636820144767,50.10748800983436,103493200
2019-08-28,49.54580307006836,49.591605744133744,49.013054556128004,49.201083876146804,63755200
2019-08-29,50.38471221923828,50.45944504062783,49.81821484810171,50.26177108180153,83962000
2019-08-30,50.31962585449219,50.73184262161653,49.94838578668579,50.66193578404583,84573600
2019-09-03,49.5867919921875,49.895353169440305,49.23001882067758,49.7627674264787,80092000
2019-09-04,50.428096771240234,50.4980035991261,49.977309001123494,50.23524514907617,76752400
2019-09-05,51.41405487060547,51.580389377293194,50.98737118105949,51.10549369351554,95654800
2019-09-06,51.40922546386719,51.688860141445595,51.228427751726834,51.5996677805248,77449200
2019-09-09,51.628604888916016,52.175820440491954,50.88130973156446,51.79011710368238,109237600
2019-09-10,52.23849105834961,52.25777659132172,51.03558582572097,51.55387119036651,127111600
2019-09-11,53.8994255065918,53.928355648485045,52.486792242405365,52.56875668637324,177158400
2019-09-12,53.77888107299805,54.58162335362419,53.72343747139483,54.191101473772115,128906800
2019-09-13,52.7326774597168,53.22444572475739,52.31563834334191,53.03400704520089,159053200
2019-09-16,53.00989532470703,53.06534261277984,52.445807264794794,52.48678764401857,84632400
2019-09-17,53.20275115966797,53.231681301298906,52.82187012019457,53.02436639825236,73274800
2019-09-18,53.701751708984375,53.72103724287658,52.89900929262635,53.289531238509916,101360000
2019-09-19,53.26542282104492,53.94039806160679,53.12319247975443,53.518536697086034,88242400
2019-09-20,52.486778259277344,53.65111592552939,52.42410304549557,53.36666263412895,221652400
2019-09-23,52.725440979003906,52.99543108561722,52.467501112026355,52.780884587682145,76662000
2019-09-24,52.4747314453125,53.63425064474858,52.356612615724195,53.28229611150563,124763200
2019-09-25,53.282291412353516,53.39559160754861,52.34455408159378,52.68445466717906,87613600
2019-09-26,53.007484436035156,53.260601997444645,52.75195756239218,53.03400158396071,75334000
2019-09-27,52.749542236328125,53.26541822760675,52.37830220769446,53.164168271914754,101408000
2019-09-30,53.99102020263672,54.138069160522186,53.22443596499704,53.25095311079078,103909600
2019-10-01,54.140472412109375,55.015534447009884,54.04645775633533,54.256185587168645,139223200
2019-10-02,52.783294677734375,53.89700748465291,52.53499575177782,53.771653365611186,138449200
2019-10-03,53.23166275024414,53.2654115051025,51.8600103593252,52.65551724932053,114426000
2019-10-04,54.72384262084961,54.839555789026036,53.971725419394645,54.39358668939967,138478800
2019-10-07,54.73591232299805,55.42776382828695,54.441814372815855,54.545473656079785,122306000
2019-10-08,54.094669342041016,54.976962984097874,54.077796803097314,54.43698288448249,111820000
2019-10-09,54.728675842285156,54.91188287761169,54.39359754238613,54.728675842285156,74770400
2019-10-10,55.46632766723633,55.550701405913,54.793761783186426,54.94562936312992,113013600
2019-10-11,56.94163513183594,57.28635431760764,56.001484875630204,56.15576543400682,166795600
2019-10-14,56.85968017578125,57.40448636193365,56.57040454046754,56.625848148304016,96427600
2019-10-15,56.72709274291992,57.288767739778834,56.6210241617373,56.985028903214996,87360000
2019-10-16,56.49808120727539,56.707809064497546,56.21603720446529,56.2570175797448,73903200
2019-10-17,56.71745300292969,56.92717719294954,56.29318232014836,56.671650322732425,67585200
2019-10-18,56.98986053466797,57.271904574434195,56.4788030760689,56.55112290947193,97433600
2019-10-21,57.97822189331055,58.093935103206974,57.209231876534595,57.2574438748216,87247200
2019-10-22,57.84562683105469,58.38560697598513,57.763662406194435,58.13490243417298,82293600
2019-10-23,58.62185287475586,58.6363197826314,58.149370210984436,58.36150738642255,75828800
2019-10-24,58.71828079223633,59.012378721892325,58.29159712735194,58.94246820770864,69275200
2019-10-25,59.441463470458984,59.47762153945266,58.54952887800799,58.617026392355285,73477200
2019-10-28,60.036903381347656,60.08511537617219,59.47522462971029,59.64396845076586,96572800
2019-10-29,58.64836502075195,60.20563758537324,58.47480260277576,60.0176082607551,142839600
2019-10-30,58.641143798828125,59.1329157183175,58.14696624531369,59.00273928384229,124522000
2019-10-31,59.96699142456055,60.06582840250185,57.194759487710684,59.60057733000732,139162000
2019-11-01,61.66889572143555,61.69540918786586,60.0634111636055,60.155012835985374,151125200
2019-11-04,62.073883056640625,62.15825679620855,61.56282935184472,62.03289900370376,103272000
2019-11-05,61.98468017578125,62.2402069848228,61.78941926239435,61.965390969432804,79897600
2019-11-06,62.01120376586914,62.07146967136596,61.560415969821406,61.89790356926801,75864400
2019-11-07,62.72688674926758,62.94933434483692,62.407725695140925,62.56005289728155,94940400
2019-11-08,62.89858627319336,62.97111955148371,62.103103553697196,62.547991544334,69986400
2019-11-11,63.39665985107422,63.46193979335648,62.44884998715441,62.45368307884593,81821200
2019-11-12,63.338626861572266,63.53931454082559,63.08717327183791,63.23949313957916,87388800
2019-11-13,63.94551086425781,64.02046436431246,63.12343521997853,63.13794187297198,102734400
2019-11-14,63.503028869628906,64.04463013595388,63.37246164336705,63.771409268249776,89182800
2019-11-15,64.25740814208984,64.26224123270798,63.59249293326446,63.75448632476118,100206400
2019-11-18,64.5814208984375,64.66120749981279,63.88749218857549,64.26709282741318,86703200
2019-11-19,64.38555908203125,64.79901340749508,64.16795193066947,64.77483319539606,76167200
2019-11-20,63.63601303100586,64.33477463328865,62.96142426063342,64.20421477742119,106234400
2019-11-21,63.35071563720703,63.8342904112691,63.1500279738626,63.75691667651546,121395200
2019-11-22,63.29509353637695,63.633594357835975,63.06781283223349,63.49094070374841,65325200
2019-11-25,64.40489959716797,64.42182648371684,63.47401676092239,63.5199569508323,84020400
2019-11-26,63.901973724365234,64.59590216145331,63.469172349717184,64.54270865519062,105207600
2019-11-27,64.76033020019531,64.79418397479826,64.14860843125285,64.2138883667176,65235600
2019-11-29,64.61767578125,64.79901631197382,64.29126135019413,64.46051546370906,46617600
2019-12-02,63.87054443359375,64.85945376585823,63.698877488748295,64.62249951699418,94487200
2019-12-03,62.73173904418945,62.75107878804116,61.96769003365425,62.456097887636844,114430400
2019-12-04,63.28541946411133,63.66502737953128,63.029125460025554,63.12342606957862,67181600
2019-12-05,64.21387481689453,64.28883567644561,63.52478684054282,63.78108081589941,74424400
2019-12-06,65.4542465209961,65.5243669132671,64.62975083416347,64.67327816174495,106075600
2019-12-09,64.53787994384766,65.47600862349609,64.05188502996313,65.28258170328826,128042400
2019-12-10,64.91505432128906,65.29949522720841,64.28156542288224,64.94406761550749,90420400
2019-12-11,65.46875762939453,65.54855158642515,64.91990300522136,64.99485649287783,78756800
2019-12-12,65.6355972290039,65.90156481108771,64.63460135668024,64.74582148054621,137310400
2019-12-13,66.52781677246094,66.56408341496014,65.5074734171341,65.63562047314295,133587600
2019-12-16,67.66659545898438,67.89146327320036,66.97025417939861,66.97508726941703,128186000
2019-12-17,67.79959106445312,68.12841831556894,67.41030959763874,67.59649057780555,114158400
2019-12-18,67.63758850097656,68.15985004368967,67.48768152995748,67.65209515115492,116028400
2019-12-19,67.70529174804688,67.98576596222193,67.4465848888958,67.57956498118126,98369200
2019-12-20,67.5650634765625,68.34119887066039,67.35228940968788,68.23965230704795,275978000
2019-12-23,68.66761016845703,68.72805700839405,67.78992087196913,67.82860773498058,98572000
2019-12-24,68.73290252685547,68.88281691516765,68.40649543518947,68.83445648296811,48478800
2019-12-26,70.09659576416016,70.11352265541711,68.83688530109183,68.86589861252266,93121200
2019-12-27,70.06998443603516,71.07824112439688,69.66378338150392,70.38914556978074,146266000
2019-12-30,70.4858627319336,70.76875724678601,68.96260500854218,69.98778126028415,144114400
