Date,Close AMD,High AMD,Low AMD,Open AMD,Volume AMD
2020-01-02,49.099998474121094,49.25,46.630001068115234,46.86000061035156,80331100
2020-01-03,48.599998474121094,49.38999938964844,47.540000915527344,48.029998779296875,73127400
2020-01-06,48.38999938964844,48.86000061035156,47.86000061035156,48.02000045776367,47934900
2020-01-07,48.25,49.38999938964844,48.040000915527344,49.349998474121094,58061400
2020-01-08,47.83000183105469,48.29999923706055,47.13999938964844,47.849998474121094,53767000
2020-01-09,48.970001220703125,49.959999084472656,48.38999938964844,48.939998626708984,76512800
2020-01-10,48.16999816894531,49.290000915527344,48.0,49.2599983215332,44133700
2020-01-13,48.75,48.86000061035156,48.2400016784668,48.65999984741211,34266800
2020-01-14,48.209999084472656,49.040000915527344,47.90999984741211,48.63999938964844,38563200
2020-01-15,48.54999923706055,49.08000183105469,48.119998931884766,48.22999954223633,40199900
2020-01-16,49.77000045776367,50.310001373291016,48.9900016784668,49.16999816894531,58898900
2020-01-17,50.93000030517578,51.04999923706055,49.900001525878906,50.20000076293945,57722500
2020-01-21,51.04999923706055,51.810001373291016,50.70000076293945,50.959999084472656,49095000
2020-01-22,51.43000030517578,51.880001068115234,51.20000076293945,51.630001068115234,40772200
2020-01-23,51.709999084472656,51.75,50.7400016784668,51.34000015258789,40135400
2020-01-24,50.349998474121094,52.810001373291016,49.470001220703125,52.279998779296875,80004900
2020-01-27,49.2599983215332,49.790000915527344,47.900001525878906,48.45000076293945,48878600
2020-01-28,50.529998779296875,50.849998474121094,49.47999954223633,50.029998779296875,62343800
2020-01-29,47.5099983215332,48.06999969482422,46.099998474121094,47.84000015258789,112349900
2020-01-30,48.779998779296875,48.810001373291016,46.130001068115234,46.4900016784668,70460200
2020-01-31,47.0,48.58000183105469,46.790000915527344,48.400001525878906,60322400
2020-02-03,48.02000045776367,48.099998474121094,46.22999954223633,46.400001525878906,46983500
2020-02-04,49.45000076293945,49.75,48.61000061035156,49.209999084472656,46302100
2020-02-05,49.84000015258789,50.41999816894531,49.310001373291016,50.290000915527344,42737100
2020-02-06,49.31999969482422,49.38999938964844,47.630001068115234,48.79999923706055,48670600
2020-02-07,49.72999954223633,50.66999816894531,48.63999938964844,48.90999984741211,53107600
2020-02-10,52.2599983215332,52.29999923706055,49.349998474121094,49.470001220703125,60971700
2020-02-11,53.79999923706055,54.47999954223633,52.90999984741211,53.220001220703125,74719100
2020-02-12,53.88999938964844,54.849998474121094,53.529998779296875,54.529998779296875,45994900
2020-02-13,54.529998779296875,55.029998779296875,53.34000015258789,53.43000030517578,51640000
2020-02-14,55.310001373291016,55.400001525878906,54.560001373291016,55.189998626708984,52365400
2020-02-18,56.88999938964844,58.130001068115234,54.84000015258789,54.939998626708984,70133200
2020-02-19,58.900001525878906,59.27000045776367,57.5099983215332,57.9900016784668,58597300
2020-02-20,57.27000045776367,59.02000045776367,56.150001525878906,58.439998626708984,74203400
2020-02-21,53.279998779296875,56.79999923706055,52.88999938964844,56.709999084472656,88271100
2020-02-24,49.119998931884766,50.279998779296875,47.4900016784668,48.18000030517578,86624100
2020-02-25,47.56999969482422,51.2400016784668,47.119998931884766,51.13999938964844,88699400
2020-02-26,47.4900016784668,49.290000915527344,47.06999969482422,47.70000076293945,86378400
2020-02-27,44.0099983215332,46.2400016784668,42.209999084472656,45.380001068115234,106416200
2020-02-28,45.47999954223633,46.150001525878906,41.040000915527344,41.36000061035156,100331800
2020-03-02,47.459999084472656,47.68000030517578,44.65999984741211,47.41999816894531,102324700
2020-03-03,46.75,50.20000076293945,45.66999816894531,49.029998779296875,141972300
2020-03-04,50.11000061035156,50.13999938964844,47.209999084472656,48.25,93311800
2020-03-05,48.11000061035156,49.720001220703125,47.5099983215332,48.68000030517578,98302700
2020-03-06,48.59000015258789,49.540000915527344,46.7400016784668,49.439998626708984,124590900
2020-03-09,43.27000045776367,46.34000015258789,42.5099983215332,43.029998779296875,80859800
2020-03-10,45.380001068115234,45.439998626708984,43.099998474121094,45.40999984741211,76228200
2020-03-11,45.70000076293945,45.970001220703125,43.79999923706055,44.189998626708984,101601100
2020-03-12,39.0099983215332,42.5,39.0,42.0,107461500
2020-03-13,43.900001525878906,43.90999984741211,39.599998474121094,42.20000076293945,86689700
2020-03-16,38.709999084472656,43.369998931884766,38.5099983215332,39.08000183105469,84545900
2020-03-17,41.880001068115234,42.880001068115234,38.29999923706055,40.189998626708984,92741900
2020-03-18,39.119998931884766,41.95000076293945,36.75,39.540000915527344,106949300
2020-03-19,39.81999969482422,41.70000076293945,37.689998626708984,39.560001373291016,88939000
2020-03-20,39.61000061035156,42.47999954223633,39.58000183105469,41.5099983215332,106859500
2020-03-23,41.63999938964844,42.31999969482422,38.95000076293945,40.619998931884766,101704700
2020-03-24,46.220001220703125,46.810001373291016,43.9900016784668,44.040000915527344,106794200
2020-03-25,44.630001068115234,47.880001068115234,44.43000030517578,46.790000915527344,93760400
2020-03-26,47.5,47.5,45.400001525878906,45.779998779296875,73680200
2020-03-27,46.58000183105469,47.97999954223633,45.900001525878906,46.31999969482422,74599200
2020-03-30,47.86000061035156,48.459999084472656,46.65999984741211,47.2400016784668,68486600
2020-03-31,45.47999954223633,48.529998779296875,45.15999984741211,47.93000030517578,83483700
2020-04-01,43.65999984741211,46.849998474121094,43.15999984741211,44.18000030517578,92083100
2020-04-02,44.4900016784668,45.279998779296875,43.099998474121094,43.400001525878906,79024100
2020-04-03,42.59000015258789,44.84000015258789,41.70000076293945,44.29999923706055,79335000
2020-04-06,47.52000045776367,47.58000183105469,44.060001373291016,44.29999923706055,82294000
2020-04-07,47.560001373291016,49.650001525878906,46.68000030517578,48.959999084472656,102098700
2020-04-08,48.790000915527344,49.0,47.61000061035156,48.06999969482422,64930800
2020-04-09,48.380001068115234,50.25,47.720001220703125,49.650001525878906,80270100
2020-04-13,50.939998626708984,51.06999969482422,48.22999954223633,48.470001220703125,64290100
2020-04-14,54.93000030517578,55.13999938964844,52.11000061035156,52.2400016784668,85306800
2020-04-15,54.9900016784668,55.56999969482422,53.40999984741211,53.72999954223633,83814000
2020-04-16,56.95000076293945,58.08000183105469,55.630001068115234,55.959999084472656,103106500
2020-04-17,56.599998474121094,57.7599983215332,55.54999923706055,57.349998474121094,76908800
2020-04-20,56.970001220703125,58.630001068115234,55.849998474121094,55.97999954223633,72367300
2020-04-21,52.91999816894531,57.72999954223633,51.40999984741211,56.900001525878906,123906400
2020-04-22,55.91999816894531,56.150001525878906,54.34000015258789,54.90999984741211,63041600
2020-04-23,55.900001525878906,57.290000915527344,55.63999938964844,56.650001525878906,69662700
2020-04-24,56.18000030517578,56.779998779296875,54.41999816894531,55.099998474121094,72761000
2020-04-27,56.4900016784668,58.0,56.25,57.439998626708984,62568100
2020-04-28,55.5099983215332,57.349998474121094,55.29999923706055,57.15999984741211,80501800
2020-04-29,53.65999984741211,54.86000061035156,52.7400016784668,54.529998779296875,110800900
2020-04-30,52.38999938964844,54.290000915527344,52.029998779296875,53.43000030517578,65543900
2020-05-01,49.880001068115234,51.95000076293945,49.09000015258789,51.06999969482422,69562700
2020-05-04,52.560001373291016,52.61000061035156,49.72999954223633,49.81999969482422,62590600
2020-05-05,52.189998626708984,53.5099983215332,51.290000915527344,53.43000030517578,56560500
2020-05-06,52.15999984741211,53.310001373291016,51.880001068115234,52.41999816894531,48138100
2020-05-07,51.95000076293945,52.970001220703125,51.619998931884766,52.93000030517578,48956600
2020-05-08,53.189998626708984,53.27000045776367,51.810001373291016,52.150001525878906,40686100
2020-05-11,55.7400016784668,55.88999938964844,52.75,52.900001525878906,68746400
2020-05-12,53.7599983215332,56.58000183105469,53.75,56.209999084472656,55631100
2020-05-13,52.18000030517578,55.220001220703125,51.29999923706055,54.040000915527344,76824700
2020-05-14,54.5099983215332,54.540000915527344,51.61000061035156,52.099998474121094,73814000
2020-05-15,54.20000076293945,54.439998626708984,52.86000061035156,53.31999969482422,66950900
2020-05-18,54.59000015258789,55.25,54.2400016784668,54.97999954223633,48569200
2020-05-19,55.470001220703125,56.72999954223633,54.36000061035156,54.38999938964844,60388500
2020-05-20,56.38999938964844,56.97999954223633,55.630001068115234,56.54999923706055,50888200
2020-05-21,54.650001525878906,56.720001220703125,54.61000061035156,56.68000030517578,48496100
2020-05-22,55.16999816894531,55.369998931884766,53.779998779296875,54.77000045776367,43524100
2020-05-26,53.189998626708984,56.08000183105469,53.02000045776367,56.0099983215332,51618900
2020-05-27,52.7400016784668,53.279998779296875,49.09000015258789,53.27000045776367,102414500
2020-05-28,51.7400016784668,53.540000915527344,51.25,52.25,53670200
2020-05-29,53.79999923706055,53.79999923706055,51.849998474121094,52.06999969482422,64666700
2020-06-01,53.630001068115234,54.11000061035156,52.88999938964844,53.310001373291016,36864400
2020-06-02,53.540000915527344,53.56999969482422,52.0099983215332,53.45000076293945,42855200
2020-06-03,52.72999954223633,53.650001525878906,52.33000183105469,53.599998474121094,46765300
2020-06-04,52.630001068115234,53.7400016784668,52.20000076293945,52.59000015258789,44869100
2020-06-05,53.099998474121094,53.56999969482422,52.08000183105469,52.9900016784668,53908300
2020-06-08,52.970001220703125,53.349998474121094,52.2599983215332,53.29999923706055,39681700
2020-06-09,56.38999938964844,56.459999084472656,52.720001220703125,52.95000076293945,79919100
2020-06-10,57.439998626708984,59.0,57.029998779296875,57.20000076293945,78719400
2020-06-11,52.83000183105469,56.68000030517578,52.79999923706055,55.939998626708984,78715400
2020-06-12,53.5,55.599998474121094,52.11000061035156,55.0099983215332,71189100
2020-06-15,54.68000030517578,54.72999954223633,52.40999984741211,52.58000183105469,56740700
2020-06-16,54.459999084472656,56.06999969482422,53.59000015258789,55.720001220703125,50949700
2020-06-17,54.54999923706055,55.81999969482422,54.29999923706055,54.790000915527344,45146500
2020-06-18,54.040000915527344,55.119998931884766,53.650001525878906,54.619998931884766,40354700
2020-06-19,54.22999954223633,55.459999084472656,53.81999969482422,54.40999984741211,52801500
2020-06-22,54.7599983215332,55.16999816894531,53.7400016784668,54.66999816894531,44704800
2020-06-23,53.9900016784668,55.369998931884766,53.869998931884766,55.04999923706055,48089000
2020-06-24,52.38999938964844,54.7400016784668,51.91999816894531,53.939998626708984,53535500
2020-06-25,51.93000030517578,52.70000076293945,50.540000915527344,52.560001373291016,51129600
2020-06-26,50.099998474121094,51.95000076293945,49.45000076293945,51.849998474121094,65485700
2020-06-29,50.279998779296875,50.279998779296875,48.41999816894531,50.150001525878906,49905800
2020-06-30,52.61000061035156,52.77000045776367,50.81999969482422,51.15999984741211,42275700
2020-07-01,52.58000183105469,52.869998931884766,51.599998474121094,52.630001068115234,32370900
2020-07-02,52.34000015258789,53.189998626708984,52.04999923706055,53.029998779296875,29081400
2020-07-06,53.400001525878906,53.52000045776367,52.33000183105469,52.900001525878906,36769400
2020-07-07,52.93000030517578,54.16999816894531,52.86000061035156,53.279998779296875,32153100
2020-07-08,53.43000030517578,53.470001220703125,52.06999969482422,53.0099983215332,35608300
2020-07-09,57.2599983215332,57.58000183105469,53.310001373291016,53.52000045776367,87216300
2020-07-10,55.880001068115234,58.150001525878906,55.5099983215332,57.540000915527344,59839700
2020-07-13,53.59000015258789,58.349998474121094,53.380001068115234,56.68000030517578,57741800
2020-07-14,54.720001220703125,54.86000061035156,52.2599983215332,53.29999923706055,54890100
2020-07-15,55.34000015258789,55.369998931884766,53.59000015258789,54.959999084472656,42360300
2020-07-16,54.91999816894531,55.150001525878906,53.7400016784668,54.68000030517578,36887100
2020-07-17,55.040000915527344,55.810001373291016,54.68000030517578,55.310001373291016,34710400
2020-07-20,57.459999084472656,57.529998779296875,54.83000183105469,55.22999954223633,45034300
2020-07-21,57.0,58.5,56.31999969482422,57.810001373291016,44741000
2020-07-22,61.790000915527344,62.0,56.970001220703125,57.06999969482422,135159400
2020-07-23,59.56999969482422,62.33000183105469,58.630001068115234,61.630001068115234,106829100
2020-07-24,69.4000015258789,69.94000244140625,64.05000305175781,64.18000030517578,205314500
2020-07-27,68.97000122070312,71.62999725341797,67.79000091552734,69.27999877929688,107918100
2020-07-28,67.61000061035156,69.80000305175781,67.0199966430664,68.0999984741211,94181400
2020-07-29,76.08999633789062,77.19000244140625,73.9000015258789,75.5,132969700
2020-07-30,78.19999694824219,78.95999908447266,75.06999969482422,75.37000274658203,80286900
2020-07-31,77.43000030517578,78.95999908447266,75.36000061035156,78.66999816894531,71621600
2020-08-03,77.66999816894531,78.5,77.05999755859375,78.19000244140625,42628800
2020-08-04,85.04000091552734,85.80999755859375,77.98999786376953,78.02999877929688,155676100
2020-08-05,85.30999755859375,86.31999969482422,83.31999969482422,84.95999908447266,65642600
2020-08-06,86.70999908447266,86.9800033569336,84.77999877929688,85.48999786376953,53961700
2020-08-07,84.8499984741211,87.29000091552734,82.66999816894531,86.66999816894531,66543200
2020-08-10,82.23999786376953,85.16000366210938,79.31999969482422,85.05000305175781,70536100
2020-08-11,76.87999725341797,80.70999908447266,76.0999984741211,80.70999908447266,77877700
2020-08-12,82.61000061035156,82.87999725341797,77.55000305175781,78.43000030517578,88513700
2020-08-13,81.83999633789062,84.0199966430664,81.54000091552734,82.87999725341797,57407400
2020-08-14,81.30000305175781,83.23999786376953,80.87999725341797,81.80999755859375,42389500
2020-08-17,82.41999816894531,83.05999755859375,81.55000305175781,82.08999633789062,31450200
2020-08-18,81.66000366210938,82.87999725341797,81.02999877929688,82.80000305175781,30970500
2020-08-19,81.08999633789062,81.8499984741211,80.44999694824219,81.77999877929688,37507400
2020-08-20,82.7699966430664,82.83999633789062,79.12000274658203,79.73999786376953,42948900
2020-08-21,83.80999755859375,84.41000366210938,82.2300033569336,83.29000091552734,48280300
2020-08-24,83.08000183105469,85.33000183105469,82.55000305175781,84.55000305175781,38036100
2020-08-25,86.3499984741211,86.62000274658203,82.3499984741211,83.36000061035156,49234400
2020-08-26,86.0199966430664,87.72000122070312,85.19999694824219,86.97000122070312,47157300
2020-08-27,83.80000305175781,86.58000183105469,82.94000244140625,86.3499984741211,42194200
2020-08-28,85.55000305175781,86.04000091552734,84.19000244140625,84.30000305175781,40723300
2020-08-31,90.81999969482422,92.63999938964844,85.05000305175781,85.05000305175781,90655900
2020-09-01,92.18000030517578,92.51000213623047,90.19000244140625,91.91999816894531,55825600
2020-09-02,90.22000122070312,94.27999877929688,88.73999786376953,94.01000213623047,50366900
2020-09-03,82.54000091552734,88.47000122070312,81.58999633789062,87.83999633789062,87462700
2020-09-04,82.01000213623047,84.38999938964844,76.33000183105469,81.44999694824219,82267800
2020-09-08,78.69000244140625,81.87999725341797,78.0,78.05000305175781,54955700
2020-09-09,81.91000366210938,82.44000244140625,79.27999877929688,81.4000015258789,54163900
2020-09-10,78.9800033569336,83.30999755859375,78.37999725341797,83.06999969482422,51499400
2020-09-11,76.33999633789062,79.98999786376953,75.04000091552734,79.81999969482422,54763000
2020-09-14,77.9000015258789,78.81999969482422,76.26000213623047,76.80000305175781,47448700
2020-09-15,78.93000030517578,80.33000183105469,75.97000122070312,77.66000366210938,57874400
2020-09-16,76.66000366210938,79.72000122070312,76.54000091552734,79.3499984741211,38393500
2020-09-17,76.55000305175781,76.62999725341797,74.19999694824219,74.87999725341797,55619100
2020-09-18,74.93000030517578,77.4000015258789,73.8499984741211,77.0,51082900
2020-09-21,77.94000244140625,77.9800033569336,73.87999725341797,74.2300033569336,61312000
2020-09-22,77.69999694824219,78.79000091552734,75.2699966430664,78.36000061035156,56044700
2020-09-23,74.7300033569336,77.91000366210938,74.33999633789062,77.38999938964844,42327500
2020-09-24,75.81999969482422,77.25,73.9000015258789,74.54000091552734,57540900
2020-09-25,78.05999755859375,78.19999694824219,74.66999816894531,76.3499984741211,48206200
2020-09-28,79.4800033569336,79.56999969482422,77.5199966430664,79.12000274658203,48005500
2020-09-29,81.7699966430664,82.55000305175781,79.30000305175781,79.30000305175781,61568900
2020-09-30,81.98999786376953,82.94000244140625,80.66000366210938,81.75,51533700
2020-10-01,84.86000061035156,85.25,82.86000061035156,83.05999755859375,52177100
2020-10-02,81.80000305175781,84.6500015258789,81.66000366210938,82.58000183105469,52855100
2020-10-05,86.1500015258789,86.27999877929688,82.55000305175781,82.55000305175781,47056500
2020-10-06,84.4800033569336,87.25,83.54000091552734,86.20999908447266,52725400
2020-10-07,86.69000244140625,87.79000091552734,85.6500015258789,86.0999984741211,43045700
2020-10-08,86.51000213623047,88.72000122070312,85.94999694824219,88.11000061035156,54240700
2020-10-09,83.0999984741211,85.75,82.3499984741211,84.73999786376953,80354400
2020-10-12,84.29000091552734,85.12999725341797,83.12000274658203,83.6500015258789,47669700
2020-10-13,85.27999877929688,86.08999633789062,83.97000122070312,84.86000061035156,42764100
2020-10-14,84.20999908447266,85.95999908447266,83.45999908447266,85.86000061035156,40403000
2020-10-15,83.12999725341797,84.72000122070312,82.41999816894531,83.4000015258789,33696400
2020-10-16,83.16999816894531,83.98999786376953,82.41000366210938,83.54000091552734,31474300
2020-10-19,82.0,84.6500015258789,81.52999877929688,83.62000274658203,36689100
2020-10-20,81.55999755859375,82.69000244140625,80.58000183105469,82.16000366210938,38219400
2020-10-21,79.19999694824219,81.93000030517578,79.19000244140625,81.72000122070312,36426400
2020-10-22,79.41999816894531,80.81999969482422,78.41999816894531,79.6500015258789,38006800
2020-10-23,81.95999908447266,81.98999786376953,79.33000183105469,80.93000030517578,46557700
2020-10-26,82.2300033569336,84.97000122070312,80.86000061035156,82.55000305175781,69423700
2020-10-27,78.87999725341797,82.37000274658203,77.56999969482422,82.0,156669500
2020-10-28,76.4000015258789,78.95999908447266,75.76000213623047,78.7300033569336,76529900
2020-10-29,78.0199966430664,79.18000030517578,76.29000091552734,76.75,52784100
2020-10-30,75.29000091552734,77.69999694824219,74.2300033569336,77.08999633789062,51349000
2020-11-02,74.69999694824219,76.33999633789062,73.76000213623047,75.8499984741211,45760700
2020-11-03,76.58000183105469,77.08000183105469,74.5999984741211,74.93000030517578,41231800
2020-11-04,81.3499984741211,81.8499984741211,78.97000122070312,80.25,66579700
2020-11-05,83.0,83.5,81.8499984741211,83.2699966430664,46542300
2020-11-06,85.87999725341797,86.08999633789062,82.66999816894531,83.5199966430664,53829900
2020-11-09,83.12000274658203,87.05000305175781,82.7699966430664,84.23999786376953,58580700
2020-11-10,77.98999786376953,82.12999725341797,77.62999725341797,81.93000030517578,67137200
2020-11-11,81.27999877929688,81.47000122070312,78.97000122070312,79.38999938964844,44611300
2020-11-12,81.83999633789062,83.0,80.30000305175781,81.31999969482422,37242600
2020-11-13,81.43000030517578,83.11000061035156,80.69999694824219,82.7300033569336,30423200
2020-11-16,83.7300033569336,83.77999877929688,80.4800033569336,81.20999908447266,38640800
2020-11-17,83.36000061035156,84.80999755859375,82.91000366210938,83.93000030517578,29473500
2020-11-18,82.54000091552734,83.95999908447266,82.22000122070312,83.01000213623047,29968000
2020-11-19,85.54000091552734,85.63999938964844,81.72000122070312,82.38999938964844,50116800
2020-11-20,84.63999938964844,86.0999984741211,84.47000122070312,85.27999877929688,35008400
2020-11-23,85.30999755859375,87.54000091552734,84.62000274658203,85.5199966430664,46505000
2020-11-24,85.06999969482422,86.11000061035156,83.31999969482422,85.72000122070312,36839200
2020-11-25,86.70999908447266,87.83999633789062,85.5199966430664,85.76000213623047,41349700
2020-11-27,87.19000244140625,88.0,86.36000061035156,87.98999786376953,22717600
2020-11-30,92.66000366210938,92.73999786376953,86.52999877929688,87.33000183105469,84483000
2020-12-01,92.62999725341797,93.9000015258789,90.77999877929688,92.25,58583600
2020-12-02,93.73999786376953,96.37000274658203,92.52999877929688,92.88999938964844,57988800
2020-12-03,92.30999755859375,94.69999694824219,92.01000213623047,94.05999755859375,35859700
2020-12-04,94.04000091552734,94.58000183105469,90.62999725341797,92.58000183105469,45570300
2020-12-07,94.06999969482422,95.0,92.97000122070312,94.94999694824219,39815700
2020-12-08,92.91999816894531,94.73999786376953,91.9000015258789,94.05000305175781,33907500
2020-12-09,89.83000183105469,94.69999694824219,89.16000366210938,92.76000213623047,52170400
2020-12-10,91.66000366210938,92.08999633789062,89.02999877929688,89.55000305175781,33804400
2020-12-11,91.6500015258789,92.33000183105469,90.16000366210938,91.54000091552734,28368100
2020-12-14,94.77999877929688,95.41000366210938,91.8499984741211,92.20999908447266,48026400
2020-12-15,97.12000274658203,97.9800033569336,95.44999694824219,95.93000030517578,57232700
2020-12-16,96.8499984741211,97.2699966430664,95.45999908447266,97.04000091552734,34909000
2020-12-17,96.83999633789062,97.91999816894531,96.25,97.55000305175781,32023700
2020-12-18,95.91999816894531,97.68000030517578,93.55999755859375,97.2699966430664,51823100
2020-12-21,93.2300033569336,95.27999877929688,91.08000183105469,94.25,47093900
2020-12-22,93.16000366210938,93.55000305175781,90.52999877929688,93.36000061035156,35673700
2020-12-23,91.55000305175781,93.12999725341797,91.45999908447266,93.08000183105469,25993300
2020-12-24,91.80999755859375,92.51000213623047,91.30999755859375,91.80000305175781,16705900
2020-12-28,91.5999984741211,93.13999938964844,90.81999969482422,92.93000030517578,30627300
2020-12-29,90.62000274658203,92.45999908447266,89.43000030517578,91.66000366210938,31748200
2020-12-30,92.29000091552734,92.8499984741211,90.19000244140625,90.77999877929688,25845000
2020-12-31,91.70999908447266,92.30000305175781,90.87000274658203,92.0999984741211,24930700
2021-01-04,92.30000305175781,96.05999755859375,90.91999816894531,92.11000061035156,51802600
2021-01-05,92.7699966430664,93.20999908447266,91.41000366210938,92.0999984741211,34208000
2021-01-06,90.33000183105469,92.27999877929688,89.45999908447266,91.62000274658203,51911700
2021-01-07,95.16000366210938,95.51000213623047,91.19999694824219,91.33000183105469,42897200
2021-01-08,94.58000183105469,96.4000015258789,93.2699966430664,95.9800033569336,39816400
2021-01-11,97.25,99.2300033569336,93.76000213623047,94.02999877929688,48600200
2021-01-12,95.36000061035156,98.97000122070312,94.06999969482422,97.86000061035156,67672300
2021-01-13,91.77999877929688,93.88999938964844,90.83999633789062,93.01000213623047,60712900
2021-01-14,90.79000091552734,92.36000061035156,90.44999694824219,91.7699966430664,53408200
2021-01-15,88.20999908447266,91.58999633789062,87.86000061035156,90.75,49340300
2021-01-19,89.44999694824219,89.58000183105469,87.23999786376953,89.55999755859375,45115100
2021-01-20,88.75,90.77999877929688,88.5999984741211,90.55000305175781,35185800
2021-01-21,91.52999877929688,92.06999969482422,88.43000030517578,89.33999633789062,54221900
2021-01-22,92.79000091552734,95.94999694824219,91.87999725341797,94.41999816894531,71294700
2021-01-25,94.12999725341797,95.73999786376953,91.4000015258789,94.13999938964844,55086900
2021-01-26,94.70999908447266,95.72000122070312,93.62999725341797,94.91000366210938,59449100
2021-01-27,88.83999633789062,91.87999725341797,86.22000122070312,91.0999984741211,73341200
2021-01-28,87.5199966430664,89.87999725341797,87.30000305175781,89.83000183105469,47048400
2021-01-29,85.63999938964844,88.33000183105469,85.0199966430664,87.55999755859375,56735800
2021-02-01,87.66000366210938,87.94999694824219,84.66000366210938,86.83000183105469,42359300
2021-02-02,88.86000061035156,89.27999877929688,86.94999694824219,88.48999786376953,33850000
2021-02-03,87.88999938964844,89.4800033569336,87.33999633789062,88.5999984741211,32312900
2021-02-04,87.83999633789062,88.5999984741211,87.05999755859375,88.22000122070312,30791600
2021-02-05,87.9000015258789,88.36000061035156,86.87999725341797,88.1500015258789,30268700
2021-02-08,91.47000122070312,91.98999786376953,87.9800033569336,88.30999755859375,47639900
2021-02-09,90.91000366210938,93.30000305175781,90.55000305175781,91.38999938964844,37596400
2021-02-10,92.3499984741211,93.2699966430664,90.45999908447266,91.5,42441300
2021-02-11,92.66000366210938,93.6500015258789,91.33000183105469,92.9000015258789,35571000
2021-02-12,93.7699966430664,94.22000122070312,91.9000015258789,92.75,38538400
2021-02-16,91.45999908447266,94.0,90.75,93.9000015258789,35105900
2021-02-17,89.94000244140625,90.95999908447266,88.56999969482422,90.55999755859375,32245500
2021-02-18,88.63999938964844,89.5999984741211,87.30999755859375,89.08999633789062,35624900
2021-02-19,89.58000183105469,90.41999816894531,88.69000244140625,89.75,29548300
2021-02-22,85.37000274658203,88.30000305175781,85.20999908447266,88.1500015258789,36930200
2021-02-23,84.73999786376953,85.11000061035156,79.36000061035156,83.4000015258789,49720900
2021-02-24,86.94000244140625,87.08999633789062,82.80999755859375,84.33000183105469,40821200
2021-02-25,82.41999816894531,87.08999633789062,81.91999816894531,86.16999816894531,54625100
2021-02-26,84.51000213623047,85.58999633789062,82.91000366210938,83.56999969482422,48962900
2021-03-01,86.38999938964844,86.5,83.97000122070312,85.37000274658203,32746200
2021-03-02,84.12999725341797,86.94999694824219,84.04000091552734,86.91999816894531,34828200
2021-03-03,80.86000061035156,84.37999725341797,80.8499984741211,84.27999877929688,43541000
2021-03-04,77.75,81.80999755859375,76.77999877929688,80.2300033569336,60549400
2021-03-05,78.5199966430664,79.4800033569336,74.19999694824219,79.0,58548900
2021-03-08,73.95999908447266,79.0,73.86000061035156,78.02999877929688,54563900
2021-03-09,78.52999877929688,79.22000122070312,75.7699966430664,76.7300033569336,45088300
2021-03-10,77.5199966430664,80.04000091552734,77.41000366210938,79.75,45416600
2021-03-11,81.2300033569336,81.88999938964844,79.37000274658203,79.4000015258789,43583700
2021-03-12,81.05000305175781,81.19000244140625,79.2300033569336,79.7300033569336,32938000
2021-03-15,82.5,83.38999938964844,81.19999694824219,81.91000366210938,39086800
2021-03-16,82.75,84.75,82.26000213623047,83.66000366210938,42971600
2021-03-17,82.62999725341797,83.25,80.41000366210938,81.75,43320600
2021-03-18,78.12000274658203,81.62000274658203,78.01000213623047,81.05999755859375,51036500
2021-03-19,79.05999755859375,79.33999633789062,77.58999633789062,78.48999786376953,42283400
2021-03-22,80.30000305175781,81.2699966430664,79.22000122070312,79.98999786376953,39648600
2021-03-23,78.37999725341797,80.33999633789062,77.94999694824219,80.12999725341797,40466600
2021-03-24,76.4800033569336,78.80000305175781,76.4000015258789,77.55000305175781,43753600
2021-03-25,76.22000122070312,76.94999694824219,74.95999908447266,75.8499984741211,44735100
2021-03-26,77.41000366210938,77.5,75.02999877929688,76.62000274658203,49148700
2021-03-29,77.13999938964844,78.0199966430664,76.26000213623047,77.02999877929688,37144300
2021-03-30,76.0,76.55999755859375,74.8499984741211,76.47000122070312,39169300
2021-03-31,78.5,79.12999725341797,76.5199966430664,76.56999969482422,43659500
2021-04-01,81.08999633789062,81.30999755859375,79.4800033569336,80.16000366210938,40182400
2021-04-05,81.43000030517578,81.9000015258789,80.38999938964844,81.73999786376953,32610600
2021-04-06,81.44000244140625,82.45999908447266,80.87999725341797,81.20999908447266,29327900
2021-04-07,82.19999694824219,83.0999984741211,80.3499984741211,81.31999969482422,35590900
2021-04-08,83.3499984741211,83.79000091552734,82.44000244140625,83.31999969482422,41925300
2021-04-09,82.76000213623047,83.58999633789062,82.16000366210938,82.80000305175781,32759900
2021-04-12,78.58000183105469,82.18000030517578,78.02999877929688,82.05999755859375,62098800
2021-04-13,80.19000244140625,80.72000122070312,78.9800033569336,79.66999816894531,37767300
2021-04-14,78.55000305175781,80.12999725341797,77.94000244140625,79.87999725341797,34263800
2021-04-15,83.01000213623047,83.94999694824219,79.97000122070312,80.31999969482422,68942800
2021-04-16,82.1500015258789,83.58999633789062,81.52999877929688,83.30000305175781,47280600
2021-04-19,81.11000061035156,83.18000030517578,80.38999938964844,82.12999725341797,39115500
2021-04-20,79.2699966430664,81.11000061035156,78.51000213623047,80.81999969482422,34977800
2021-04-21,81.61000061035156,81.66000366210938,78.86000061035156,78.98999786376953,35069000
2021-04-22,79.05999755859375,81.79000091552734,78.58999633789062,81.61000061035156,38846100
2021-04-23,82.76000213623047,83.30000305175781,79.95999908447266,80.20999908447266,49194000
2021-04-26,85.41000366210938,85.9000015258789,82.69999694824219,83.3499984741211,57594500
2021-04-27,85.20999908447266,87.1500015258789,85.12999725341797,85.66999816894531,61909900
2021-04-28,84.0199966430664,89.19999694824219,83.91999816894531,88.8499984741211,108920300
2021-04-29,83.91000366210938,85.2699966430664,82.62999725341797,84.69999694824219,51294500
2021-04-30,81.62000274658203,84.0999984741211,81.41999816894531,82.97000122070312,46601900
2021-05-03,78.55000305175781,82.0,78.45999908447266,81.97000122070312,66323300
2021-05-04,78.61000061035156,78.66999816894531,77.04000091552734,77.94999694824219,59194300
2021-05-05,77.83000183105469,79.30000305175781,77.36000061035156,79.05000305175781,42310200
2021-05-06,77.88999938964844,78.05999755859375,76.47000122070312,77.62999725341797,38661300
2021-05-07,78.80999755859375,79.56999969482422,78.22000122070312,78.75,36954200
2021-05-10,75.98999786376953,78.30000305175781,75.91999816894531,78.19999694824219,45134500
2021-05-11,76.83000183105469,76.93000030517578,72.75,73.56999969482422,51008200
2021-05-12,74.63999938964844,76.12999725341797,74.16000366210938,75.08999633789062,42531400
2021-05-13,73.08999633789062,75.69999694824219,72.5,75.20999908447266,48646800
2021-05-14,74.58999633789062,75.02999877929688,72.72000122070312,74.0199966430664,38355800
2021-05-17,74.6500015258789,75.5199966430664,73.41000366210938,74.22000122070312,40779200
2021-05-18,74.44000244140625,75.7699966430664,74.23999786376953,74.73999786376953,31982500
2021-05-19,76.2300033569336,76.97000122070312,72.76000213623047,73.16000366210938,73966200
2021-05-20,78.05999755859375,78.2699966430664,76.25,76.80999755859375,49135000
2021-05-21,77.16999816894531,78.80999755859375,77.04000091552734,78.55000305175781,40201100
2021-05-24,77.44000244140625,78.01000213623047,76.80000305175781,77.26000213623047,33194300
2021-05-25,77.86000061035156,78.7699966430664,76.83999633789062,77.33000183105469,47353100
2021-05-26,78.33999633789062,78.58999633789062,77.58999633789062,77.83000183105469,30354000
2021-05-27,78.41999816894531,78.43000030517578,77.47000122070312,78.11000061035156,35883200
2021-05-28,80.08000183105469,81.08999633789062,78.66000366210938,78.66000366210938,40952700
2021-06-01,80.80999755859375,82.91000366210938,80.66000366210938,81.01000213623047,43433000
2021-06-02,81.97000122070312,82.5999984741211,80.66000366210938,81.0,35203200
2021-06-03,80.27999877929688,81.88999938964844,80.26000213623047,81.12999725341797,29812000
2021-06-04,81.58000183105469,82.19000244140625,80.80999755859375,80.91999816894531,26387800
2021-06-07,81.3499984741211,81.68000030517578,80.37999725341797,81.4000015258789,29006800
2021-06-08,80.88999938964844,82.6500015258789,80.44999694824219,81.87000274658203,26956600
2021-06-09,79.95999908447266,81.68000030517578,79.80000305175781,81.08999633789062,28454600
2021-06-10,81.55999755859375,81.70999908447266,79.69999694824219,80.0199966430664,28606400
2021-06-11,81.30999755859375,82.33000183105469,80.69999694824219,81.61000061035156,24310900
2021-06-14,81.55000305175781,81.55000305175781,80.19999694824219,81.51000213623047,27830200
2021-06-15,80.47000122070312,81.68000030517578,80.22000122070312,81.58999633789062,26194300
2021-06-16,80.11000061035156,81.44999694824219,78.95999908447266,80.75,29598300
2021-06-17,84.55999755859375,85.37000274658203,80.56999969482422,80.7699966430664,77822800
2021-06-18,84.6500015258789,85.7699966430664,83.4800033569336,84.27999877929688,58736800
2021-06-21,82.58999633789062,84.19000244140625,82.20999908447266,83.48999786376953,44417100
2021-06-22,83.58000183105469,84.04000091552734,82.4800033569336,82.9000015258789,32107700
2021-06-23,83.81999969482422,84.48999786376953,83.16000366210938,83.83000183105469,25992400
2021-06-24,86.0999984741211,87.13999938964844,84.37000274658203,84.38999938964844,42217700
2021-06-25,85.62000274658203,86.36000061035156,85.0999984741211,86.33999633789062,27804500
2021-06-28,87.08000183105469,88.0,86.1500015258789,86.37999725341797,30262000
2021-06-29,89.5199966430664,90.30000305175781,86.66000366210938,87.41000366210938,46181000
2021-06-30,93.93000030517578,94.33999633789062,90.5999984741211,90.81999969482422,70721500
2021-07-01,93.30999755859375,94.18000030517578,91.69999694824219,94.04000091552734,58059000
2021-07-02,94.69999694824219,95.2699966430664,92.20999908447266,93.27999877929688,51316700
2021-07-06,94.47000122070312,95.41000366210938,93.31999969482422,94.87999725341797,44930100
2021-07-07,90.54000091552734,95.44000244140625,90.30999755859375,95.0199966430664,51498500
2021-07-08,89.73999786376953,90.33999633789062,87.44999694824219,87.86000061035156,45673500
2021-07-09,90.9000015258789,91.26000213623047,88.52999877929688,90.04000091552734,35278400
2021-07-12,90.80999755859375,91.9000015258789,89.6500015258789,91.22000122070312,28526600
2021-07-13,90.26000213623047,91.41000366210938,89.83000183105469,90.4800033569336,30367600
2021-07-14,89.05000305175781,91.4000015258789,88.94000244140625,90.76000213623047,28108500
2021-07-15,86.93000030517578,89.77999877929688,86.18000030517578,89.77999877929688,38944700
2021-07-16,85.88999938964844,88.02999877929688,85.68000030517578,87.31999969482422,35860700
2021-07-19,86.58000183105469,87.2300033569336,84.23999786376953,84.98999786376953,39244800
2021-07-20,87.11000061035156,87.7699966430664,85.16999816894531,87.08999633789062,28089000
2021-07-21,89.41000366210938,89.48999786376953,86.9000015258789,87.25,29469900
2021-07-22,91.20999908447266,91.36000061035156,89.08000183105469,89.4000015258789,33730100
2021-07-23,92.1500015258789,92.37000274658203,90.19000244140625,91.3499984741211,31708900
2021-07-26,91.81999969482422,92.75,91.12000274658203,92.01000213623047,27668500
2021-07-27,91.02999877929688,94.0999984741211,89.0999984741211,92.94000244140625,69427000
2021-07-28,97.93000030517578,98.70999908447266,89.6500015258789,93.44000244140625,140561000
2021-07-29,102.94999694824219,105.73999786376953,96.58000183105469,96.58000183105469,164091800
2021-07-30,106.19000244140625,106.97000122070312,101.37999725341797,101.5999984741211,125632000
2021-08-02,108.62999725341797,110.33000183105469,103.83000183105469,105.93000030517578,115581900
2021-08-03,112.55999755859375,114.8499984741211,107.66000366210938,108.1500015258789,157723100
2021-08-04,118.7699966430664,122.48999786376953,114.16000366210938,114.36000061035156,225368700
2021-08-05,112.3499984741211,117.68000030517578,111.58999633789062,116.62999725341797,137860900
2021-08-06,110.11000061035156,116.26000213623047,109.69999694824219,110.55000305175781,143899000
2021-08-09,107.58000183105469,112.33000183105469,107.05999755859375,111.30999755859375,115749900
2021-08-10,106.4800033569336,109.16999816894531,104.36000061035156,107.9000015258789,113012300
2021-08-11,107.68000030517578,109.79000091552734,105.62000274658203,107.5999984741211,91788300
2021-08-12,106.5,108.44000244140625,105.86000061035156,107.38999938964844,60578700
2021-08-13,110.55000305175781,111.70999908447266,106.56999969482422,107.16999816894531,100135700
2021-08-16,107.4800033569336,111.58000183105469,105.87000274658203,110.19999694824219,73325400
2021-08-17,107.55999755859375,108.69999694824219,105.3499984741211,106.63999938964844,74053900
2021-08-18,103.44000244140625,108.06999969482422,103.2699966430664,107.3499984741211,79387900
2021-08-19,103.69999694824219,106.18000030517578,101.9800033569336,103.31999969482422,71117500
2021-08-20,104.6500015258789,105.9800033569336,103.98999786376953,104.31999969482422,55227600
2021-08-23,108.7699966430664,109.0199966430664,104.86000061035156,105.30000305175781,68835300
2021-08-24,107.6500015258789,109.61000061035156,107.27999877929688,109.44999694824219,51239300
2021-08-25,108.30000305175781,109.91000366210938,107.44999694824219,108.12999725341797,45485500
2021-08-26,107.2699966430664,109.2300033569336,106.83999633789062,108.56999969482422,51442500
2021-08-27,111.4000015258789,111.77999877929688,107.80000305175781,108.01000213623047,61030000
2021-08-30,111.31999969482422,114.48999786376953,111.26000213623047,112.61000061035156,56130500
2021-08-31,110.72000122070312,111.26000213623047,109.02999877929688,111.26000213623047,49339000
2021-09-01,109.98999786376953,111.8499984741211,109.8499984741211,111.30000305175781,38579600
2021-09-02,109.19999694824219,110.87999725341797,108.7699966430664,110.31999969482422,40090500
2021-09-03,109.91999816894531,111.16999816894531,108.5,108.8499984741211,42605800
2021-09-07,109.1500015258789,110.58000183105469,108.66000366210938,109.95999908447266,28815200
2021-09-08,106.16999816894531,109.30000305175781,105.5199966430664,108.87999725341797,43067900
2021-09-09,106.1500015258789,107.30000305175781,105.83999633789062,106.55999755859375,31857900
2021-09-10,105.19999694824219,106.98999786376953,104.9800033569336,106.98999786376953,32602300
2021-09-13,104.80000305175781,105.27999877929688,102.62999725341797,105.26000213623047,37767800
2021-09-14,105.7300033569336,106.81999969482422,104.41999816894531,105.5199966430664,40629500
2021-09-15,105.5999984741211,106.31999969482422,104.02999877929688,106.0,37998900
2021-09-16,106.22000122070312,106.75,103.76000213623047,104.91999816894531,38150300
2021-09-17,103.87999725341797,105.9800033569336,103.70999908447266,105.55999755859375,44528300
2021-09-20,101.55000305175781,102.51000213623047,99.51000213623047,101.58000183105469,45228400
2021-09-21,102.81999969482422,103.43000030517578,101.18000030517578,102.1500015258789,35481500
2021-09-22,104.37999725341797,104.55999755859375,102.20999908447266,102.81999969482422,34126300
2021-09-23,106.1500015258789,106.86000061035156,103.88999938964844,104.88999938964844,32816700
2021-09-24,105.80000305175781,106.05000305175781,104.68000030517578,105.19000244140625,26482600
2021-09-27,108.16000366210938,108.44000244140625,103.44000244140625,105.06999969482422,51944300
2021-09-28,101.5199966430664,107.6500015258789,101.41999816894531,106.83999633789062,74469000
2021-09-29,100.3499984741211,102.66000366210938,99.80999755859375,102.30000305175781,52224700
2021-09-30,102.9000015258789,104.44000244140625,101.98999786376953,102.08000183105469,57636700
2021-10-01,102.44999694824219,103.0,100.63999938964844,102.5999984741211,41491600
2021-10-04,100.33999633789062,101.8499984741211,99.81999969482422,101.73999786376953,41967100
2021-10-05,101.80999755859375,102.87000274658203,100.61000061035156,100.91999816894531,31455200
2021-10-06,103.63999938964844,103.72000122070312,100.3499984741211,100.44999694824219,39071700
2021-10-07,106.44999694824219,107.94999694824219,104.45999908447266,104.5999984741211,41543100
2021-10-08,105.05999755859375,107.27999877929688,104.88999938964844,106.55000305175781,30623000
2021-10-11,104.68000030517578,107.19999694824219,104.0199966430664,104.62000274658203,31284400
2021-10-12,105.04000091552734,106.04000091552734,104.33999633789062,105.16999816894531,34039900
2021-10-13,109.16000366210938,109.87999725341797,106.25,106.27999877929688,55631900
2021-10-14,111.98999786376953,112.22000122070312,109.62999725341797,110.5,46900200
2021-10-15,112.12000274658203,112.83999633789062,111.11000061035156,112.51000213623047,34203000
2021-10-18,116.43000030517578,116.87999725341797,111.37000274658203,111.9000015258789,47537800
2021-10-19,116.33000183105469,117.16999816894531,114.47000122070312,116.16000366210938,39593900
2021-10-20,116.38999938964844,118.30000305175781,115.41999816894531,116.29000091552734,34244800
2021-10-21,119.33000183105469,119.68000030517578,116.26000213623047,116.5,34794900
2021-10-22,119.81999969482422,121.55999755859375,118.37000274658203,120.83000183105469,38992700
2021-10-25,122.36000061035156,123.45999908447266,118.5999984741211,120.5199966430664,47834100
2021-10-26,122.93000030517578,127.19999694824219,122.58000183105469,122.98999786376953,59458900
2021-10-27,122.27999877929688,128.0800018310547,121.05000305175781,121.62999725341797,98245300
2021-10-28,121.16000366210938,123.5,120.26000213623047,122.86000061035156,58002500
2021-10-29,120.2300033569336,122.56999969482422,119.87999725341797,120.94999694824219,43320100
2021-11-01,125.2300033569336,125.66999816894531,118.12999725341797,119.44999694824219,54559800
2021-11-02,127.62999725341797,128.4600067138672,124.19999694824219,124.9800033569336,53491900
2021-11-03,130.52999877929688,130.60000610351562,126.79000091552734,127.75,59537800
2021-11-04,137.5,139.0,130.77000427246094,132.00999450683594,84825200
2021-11-05,136.33999633789062,141.22000122070312,134.4199981689453,139.19000244140625,64920600
2021-11-08,150.16000366210938,153.60000610351562,137.6999969482422,137.6999969482422,141493800
2021-11-09,148.9199981689453,155.64999389648438,143.88999938964844,154.00999450683594,98442600
2021-11-10,139.8699951171875,146.3000030517578,138.52000427246094,143.92999267578125,82989200
2021-11-11,146.00999450683594,146.47000122070312,140.83999633789062,142.9600067138672,67934800
2021-11-12,147.88999938964844,148.58999633789062,144.25,146.02999877929688,52162100
2021-11-15,146.49000549316406,148.97999572753906,142.86000061035156,148.0,52271300
2021-11-16,152.4499969482422,153.0800018310547,145.33999633789062,145.92999267578125,53100800
2021-11-17,151.33999633789062,154.66000366210938,149.69000244140625,151.97999572753906,54527500
2021-11-18,155.02000427246094,158.88999938964844,152.55999755859375,157.07000732421875,60612700
2021-11-19,155.41000366210938,156.9199981689453,153.4499969482422,155.75999450683594,41668900
2021-11-22,152.52000427246094,161.8800048828125,152.38999938964844,157.13999938964844,58674100
2021-11-23,149.9199981689453,152.66000366210938,145.3000030517578,150.41000366210938,62852700
2021-11-24,157.8000030517578,157.92999267578125,147.19000244140625,149.4600067138672,60677100
2021-11-26,154.80999755859375,158.10000610351562,152.80999755859375,155.8000030517578,36245100
2021-11-29,161.91000366210938,162.50999450683594,156.10000610351562,157.5,57438900
2021-11-30,158.3699951171875,164.4600067138672,155.67999267578125,163.27999877929688,75182500
2021-12-01,149.11000061035156,160.8800048828125,148.9199981689453,160.3699951171875,64039100
2021-12-02,150.67999267578125,152.52999877929688,146.47000122070312,147.67999267578125,56161200
2021-12-03,144.00999450683594,152.3800048828125,140.72000122070312,151.64999389648438,65910000
2021-12-06,139.05999755859375,141.30999755859375,134.1999969482422,141.13999938964844,66776500
2021-12-07,144.85000610351562,145.75999450683594,141.0,143.89999389648438,53359400
2021-12-08,145.24000549316406,147.0399932861328,142.6999969482422,144.9600067138672,40977500
2021-12-09,138.10000610351562,146.69000244140625,137.8000030517578,145.16000366210938,53019900
2021-12-10,138.5500030517578,141.3699951171875,135.82000732421875,141.2899932861328,42224300
2021-12-13,133.8000030517578,139.39999389648438,133.4199981689453,138.25,42174000
2021-12-14,135.60000610351562,137.24000549316406,130.60000610351562,131.6699981689453,50754600
2021-12-15,146.5,146.69000244140625,133.80999755859375,135.11000061035156,72425800
2021-12-16,138.63999938964844,147.92999267578125,137.02000427246094,147.0,63369600
2021-12-17,137.75,142.0399932861328,136.11000061035156,136.3000030517578,55642100
2021-12-20,135.8000030517578,138.25999450683594,133.52000427246094,135.97000122070312,38195400
2021-12-21,144.25,144.5,135.14999389648438,138.19000244140625,57785200
2021-12-22,143.8800048828125,144.5,140.27000427246094,142.64999389648438,46923700
2021-12-23,146.13999938964844,149.02000427246094,143.85000610351562,143.88999938964844,48653800
2021-12-27,154.36000061035156,154.88999938964844,147.25,147.50999450683594,53296400
2021-12-28,153.14999389648438,156.72999572753906,151.3800048828125,155.8800048828125,58699100
2021-12-29,148.25999450683594,154.33999633789062,147.2899932861328,152.82000732421875,51300200
2021-12-30,145.14999389648438,148.85000610351562,144.85000610351562,147.44000244140625,44358000
