Date,Close AMZN,High AMZN,Low AMZN,Open AMZN,Volume AMZN
2020-01-02,94.90049743652344,94.90049743652344,93.2074966430664,93.75,80580000
2020-01-03,93.74849700927734,94.30999755859375,93.2249984741211,93.2249984741211,75288000
2020-01-06,95.14399719238281,95.18450164794922,93.0,93.0,81236000
2020-01-07,95.34300231933594,95.69450378417969,94.60199737548828,95.2249984741211,80898000
2020-01-08,94.59850311279297,95.55000305175781,94.3219985961914,94.9020004272461,70160000
2020-01-09,95.05249786376953,95.89099884033203,94.79000091552734,95.49449920654297,63346000
2020-01-10,94.15799713134766,95.34700012207031,94.0,95.26850128173828,57074000
2020-01-13,94.56500244140625,94.9000015258789,94.04000091552734,94.56549835205078,55616000
2020-01-14,93.47200012207031,94.35549926757812,92.92749786376953,94.29399871826172,68818000
2020-01-15,93.10099792480469,93.94300079345703,92.75450134277344,93.61250305175781,57932000
2020-01-16,93.89700317382812,94.27950286865234,93.3010025024414,94.14949798583984,53190000
2020-01-17,93.23600006103516,94.33200073242188,92.86250305175781,94.29450225830078,79946000
2020-01-21,94.5999984741211,94.7135009765625,93.0,93.25,74156000
2020-01-22,94.37300109863281,95.125,94.16699981689453,94.80449676513672,64326000
2020-01-23,94.22899627685547,94.4990005493164,93.63800048828125,94.25550079345703,49692000
2020-01-24,93.08200073242188,94.74949645996094,92.37200164794922,94.56849670410156,75324000
2020-01-27,91.41699981689453,92.05000305175781,90.76699829101562,91.0,70570000
2020-01-28,92.6624984741211,92.90550231933594,91.5009994506836,92.0250015258789,56160000
2020-01-29,92.9000015258789,93.73750305175781,92.7509994506836,93.19999694824219,41760000
2020-01-30,93.53399658203125,93.64350128173828,92.53050231933594,92.9000015258789,126548000
2020-01-31,100.43599700927734,102.78600311279297,100.1135025024414,102.57350158691406,311346000
2020-02-03,100.20999908447266,102.42500305175781,100.01249694824219,100.52999877929688,117834000
2020-02-04,102.4834976196289,102.98999786376953,100.76850128173828,101.49400329589844,105786000
2020-02-05,101.99349975585938,103.5510025024414,101.5999984741211,103.5510025024414,87524000
2020-02-06,102.5114974975586,102.81500244140625,101.23999786376953,102.0510025024414,63660000
2020-02-07,103.96399688720703,104.92649841308594,101.90499877929688,102.09950256347656,101906000
2020-02-10,106.69550323486328,106.77999877929688,104.24800109863281,104.25050354003906,101124000
2020-02-11,107.54000091552734,109.29750061035156,106.80000305175781,107.54499816894531,114920000
2020-02-12,108.0,109.01249694824219,107.7645034790039,108.16000366210938,66686000
2020-02-13,107.49349975585938,108.51399993896484,107.0999984741211,107.24949645996094,60636000
2020-02-14,106.74349975585938,107.9520034790039,106.29450225830078,107.78399658203125,52124000
2020-02-18,107.78350067138672,108.30349731445312,106.20549774169922,106.2509994506836,58912000
2020-02-19,108.51100158691406,109.25499725341797,108.05599975585938,108.38999938964844,51224000
2020-02-20,107.65499877929688,108.8395004272461,106.37249755859375,108.65350341796875,62626000
2020-02-21,104.79850006103516,107.22750091552734,104.4000015258789,107.10749816894531,92926000
2020-02-24,100.4645004272461,101.96499633789062,99.39849853515625,100.15899658203125,130940000
2020-02-25,98.63700103759766,101.7300033569336,97.9209976196289,101.32099914550781,124382000
2020-02-26,98.97949981689453,100.7334976196289,98.02249908447266,98.51399993896484,104492000
2020-02-27,94.21499633789062,98.75,94.13800048828125,96.71900177001953,162880000
2020-02-28,94.1875,94.48799896240234,90.55650329589844,90.73149871826172,189620000
2020-03-02,97.69750213623047,97.72550201416016,93.5,95.32450103759766,135234000
2020-03-03,95.44950103759766,99.81649780273438,94.40450286865234,98.76850128173828,150690000
2020-03-04,98.79149627685547,98.9000015258789,96.0999984741211,97.32849884033203,95458000
2020-03-05,96.20149993896484,98.03600311279297,95.5,96.6500015258789,94964000
2020-03-06,95.05449676513672,95.54350280761719,93.4749984741211,93.75,105472000
2020-03-09,90.03050231933594,93.13849639892578,88.06449890136719,88.69300079345703,156264000
2020-03-10,94.59100341796875,94.7135009765625,90.90850067138672,93.54399871826172,142666000
2020-03-11,91.04299926757812,93.56600189208984,90.07499694824219,92.89250183105469,112496000
2020-03-12,83.83049774169922,88.25,83.75,86.0989990234375,226924000
2020-03-13,89.25,89.31549835205078,84.03099822998047,87.75,176194000
2020-03-16,84.4574966430664,87.97250366210938,81.30149841308594,82.07550048828125,178346000
2020-03-17,90.39199829101562,92.88899993896484,84.46199798583984,88.77349853515625,218342000
2020-03-18,91.5,92.08300018310547,87.25,87.5,192904000
2020-03-19,94.04650115966797,97.25,91.63249969482422,93.0,207998000
2020-03-20,92.30449676513672,97.8499984741211,91.0364990234375,96.31549835205078,196358000
2020-03-23,95.1415023803711,95.97000122070312,90.5999984741211,91.38749694824219,156170000
2020-03-24,97.00499725341797,97.75,95.01699829101562,97.57499694824219,142942000
2020-03-25,94.29199981689453,97.51300048828125,94.28900146484375,96.03450012207031,129582000
2020-03-26,97.77449798583984,97.82450103759766,94.4645004272461,95.0999984741211,124426000
2020-03-27,95.00499725341797,96.989501953125,94.99600219726562,96.54299926757812,107758000
2020-03-30,98.19750213623047,98.68150329589844,95.61699676513672,96.1415023803711,122522000
2020-03-31,97.48600006103516,99.6510009765625,97.20050048828125,98.21749877929688,102472000
2020-04-01,95.38500213623047,97.24800109863281,94.6500015258789,96.64849853515625,82438000
2020-04-02,95.94149780273438,96.37650299072266,94.5,95.08200073242188,86720000
2020-04-03,95.32949829101562,96.31649780273438,94.4574966430664,95.55750274658203,72198000
2020-04-06,99.87950134277344,99.9260025024414,96.5009994506836,96.80000305175781,115464000
2020-04-07,100.58000183105469,101.78600311279297,99.88099670410156,100.85549926757812,102280000
2020-04-08,102.1500015258789,102.19999694824219,100.55750274658203,101.05000305175781,79546000
2020-04-09,102.13800048828125,102.6500015258789,100.88300323486328,102.21499633789062,92930000
2020-04-13,108.44349670410156,109.0,101.9000015258789,102.0,134334000
2020-04-14,114.16600036621094,114.5999984741211,109.31050109863281,110.02349853515625,161744000
2020-04-15,115.38400268554688,116.66850280761719,112.25,112.88400268554688,137332000
2020-04-16,120.40950012207031,123.05000305175781,116.75,117.30000305175781,240764000
2020-04-17,118.75,120.0,115.8010025024414,118.61650085449219,158600000
2020-04-20,119.68049621582031,122.2490005493164,119.30249786376953,119.49749755859375,115414000
2020-04-21,116.40599822998047,121.41549682617188,113.98300170898438,120.83049774169922,149534000
2020-04-22,118.17449951171875,119.69999694824219,117.55000305175781,118.44999694824219,84244000
2020-04-23,119.97250366210938,121.21099853515625,119.10399627685547,119.9990005493164,101332000
2020-04-24,120.51100158691406,121.02149963378906,119.0999984741211,120.8499984741211,76498000
2020-04-27,118.80000305175781,122.24400329589844,118.1500015258789,122.16000366210938,112912000
2020-04-28,115.7040023803711,118.67500305175781,115.30000305175781,118.6050033569336,105388000
2020-04-29,118.635498046875,119.59449768066406,115.5,116.50050354003906,91832000
2020-04-30,123.69999694824219,123.75,119.80049896240234,120.99199676513672,190692000
2020-05-01,114.302001953125,118.12200164794922,112.90950012207031,116.83999633789062,195452000
2020-05-04,115.79949951171875,116.3489990234375,112.81900024414062,112.81900024414062,97318000
2020-05-05,115.88999938964844,117.55000305175781,115.35649871826172,117.0,64850000
2020-05-06,117.56300354003906,117.87249755859375,116.0,116.47200012207031,62356000
2020-05-07,118.38050079345703,118.80000305175781,117.15550231933594,118.73899841308594,67928000
2020-05-08,118.98049926757812,119.36199951171875,117.8499984741211,118.60700225830078,64132000
2020-05-11,120.44999694824219,120.9834976196289,118.60549926757812,118.73500061035156,65184000
2020-05-12,117.84750366210938,120.94999694824219,117.75,120.59249877929688,61498000
2020-05-13,118.39600372314453,120.38500213623047,116.88999938964844,118.33999633789062,95658000
2020-05-14,119.44249725341797,119.56849670410156,117.6604995727539,118.05049896240234,72962000
2020-05-15,120.48899841308594,120.55000305175781,117.81849670410156,118.4260025024414,84700000
2020-05-18,121.31300354003906,121.6500015258789,119.20050048828125,120.21749877929688,87144000
2020-05-19,122.46649932861328,124.25,121.44850158691406,121.49150085449219,86410000
2020-05-20,124.89700317382812,125.00050354003906,123.3635025024414,123.89350128173828,79962000
2020-05-21,122.33699798583984,126.27249908447266,122.12699890136719,125.0,102288000
2020-05-22,121.84400177001953,123.49250030517578,121.50650024414062,122.75050354003906,57342000
2020-05-26,121.09300231933594,123.0999984741211,120.7030029296875,122.9000015258789,71364000
2020-05-27,120.51950073242188,120.67900085449219,116.5,120.24949645996094,101138000
2020-05-28,120.05500030517578,121.84850311279297,118.9114990234375,119.21649932861328,63804000
2020-05-29,122.11849975585938,122.11849975585938,119.91000366210938,120.7969970703125,70198000
2020-06-01,123.552001953125,123.84649658203125,122.20850372314453,122.4000015258789,58578000
2020-06-02,123.62049865722656,123.67649841308594,122.2655029296875,123.3499984741211,50598000
2020-06-03,123.91999816894531,124.4000015258789,123.05850219726562,123.40049743652344,53420000
2020-06-04,123.02999877929688,125.37699890136719,122.50050354003906,123.87149810791016,58974000
2020-06-05,124.1500015258789,124.43250274658203,121.85649871826172,122.22550201416016,66128000
2020-06-08,126.2030029296875,126.5,124.36699676513672,125.01000213623047,79414000
2020-06-09,130.04299926757812,131.32150268554688,126.25,126.47200012207031,103520000
2020-06-10,132.37249755859375,136.11749267578125,131.31300354003906,132.25,98920000
2020-06-11,127.89800262451172,133.56900024414062,126.8115005493164,130.1750030517578,116002000
2020-06-12,127.2509994506836,131.07400512695312,125.1675033569336,130.0605010986328,108722000
2020-06-15,128.63400268554688,129.1999969482422,125.4000015258789,126.33000183105469,77302000
2020-06-16,130.7635040283203,131.0,128.8000030517578,131.0,71712000
2020-06-17,132.0489959716797,132.75,131.59100341796875,132.375,59186000
2020-06-18,132.69900512695312,132.98199462890625,131.8054962158203,132.35049438476562,49756000
2020-06-19,133.75050354003906,134.8715057373047,132.9499969482422,133.9040069580078,115540000
2020-06-22,135.6909942626953,135.75,133.4499969482422,134.22500610351562,64176000
2020-06-23,138.2205047607422,139.15550231933594,135.90199279785156,136.30099487304688,84634000
2020-06-24,136.72000122070312,139.8000030517578,136.0500030517578,139.0,90532000
2020-06-25,137.72900390625,137.81149291992188,135.60699462890625,136.9774932861328,59374000
2020-06-26,134.64349365234375,139.1284942626953,134.39999389648438,138.7530059814453,130016000
2020-06-29,134.0189971923828,134.83999633789062,131.50399780273438,134.50050354003906,84468000
2020-06-30,137.9409942626953,138.48150634765625,133.75149536132812,134.2534942626953,75394000
2020-07-01,143.93499755859375,144.75,137.6999969482422,137.89950561523438,127268000
2020-07-02,144.51499938964844,147.7779998779297,143.55499267578125,145.60049438476562,131868000
2020-07-06,152.8520050048828,152.99400329589844,146.5,146.74850463867188,137612000
2020-07-07,150.00599670410156,153.4774932861328,149.5,152.92750549316406,105150000
2020-07-08,154.0554962158203,154.19850158691406,150.6215057373047,151.1304931640625,100752000
2020-07-09,159.13150024414062,159.69400024414062,153.6999969482422,155.79949951171875,127774000
2020-07-10,160.0,160.75,156.78500366210938,159.58799743652344,109720000
2020-07-13,155.1999969482422,167.21449279785156,153.41949462890625,162.55299377441406,154408000
2020-07-14,154.1999969482422,156.36900329589844,147.5,154.4499969482422,144638000
2020-07-15,150.44349670410156,154.91749572753906,148.65899658203125,154.01150512695312,115778000
2020-07-16,149.9949951171875,151.60000610351562,145.9114990234375,148.55299377441406,127884000
2020-07-17,148.09849548339844,151.1999969482422,147.42250061035156,150.4499969482422,95226000
2020-07-20,159.8419952392578,160.0679931640625,149.7010040283203,150.00999450683594,151964000
2020-07-21,156.9145050048828,162.0290069580078,155.28599548339844,161.62449645996094,122426000
2020-07-22,154.99549865722656,157.5,153.26300048828125,156.25,82084000
2020-07-23,149.32749938964844,154.9134979248047,148.5,154.9134979248047,113138000
2020-07-24,150.44549560546875,151.57899475097656,144.39999389648438,146.5,112648000
2020-07-27,152.760498046875,154.89999389648438,150.7884979248047,153.10000610351562,83410000
2020-07-28,150.01649475097656,153.85450744628906,149.78799438476562,152.7135009765625,62534000
2020-07-29,151.67649841308594,151.95799255371094,149.8385009765625,151.54949951171875,59482000
2020-07-30,152.593994140625,154.60000610351562,150.25,150.6999969482422,122566000
2020-07-31,158.23399353027344,162.34100341796875,157.5500030517578,162.1999969482422,161710000
2020-08-03,155.59449768066406,159.1999969482422,155.1999969482422,159.02549743652344,101494000
2020-08-04,156.94149780273438,158.36199951171875,155.0605010986328,155.0605010986328,93886000
2020-08-05,160.25149536132812,160.67950439453125,156.36500549316406,157.18850708007812,78330000
2020-08-06,161.25,162.37350463867188,158.27149963378906,159.71800231933594,78812000
2020-08-07,158.3730010986328,162.04049682617188,157.0334930419922,161.20050048828125,78722000
2020-08-10,157.4080047607422,158.62550354003906,155.0760040283203,158.5155029296875,63346000
2020-08-11,154.0334930419922,157.96099853515625,153.64999389648438,155.66000366210938,74362000
2020-08-12,158.11199951171875,158.71949768066406,155.0709991455078,155.39999389648438,70442000
2020-08-13,158.05099487304688,160.87600708007812,157.75,159.14950561523438,62980000
2020-08-14,157.4010009765625,158.91200256347656,156.0,158.90899658203125,55034000
2020-08-17,159.12049865722656,159.74850463867188,157.70899963378906,158.656005859375,53824000
2020-08-18,165.62449645996094,166.0,160.29100036621094,160.60000610351562,106920000
2020-08-19,163.0240020751953,165.7949981689453,162.8000030517578,165.15049743652344,83702000
2020-08-20,164.86849975585938,165.63099670410156,161.89999389648438,162.60000610351562,66650000
2020-08-21,164.23599243164062,165.72000122070312,163.76950073242188,164.75,71518000
2020-08-24,165.3730010986328,169.01600646972656,162.8780059814453,165.50750732421875,93326000
2020-08-25,167.32449340820312,167.8699951171875,163.35000610351562,164.74949645996094,79856000
2020-08-26,172.09249877929688,172.58700561523438,167.22850036621094,167.5554962158203,130174000
2020-08-27,170.0,172.64999389648438,168.89999389648438,172.50250244140625,85296000
2020-08-28,170.08999633789062,171.6685028076172,169.3249969482422,171.14999389648438,57940000
2020-08-31,172.54800415039062,174.75,170.25,170.44949340820312,83718000
2020-09-01,174.95599365234375,175.69349670410156,173.35000610351562,174.47900390625,68644000
2020-09-02,176.57249450683594,177.6125030517578,174.33450317382812,177.35000610351562,78630000
2020-09-03,168.39999389648438,174.42050170898438,165.14999389648438,174.25,163222000
2020-09-04,164.7310028076172,169.0749969482422,155.55650329589844,165.89999389648438,175636000
2020-09-08,157.49200439453125,162.54249572753906,156.5,157.1999969482422,121884000
2020-09-09,163.4304962158203,165.15899658203125,159.25,160.14950561523438,103774000
2020-09-10,158.7554931640625,167.4945068359375,158.52749633789062,165.36099243164062,106614000
2020-09-11,155.81100463867188,160.86700439453125,154.19900512695312,160.4344940185547,101880000
2020-09-14,155.14849853515625,159.3695068359375,154.8000030517578,158.64700317382812,90592000
2020-09-15,157.80650329589844,158.75100708007812,155.4459991455078,156.80799865722656,80430000
2020-09-16,153.90499877929688,159.36199951171875,153.70750427246094,158.99949645996094,90244000
2020-09-17,150.43649291992188,151.47149658203125,148.62750244140625,150.46249389648438,128982000
2020-09-18,147.74549865722656,151.88999938964844,145.27699279785156,151.58700561523438,177852000
2020-09-21,148.02349853515625,148.10000610351562,143.5500030517578,145.3249969482422,122358000
2020-09-22,156.44949340820312,156.69949340820312,150.00999450683594,151.69200134277344,138976000
2020-09-23,149.9929962158203,156.35000610351562,149.61900329589844,156.02149963378906,113054000
2020-09-24,150.989501953125,153.46499633789062,148.25,148.88949584960938,110588000
2020-09-25,154.75650024414062,155.07699584960938,149.9499969482422,152.7429962158203,92304000
2020-09-28,158.70249938964844,158.7519989013672,155.85850524902344,157.4425048828125,84484000
2020-09-29,157.24400329589844,159.41299438476562,156.6269989013672,158.76950073242188,69916000
2020-09-30,157.43649291992188,160.6439971923828,156.69949340820312,157.0570068359375,97922000
2020-10-01,161.06300354003906,161.1999969482422,158.60000610351562,160.39999389648438,99438000
2020-10-02,156.25,159.7899932861328,156.14999389648438,157.68150329589844,112262000
2020-10-05,159.9600067138672,160.12649536132812,157.04249572753906,157.29200744628906,75506000
2020-10-06,154.9980010986328,159.10000610351562,154.5,158.25,101738000
2020-10-07,159.7845001220703,160.0,156.6195068359375,156.75,86188000
2020-10-08,159.52749633789062,161.6645050048828,158.74949645996094,161.24949645996094,63482000
2020-10-09,164.33250427246094,164.44949340820312,159.89149475097656,160.5,98158000
2020-10-12,172.14649963378906,174.81199645996094,166.9774932861328,167.4969940185547,167284000
2020-10-13,172.18150329589844,174.61900329589844,171.21099853515625,173.39950561523438,114894000
2020-10-14,168.1855010986328,173.24400329589844,167.0,172.35000610351562,116254000
2020-10-15,166.9324951171875,167.79400634765625,164.0,164.60049438476562,104468000
2020-10-16,163.635498046875,169.98300170898438,158.0,168.1614990234375,129488000
2020-10-19,160.36050415039062,166.4499969482422,159.63699340820312,164.98049926757812,104472000
2020-10-20,160.85049438476562,163.3000030517578,159.60049438476562,161.11399841308594,90194000
2020-10-21,159.2469940185547,161.69400024414062,158.0,160.625,91854000
2020-10-22,158.82000732421875,159.9375,156.0970001220703,159.49349975585938,84240000
2020-10-23,160.22000122070312,160.26649475097656,157.0,159.5500030517578,69334000
2020-10-26,160.3520050048828,164.1490020751953,157.6649932861328,159.93699645996094,118024000
2020-10-27,164.31649780273438,164.58299255371094,160.56500244140625,161.2469940185547,85820000
2020-10-28,158.13900756835938,163.2010040283203,158.12350463867188,162.46499633789062,111766000
2020-10-29,160.55050659179688,162.8625030517578,158.1999969482422,160.06350708007812,131930000
2020-10-30,151.8074951171875,158.35000610351562,150.9499969482422,157.8874969482422,167728000
2020-11-02,150.2239990234375,153.98550415039062,147.50599670410156,153.08700561523438,145148000
2020-11-03,152.42050170898438,153.7449951171875,149.0489959716797,150.92649841308594,97958000
2020-11-04,162.05799865722656,162.24249267578125,156.9864959716797,157.99949645996094,136780000
2020-11-05,166.10000610351562,168.33999633789062,164.44400024414062,165.99850463867188,115786000
2020-11-06,165.56849670410156,166.10000610351562,161.60000610351562,165.23199462890625,92946000
2020-11-09,157.18699645996094,164.4499969482422,155.60549926757812,161.55149841308594,143808000
2020-11-10,151.75100708007812,155.6999969482422,150.9739990234375,154.75100708007812,131820000
2020-11-11,156.8695068359375,156.95750427246094,152.5,153.08900451660156,87338000
2020-11-12,155.51400756835938,158.79400634765625,154.30250549316406,157.99749755859375,87240000
2020-11-13,156.4405059814453,157.08599853515625,154.26950073242188,156.10000610351562,75124000
2020-11-16,156.55299377441406,157.13499450683594,153.63450622558594,154.66000366210938,76174000
2020-11-17,156.7830047607422,159.46249389648438,156.76300048828125,159.177001953125,68894000
2020-11-18,155.2729949951172,157.0,155.2550048828125,156.6999969482422,58336000
2020-11-19,155.8509979248047,156.25,154.04600524902344,155.2655029296875,60206000
2020-11-20,154.97000122070312,156.64450073242188,154.90249633789062,155.8509979248047,67488000
2020-11-23,154.91949462890625,156.9875030517578,153.2729949951172,155.8350067138672,94178000
2020-11-24,155.9029998779297,156.71249389648438,154.31300354003906,155.02499389648438,72042000
2020-11-25,159.2534942626953,159.89999389648438,157.01300048828125,157.093505859375,75808000
2020-11-27,159.76699829101562,160.8094940185547,159.50250244140625,160.56300354003906,47858000
2020-11-30,158.40199279785156,161.41949462890625,156.27749633789062,160.4239959716797,81278000
2020-12-01,161.00399780273438,162.44749450683594,157.85899353027344,159.4250030517578,90740000
2020-12-02,160.17649841308594,161.60000610351562,158.66299438476562,161.08250427246094,62586000
2020-12-03,159.3365020751953,161.4320068359375,159.0655059814453,160.2729949951172,57840000
2020-12-04,158.12899780273438,159.91050720214844,157.93800354003906,159.91050720214844,58272000
2020-12-07,157.89999389648438,159.03799438476562,157.08450317382812,157.82400512695312,55026000
2020-12-08,158.864501953125,159.2064971923828,156.00100708007812,157.94500732421875,65726000
2020-12-09,155.2100067138672,158.72149658203125,154.39999389648438,158.39450073242188,82016000
2020-12-10,155.07449340820312,157.10499572753906,153.8000030517578,154.44949340820312,60604000
2020-12-11,155.8209991455078,155.93350219726562,153.64100646972656,154.83299255371094,61294000
2020-12-14,157.84849548339844,159.52349853515625,156.3000030517578,157.14999389648438,83116000
2020-12-15,158.25599670410156,159.4250030517578,156.52450561523438,159.05050659179688,66390000
2020-12-16,162.04800415039062,162.35000610351562,158.1840057373047,158.80050659179688,88552000
2020-12-17,161.8040008544922,163.17550659179688,161.0500030517578,162.5,69486000
2020-12-18,160.08250427246094,162.4709930419922,158.5800018310547,162.19949340820312,119914000
2020-12-21,160.3090057373047,161.34849548339844,158.3000030517578,160.00050354003906,76736000
2020-12-22,160.3260040283203,161.10000610351562,159.00399780273438,160.14199829101562,47388000
2020-12-23,159.2635040283203,160.50650024414062,159.20849609375,160.25,41876000
2020-12-24,158.63450622558594,160.10000610351562,158.4499969482422,159.69500732421875,29038000
2020-12-28,164.197998046875,165.1999969482422,158.63450622558594,159.6999969482422,113736000
2020-12-29,166.10000610351562,167.53250122070312,164.06100463867188,165.4969940185547,97458000
2020-12-30,164.29249572753906,167.10499572753906,164.12350463867188,167.0500030517578,64186000
2020-12-31,162.84649658203125,164.14599609375,162.05999755859375,163.75,59144000
2021-01-04,159.3314971923828,163.60000610351562,157.2010040283203,163.5,88228000
2021-01-05,160.92550659179688,161.16900634765625,158.2530059814453,158.30050659179688,53110000
2021-01-06,156.91900634765625,159.87550354003906,156.55799865722656,157.32400512695312,87896000
2021-01-07,158.10800170898438,160.427001953125,157.75,157.85000610351562,70290000
2021-01-08,159.13499450683594,159.53199768066406,157.11000061035156,159.0,70754000
2021-01-11,155.7104949951172,157.81900024414062,155.5,157.40049743652344,73668000
2021-01-12,156.04150390625,157.10699462890625,154.3000030517578,156.0,70292000
2021-01-13,158.29449462890625,159.49749755859375,156.10400390625,156.4219970703125,66424000
2021-01-14,156.37350463867188,158.89999389648438,156.0294952392578,158.37600708007812,61418000
2021-01-15,155.21249389648438,157.12750244140625,154.7584991455078,156.1510009765625,84880000
2021-01-19,156.03799438476562,157.25,154.8000030517578,155.35000610351562,66102000
2021-01-20,163.16900634765625,163.99000549316406,158.75,159.09950256347656,106196000
2021-01-21,165.34950256347656,167.42750549316406,164.47850036621094,164.64999389648438,98722000
2021-01-22,164.6114959716797,166.0955047607422,164.1580047607422,165.2154998779297,56438000
2021-01-25,164.6999969482422,168.1945037841797,162.15750122070312,166.4250030517578,74996000
2021-01-26,166.30650329589844,166.89999389648438,164.14349365234375,164.8179931640625,59104000
2021-01-27,161.62899780273438,167.3260040283203,160.35400390625,167.07449340820312,93204000
2021-01-28,161.88099670410156,165.08399963378906,161.4344940185547,161.7519989013672,62984000
2021-01-29,160.30999755859375,161.84950256347656,159.2274932861328,161.5,85872000
2021-02-01,167.1439971923828,167.51300048828125,161.75149536132812,162.1179962158203,83204000
2021-02-02,169.0,171.38699340820312,168.05650329589844,169.0,141972000
2021-02-03,165.62649536132812,171.6999969482422,165.43099975585938,171.25050354003906,141776000
2021-02-04,166.5500030517578,167.35000610351562,163.8874969482422,166.5,73414000
2021-02-05,167.6074981689453,168.85000610351562,165.135498046875,165.9499969482422,72416000
2021-02-08,166.14700317382812,168.25,165.1999969482422,167.9250030517578,65148000
2021-02-09,165.25,166.89999389648438,164.89199829101562,165.62449645996094,44070000
2021-02-10,164.32899475097656,165.8975067138672,162.6999969482422,165.6999969482422,63032000
2021-02-11,163.10650634765625,164.60000610351562,162.4029998779297,164.60000610351562,46028000
2021-02-12,163.885498046875,164.0124969482422,161.66549682617188,162.5,46706000
2021-02-16,163.44749450683594,165.4149932861328,162.67950439453125,162.70249938964844,51494000
2021-02-17,165.4320068359375,166.04550170898438,162.97500610351562,163.17999267578125,65950000
2021-02-18,166.4114990234375,166.89999389648438,163.69700622558594,164.12100219726562,60548000
2021-02-19,162.4949951171875,166.6750030517578,162.28750610351562,166.4114990234375,86104000
2021-02-22,159.03700256347656,161.61599731445312,158.61300659179688,160.406494140625,70314000
2021-02-23,159.72500610351562,160.2364959716797,154.67999267578125,156.35150146484375,93544000
2021-02-24,157.97650146484375,158.56149291992188,156.2689971923828,158.33749389648438,60226000
2021-02-25,152.85800170898438,158.91299438476562,152.38800048828125,156.83700561523438,90676000
2021-02-26,154.64649963378906,156.1219940185547,151.8350067138672,154.75999450683594,85518000
2021-03-01,157.3070068359375,157.47799682617188,154.89950561523438,156.39450073242188,54582000
2021-03-02,154.72650146484375,158.17599487304688,154.3560028076172,157.17349243164062,51916000
2021-03-03,150.25,155.38900756835938,149.75,154.0590057373047,79774000
2021-03-04,148.8784942626953,152.906494140625,147.27149963378906,150.60000610351562,109632000
2021-03-05,150.0229949951172,150.4499969482422,144.0500030517578,150.25,107772000
2021-03-08,147.59750366210938,153.22950744628906,147.5655059814453,150.75,83700000
2021-03-09,153.1425018310547,154.54800415039062,150.25750732421875,150.89950561523438,80600000
2021-03-10,152.8820037841797,155.822998046875,151.50250244140625,154.92250061035156,60250000
2021-03-11,155.67950439453125,156.58900451660156,154.14649963378906,155.20050048828125,55528000
2021-03-12,154.47450256347656,154.94900512695312,152.27499389648438,153.75,48438000
2021-03-15,154.08399963378906,154.11199951171875,151.60450744628906,153.72850036621094,58272000
2021-03-16,154.59300231933594,156.44549560546875,153.79299926757812,155.24850463867188,50776000
2021-03-17,156.7864990234375,158.65249633789062,153.51100158691406,153.66099548339844,62372000
2021-03-18,151.39950561523438,155.8314971923828,151.25,155.0500030517578,72992000
2021-03-19,153.7480010986328,153.864501953125,150.8314971923828,151.4615020751953,92508000
2021-03-22,155.5435028076172,156.32899475097656,153.00250244140625,153.3925018310547,58044000
2021-03-23,156.875,159.10000610351562,156.04249572753906,156.35000610351562,76346000
2021-03-24,154.35350036621094,158.0155029296875,154.25750732421875,157.552001953125,59180000
2021-03-25,152.31300354003906,155.48899841308594,151.85699462890625,153.64950561523438,71270000
2021-03-26,152.60150146484375,152.83299255371094,149.8000030517578,152.2030029296875,66258000
2021-03-29,153.7864990234375,154.5625,151.42250061035156,152.77200317382812,54920000
2021-03-30,152.76449584960938,153.64999389648438,151.6999969482422,153.50050354003906,46752000
2021-03-31,154.70399475097656,155.9665069580078,153.125,153.2030029296875,61878000
2021-04-01,158.0500030517578,158.1219940185547,155.77749633789062,155.89700317382812,58806000
2021-04-05,161.3365020751953,161.79800415039062,158.06199645996094,158.64999389648438,66698000
2021-04-06,161.1909942626953,162.36549377441406,160.8520050048828,161.1875,50756000
2021-04-07,163.96949768066406,165.1804962158203,161.1824951171875,161.69000244140625,66924000
2021-04-08,164.96499633789062,166.22500610351562,164.60000610351562,165.5449981689453,56242000
2021-04-09,168.61000061035156,168.61000061035156,164.44500732421875,165.23500061035156,86830000
2021-04-12,168.96949768066406,169.7519989013672,167.5574951171875,167.760498046875,65636000
2021-04-13,170.0,171.60000610351562,169.781494140625,170.04249572753906,66316000
2021-04-14,166.64999389648438,170.2064971923828,166.3000030517578,170.20199584960938,62904000
2021-04-15,168.95449829101562,169.85000610351562,167.60000610351562,168.5500030517578,64672000
2021-04-16,169.9720001220703,170.33999633789062,167.7794952392578,169.0,63720000
2021-04-19,168.60049438476562,171.79649353027344,168.00799560546875,169.51649475097656,54508000
2021-04-20,166.7344970703125,169.14950561523438,165.8000030517578,168.67999267578125,52460000
2021-04-21,168.1009979248047,168.14300537109375,165.1905059814453,165.8000030517578,44224000
2021-04-22,165.45199584960938,168.64349365234375,165.07249450683594,168.58399963378906,51612000
2021-04-23,167.04400634765625,168.75,165.4250030517578,165.9550018310547,63856000
2021-04-26,170.4499969482422,171.42250061035156,166.5469970703125,167.39999389648438,97614000
2021-04-27,170.8715057373047,173.0,169.90049743652344,172.17349243164062,76542000
2021-04-28,172.9250030517578,174.49400329589844,171.25,171.74000549316406,92638000
2021-04-29,173.5655059814453,175.72250366210938,171.75,175.2550048828125,153648000
2021-04-30,173.37100219726562,177.6999969482422,173.125,176.25599670410156,140186000
2021-05-03,169.32449340820312,174.33250427246094,168.63499450683594,174.2364959716797,117510000
2021-05-04,165.593505859375,168.3990020751953,163.60650634765625,167.8094940185547,108788000
2021-05-05,163.52699279785156,167.73500061035156,163.21800231933594,166.9429931640625,74226000
2021-05-06,165.31849670410156,165.72000122070312,162.36000061035156,163.5,88954000
2021-05-07,164.58050537109375,166.54449462890625,164.45350646972656,165.95449829101562,94206000
2021-05-10,159.52450561523438,164.14999389648438,159.5,164.11599731445312,116772000
2021-05-11,161.19549560546875,161.89999389648438,156.36849975585938,156.81399536132812,92396000
2021-05-12,157.5970001220703,160.39700317382812,156.65499877929688,159.25,98728000
2021-05-13,158.07350158691406,160.19200134277344,156.64999389648438,159.27349853515625,67018000
2021-05-14,161.14500427246094,161.4429931640625,159.14999389648438,159.2779998779297,66500000
2021-05-17,163.51950073242188,164.6374969482422,161.72950744628906,162.29649353027344,74478000
2021-05-18,161.61399841308594,165.60000610351562,161.51849365234375,164.62899780273438,56568000
2021-05-19,161.58999633789062,161.7375030517578,159.1999969482422,159.75,53594000
2021-05-20,162.38400268554688,162.98399353027344,161.8090057373047,162.22000122070312,52664000
2021-05-21,160.1540069580078,162.83450317382812,159.85049438476562,162.5,82098000
2021-05-24,162.24949645996094,162.8975067138672,160.52499389648438,160.77499389648438,48456000
2021-05-25,162.95249938964844,163.99099731445312,160.68800354003906,163.33349609375,65222000
2021-05-26,163.25799560546875,164.7864990234375,162.92550659179688,163.72950744628906,47680000
2021-05-27,161.5054931640625,163.01800537109375,161.5019989013672,162.8000030517578,51224000
2021-05-28,161.15350341796875,162.39950561523438,160.98500061035156,162.10000610351562,46596000
2021-06-01,160.9324951171875,162.5489959716797,160.4530029296875,162.1750030517578,48600000
2021-06-02,161.69949340820312,161.75,160.39999389648438,161.15499877929688,40290000
2021-06-03,159.35049438476562,160.7220001220703,159.20150756835938,160.2115020751953,47966000
2021-06-04,160.31100463867188,161.0500030517578,159.9405059814453,160.60000610351562,44994000
2021-06-07,159.90049743652344,160.39999389648438,158.61000061035156,159.8665008544922,44316000
2021-06-08,163.20550537109375,163.97650146484375,160.90049743652344,161.1304931640625,68334000
2021-06-09,164.0574951171875,164.87899780273438,163.53500366210938,163.64349365234375,49110000
2021-06-10,167.4824981689453,167.5500030517578,164.0574951171875,164.10049438476562,69530000
2021-06-11,167.3415069580078,168.32899475097656,166.67250061035156,167.4824981689453,56348000
2021-06-14,169.19349670410156,169.25,166.77499389648438,167.3415069580078,51394000
2021-06-15,169.156494140625,169.84950256347656,168.15550231933594,169.1999969482422,48524000
2021-06-16,170.7624969482422,171.3175048828125,168.02650451660156,169.60000610351562,84056000
2021-06-17,174.46200561523438,174.86000061035156,170.0500030517578,170.15899658203125,102730000
2021-06-18,174.34500122070312,175.35000610351562,173.6855010986328,173.99949645996094,104954000
2021-06-21,172.697998046875,174.10000610351562,171.6999969482422,173.8209991455078,65542000
2021-06-22,175.27200317382812,176.18899536132812,172.80450439453125,172.9029998779297,66902000
2021-06-23,175.1909942626953,176.0500030517578,174.16000366210938,175.25,56266000
2021-06-24,172.45399475097656,176.2429962158203,171.54249572753906,175.3820037841797,76640000
2021-06-25,170.072998046875,173.24099731445312,169.70899963378906,173.1999969482422,78820000
2021-06-28,172.1945037841797,172.39999389648438,170.67550659179688,170.8000030517578,44856000
2021-06-29,172.40699768066406,172.80149841308594,171.15150451660156,171.9409942626953,41968000
2021-06-30,172.00799560546875,173.5800018310547,171.75,172.05299377441406,48080000
2021-07-01,171.64849853515625,172.85000610351562,170.4709930419922,171.73049926757812,40742000
2021-07-02,175.5489959716797,175.58599853515625,171.8459930419922,172.58200073242188,63388000
2021-07-06,183.78700256347656,184.2740020751953,176.4499969482422,176.5054931640625,134896000
2021-07-07,184.82899475097656,186.7100067138672,183.94549560546875,185.86900329589844,106562000
2021-07-08,186.57049560546875,187.99949645996094,181.05599975585938,182.17799377441406,103612000
2021-07-09,185.9669952392578,187.39999389648438,184.6699981689453,186.12600708007812,74964000
2021-07-12,185.92750549316406,187.864501953125,184.83949279785156,187.1999969482422,51432000
2021-07-13,183.8679962158203,188.6540069580078,183.5659942626953,185.10499572753906,76918000
2021-07-14,184.08399963378906,185.88299560546875,183.04150390625,185.4425048828125,65932000
2021-07-15,181.55999755859375,184.77000427246094,181.04600524902344,184.7100067138672,63706000
2021-07-16,178.68150329589844,182.30299377441406,178.5229949951172,181.66549682617188,80874000
2021-07-19,177.47950744628906,177.510498046875,174.95799255371094,176.62899780273438,75692000
2021-07-20,178.6595001220703,179.60000610351562,175.89999389648438,178.36599731445312,65114000
2021-07-21,179.25999450683594,179.32249450683594,177.1820068359375,178.81900024414062,46380000
2021-07-22,181.90150451660156,182.00100708007812,179.11349487304688,179.3614959716797,65308000
2021-07-23,182.83200073242188,183.3054962158203,181.1020050048828,182.0,48726000
2021-07-26,184.99099731445312,185.60400390625,182.3625030517578,183.6584930419922,58002000
2021-07-27,181.3195037841797,184.9250030517578,179.3074951171875,184.9250030517578,82638000
2021-07-28,181.51600646972656,182.92100524902344,180.0500030517578,181.68899536132812,59988000
2021-07-29,179.99600219726562,181.8975067138672,179.00050354003906,181.3874969482422,110400000
2021-07-30,166.37950134277344,168.40699768066406,165.3489990234375,167.3975067138672,199312000
2021-08-02,166.57400512695312,167.9459991455078,165.85000610351562,167.65499877929688,67078000
2021-08-03,168.31199645996094,169.5500030517578,164.98849487304688,167.03599548339844,83146000
2021-08-04,167.73599243164062,169.44400024414062,167.2779998779297,168.96749877929688,43678000
2021-08-05,168.79949951171875,169.4499969482422,167.04600524902344,167.81100463867188,48670000
2021-08-06,167.2469940185547,168.75,166.45199584960938,168.75,52752000
2021-08-09,167.093505859375,167.74400329589844,166.42599487304688,167.1804962158203,42964000
2021-08-10,166.03399658203125,167.89999389648438,165.75,167.25050354003906,48252000
2021-08-11,164.60549926757812,166.88499450683594,163.88949584960938,166.57249450683594,58944000
2021-08-12,165.1750030517578,165.72549438476562,163.48350524902344,164.5,46282000
2021-08-13,164.69850158691406,165.30349731445312,164.14999389648438,165.2834930419922,41134000
2021-08-16,164.94949340820312,165.0,160.55650329589844,164.14999389648438,66394000
2021-08-17,162.09800720214844,164.02450561523438,161.28399658203125,163.875,67758000
2021-08-18,160.06100463867188,162.7050018310547,160.0,162.09950256347656,56086000
2021-08-19,159.3874969482422,161.64999389648438,159.1230010986328,159.7010040283203,75658000
2021-08-20,159.99749755859375,160.3905029296875,158.78799438476562,160.19349670410156,67168000
2021-08-23,163.2935028076172,164.0449981689453,160.50050354003906,160.59500122070312,65362000
2021-08-24,165.28900146484375,165.77450561523438,163.72900390625,164.0,51036000
2021-08-25,164.95899963378906,166.0500030517578,164.3074951171875,165.49349975585938,33606000
2021-08-26,165.8000030517578,166.60000610351562,164.8000030517578,164.9499969482422,41976000
2021-08-27,167.48150634765625,167.61599731445312,165.6875,166.6614990234375,48048000
2021-08-30,171.07850646972656,172.25,167.76100158691406,167.8715057373047,63844000
2021-08-31,173.5395050048828,173.62899780273438,169.7794952392578,171.24000549316406,87128000
2021-09-01,173.9499969482422,176.35000610351562,173.76199340820312,174.82000732421875,72598000
2021-09-02,173.156005859375,175.59800720214844,172.75,174.73800659179688,58474000
2021-09-03,173.90249633789062,174.1334991455078,171.82200622558594,172.60000610351562,51514000
2021-09-07,175.46449279785156,176.4044952392578,173.8470001220703,173.89999389648438,54758000
2021-09-08,176.27499389648438,177.281494140625,174.7834930419922,175.58250427246094,61068000
2021-09-09,174.20799255371094,177.49949645996094,174.01849365234375,176.30099487304688,54384000
2021-09-10,173.45750427246094,175.42250061035156,173.14549255371094,175.0915069580078,47946000
2021-09-13,172.85850524902344,174.8979949951172,171.89999389648438,174.13999938964844,51380000
2021-09-14,172.5,174.3404998779297,171.885498046875,173.77749633789062,38738000
2021-09-15,173.7895050048828,174.27099609375,170.10049438476562,172.12600708007812,59150000
2021-09-16,174.41200256347656,174.62750244140625,172.3070068359375,172.9980010986328,51672000
2021-09-17,173.12600708007812,174.87049865722656,172.60650634765625,174.42050170898438,92332000
2021-09-20,167.7864990234375,170.9499969482422,165.25050354003906,169.8000030517578,93382000
2021-09-21,167.18150329589844,168.98500061035156,166.6195068359375,168.75,55618000
2021-09-22,169.00250244140625,169.4499969482422,167.05250549316406,167.5500030517578,48228000
2021-09-23,170.8000030517578,171.447998046875,169.00250244140625,169.00250244140625,47588000
2021-09-24,171.2760009765625,171.46299743652344,169.6699981689453,170.10049438476562,42324000
2021-09-27,170.2899932861328,170.77850341796875,166.98049926757812,168.5749969482422,72690000
2021-09-28,165.79800415039062,168.45950317382812,164.5050048828125,167.885498046875,88616000
2021-09-29,165.05599975585938,167.56500244140625,164.89349365234375,166.10549926757812,51246000
2021-09-30,164.2519989013672,166.3925018310547,163.69949340820312,165.8000030517578,56848000
2021-10-01,164.16299438476562,165.45849609375,162.7969970703125,164.45050048828125,56712000
2021-10-04,159.48899841308594,163.99949645996094,158.8125,163.96949768066406,90462000
2021-10-05,161.0500030517578,163.0364990234375,160.1230010986328,160.22500610351562,65384000
2021-10-06,163.10049438476562,163.2169952392578,159.93099975585938,160.67649841308594,50660000
2021-10-07,165.1215057373047,166.28750610351562,164.1529998779297,164.57699584960938,48182000
2021-10-08,164.43099975585938,166.07150268554688,164.41000366210938,165.85000610351562,39964000
2021-10-11,162.31500244140625,164.62950134277344,161.90499877929688,163.75,40684000
2021-10-12,162.3665008544922,163.37649536132812,161.81399536132812,162.85000610351562,36392000
2021-10-13,164.21400451660156,164.41900634765625,163.05450439453125,163.48550415039062,48402000
2021-10-14,164.9929962158203,165.6300048828125,164.53900146484375,165.12249755859375,42190000
2021-10-15,170.4510040283203,170.52099609375,165.1999969482422,165.5709991455078,103598000
2021-10-18,172.33700561523438,172.45849609375,169.2550048828125,169.41799926757812,63482000
2021-10-19,172.20750427246094,172.7344970703125,171.10000610351562,171.71449279785156,47722000
2021-10-20,170.7530059814453,173.14300537109375,170.01849365234375,172.63299560546875,42796000
2021-10-21,171.75050354003906,172.01400756835938,170.14999389648438,170.71249389648438,37628000
2021-10-22,166.77749633789062,171.49200439453125,166.56500244140625,171.0500030517578,62782000
2021-10-25,166.01849365234375,167.38999938964844,164.88499450683594,166.75,44520000
2021-10-26,168.80349731445312,170.80599975585938,167.19900512695312,167.47549438476562,53966000
2021-10-27,169.62449645996094,171.85000610351562,168.57249450683594,169.39999389648438,54044000
2021-10-28,172.32850646972656,173.9499969482422,169.3000030517578,170.10499572753906,114174000
2021-10-29,168.6215057373047,168.74099731445312,163.66600036621094,165.00100708007812,129722000
2021-11-01,165.90550231933594,168.79299926757812,164.6009979248047,168.08999633789062,72178000
2021-11-02,165.6374969482422,166.55599975585938,164.17750549316406,165.75050354003906,52552000
2021-11-03,169.1999969482422,169.74600219726562,164.87600708007812,165.4499969482422,67944000
2021-11-04,173.85000610351562,174.93150329589844,168.25,168.5,107060000
2021-11-05,175.94949340820312,178.3125,173.8489990234375,173.85000610351562,99940000
2021-11-08,174.44900512695312,178.9499969482422,174.39300537109375,176.16200256347656,61480000
2021-11-09,178.81149291992188,179.68850708007812,175.07150268554688,175.7624969482422,85898000
2021-11-10,174.1024932861328,180.2725067138672,173.1544952392578,178.19349670410156,80548000
2021-11-11,173.625,177.16200256347656,173.37350463867188,175.64999389648438,45288000
2021-11-12,176.25750732421875,177.0364990234375,172.3524932861328,174.25,53788000
2021-11-15,177.28399658203125,179.69400024414062,176.29049682617188,176.85000610351562,58594000
2021-11-16,177.03500366210938,178.8249969482422,176.25750732421875,176.9499969482422,44342000
2021-11-17,177.4499969482422,179.3625030517578,177.2675018310547,178.23599243164062,51206000
2021-11-18,184.80299377441406,185.2100067138672,178.0500030517578,178.3175048828125,114070000
2021-11-19,183.82850646972656,188.1074981689453,183.78599548339844,185.63450622558594,98734000
2021-11-22,178.6284942626953,185.67300415039062,178.375,183.81900024414062,96844000
2021-11-23,179.0019989013672,181.05250549316406,176.385498046875,179.2519989013672,73804000
2021-11-24,179.02049255371094,180.6820068359375,176.84249877929688,178.1334991455078,46560000
2021-11-26,175.22799682617188,181.6750030517578,175.20750427246094,180.10499572753906,59826000
2021-11-29,178.07850646972656,179.8000030517578,176.5749969482422,177.3820037841797,65312000
2021-11-30,175.35350036621094,179.2884979248047,174.60049438476562,178.1750030517578,80022000
2021-12-01,172.18600463867188,177.99400329589844,172.0800018310547,177.25,74916000
2021-12-02,171.8679962158203,174.63499450683594,171.1875,173.0,64726000
2021-12-03,169.489501953125,173.49349975585938,166.92999267578125,172.75,80712000
2021-12-06,171.36849975585938,173.69549560546875,166.9344940185547,169.64999389648438,68860000
2021-12-07,176.1645050048828,177.49949645996094,173.33450317382812,174.60000610351562,66410000
2021-12-08,176.1580047607422,177.17999267578125,174.75050354003906,176.15049743652344,45254000
2021-12-09,174.17100524902344,176.96949768066406,174.13949584960938,175.75,46062000
2021-12-10,172.21200561523438,175.927001953125,170.5,175.41700744628906,60690000
2021-12-13,169.5675048828125,172.10000610351562,169.1300048828125,172.0,62170000
2021-12-14,169.0915069580078,169.49899291992188,166.44000244140625,167.5500030517578,55976000
2021-12-15,173.31500244140625,173.60000610351562,165.19500732421875,168.59800720214844,75794000
2021-12-16,168.87100219726562,174.16600036621094,168.16050720214844,173.36849975585938,60876000
2021-12-17,170.0175018310547,170.89849853515625,165.61349487304688,167.7104949951172,85542000
2021-12-20,167.07899475097656,167.87449645996094,165.60000610351562,166.85000610351562,57372000
2021-12-21,170.41700744628906,170.7165069580078,165.6475067138672,167.85049438476562,55956000
2021-12-22,171.03700256347656,172.0500030517578,168.50050354003906,169.27000427246094,55036000
2021-12-23,171.06849670410156,171.97500610351562,170.14999389648438,170.42799377441406,36788000
2021-12-27,169.66949462890625,172.9429931640625,169.2154998779297,171.03700256347656,58688000
2021-12-28,170.66099548339844,172.17599487304688,169.135498046875,170.1824951171875,54638000
2021-12-29,169.2010040283203,171.21200561523438,168.60049438476562,170.83999633789062,35754000
2021-12-30,168.64450073242188,170.88800048828125,168.5240020751953,169.6999969482422,37584000
