Date,Close ANET,High ANET,Low ANET,Open ANET,Volume ANET
2020-01-02,12.795000076293945,12.952187538146973,12.693750381469727,12.854999542236328,9992000
2020-01-03,12.553125381469727,12.739375114440918,12.404999732971191,12.5,12270400
2020-01-06,12.678750038146973,12.698124885559082,12.375,12.4243745803833,8256000
2020-01-07,12.803125381469727,12.839374542236328,12.581250190734863,12.678750038146973,8526400
2020-01-08,12.936249732971191,12.9868745803833,12.789375305175781,12.803125381469727,10780800
2020-01-09,12.925000190734863,13.056249618530273,12.870624542236328,13.03125,7606400
2020-01-10,12.9662504196167,13.103750228881836,12.883749961853027,12.949999809265137,7304000
2020-01-13,13.196874618530273,13.21875,12.993749618530273,13.003125190734863,9716800
2020-01-14,13.315625190734863,13.396875381469727,13.194375038146973,13.244375228881836,10352000
2020-01-15,13.336874961853027,13.51187515258789,13.170000076293945,13.188750267028809,9297600
2020-01-16,13.703125,13.713125228881836,13.410625457763672,13.499375343322754,10230400
2020-01-17,13.866874694824219,13.920000076293945,13.698437690734863,13.75,15939200
2020-01-21,13.827500343322754,14.0,13.706250190734863,13.83187484741211,9916800
2020-01-22,13.920000076293945,14.119375228881836,13.854374885559082,13.875,7236800
2020-01-23,14.37874984741211,14.436249732971191,13.842499732971191,14.008749961853027,13553600
2020-01-24,14.878125190734863,15.118124961853027,14.646249771118164,14.671875,25740800
2020-01-27,14.685625076293945,14.7943754196167,14.213937759399414,14.381250381469727,19211200
2020-01-28,14.795000076293945,14.864999771118164,14.671875,14.71500015258789,9859200
2020-01-29,14.690625190734863,14.938750267028809,14.657500267028809,14.864999771118164,7233600
2020-01-30,14.483750343322754,14.601875305175781,14.259374618530273,14.319375038146973,11059200
2020-01-31,13.958749771118164,14.4087495803833,13.927499771118164,14.4087495803833,16012800
2020-02-03,14.079375267028809,14.211250305175781,13.977499961853027,14.103124618530273,9030400
2020-02-04,14.457500457763672,14.479374885559082,14.244999885559082,14.284375190734863,7896000
2020-02-05,14.369375228881836,14.664375305175781,14.347187995910645,14.612500190734863,10528000
2020-02-06,14.532500267028809,14.583749771118164,14.314374923706055,14.422499656677246,7438400
2020-02-07,14.485625267028809,14.588125228881836,14.405312538146973,14.411250114440918,7526400
2020-02-10,14.525625228881836,14.659687995910645,14.344374656677246,14.381250381469727,12961600
2020-02-11,14.46875,14.663749694824219,14.391249656677246,14.61312484741211,11355200
2020-02-12,14.6537504196167,14.698749542236328,14.439374923706055,14.489375114440918,13379200
2020-02-13,14.851249694824219,15.084375381469727,14.524999618530273,14.53125,24499200
2020-02-14,13.966875076293945,14.1875,13.5625,13.59375,33832000
2020-02-18,14.1118745803833,14.143750190734863,13.774374961853027,13.948749542236328,13776000
2020-02-19,14.063750267028809,14.21500015258789,13.939374923706055,14.123125076293945,11504000
2020-02-20,14.267499923706055,14.297499656677246,13.977499961853027,14.024999618530273,11952000
2020-02-21,13.9662504196167,14.035625457763672,13.766875267028809,13.968125343322754,15432000
2020-02-24,13.359375,13.522500038146973,13.084375381469727,13.124375343322754,16489600
2020-02-25,12.874375343322754,13.593125343322754,12.656874656677246,13.523750305175781,20457600
2020-02-26,12.696249961853027,13.070625305175781,12.67562484741211,12.943750381469727,13156800
2020-02-27,12.073749542236328,12.716875076293945,12.065625190734863,12.440625190734863,17584000
2020-02-28,12.069999694824219,12.256875038146973,11.611249923706055,11.688124656677246,19475200
2020-03-02,12.286874771118164,12.323749542236328,11.884374618530273,12.167499542236328,14659200
2020-03-03,11.984375,12.428125381469727,11.788749694824219,12.280625343322754,11180800
2020-03-04,12.601875305175781,12.616250038146973,12.079999923706055,12.358124732971191,11427200
2020-03-05,12.28499984741211,12.6225004196167,12.243749618530273,12.308124542236328,8960000
2020-03-06,11.923749923706055,12.20687484741211,11.6743745803833,11.97249984741211,15444800
2020-03-09,11.60562515258789,11.851249694824219,11.086874961853027,11.086874961853027,18836800
2020-03-10,12.4975004196167,12.527188301086426,11.529375076293945,11.844374656677246,21753600
2020-03-11,11.387499809265137,12.255624771118164,11.322188377380371,12.167499542236328,23360000
2020-03-12,10.180624961853027,10.88687515258789,10.161250114440918,10.541250228881836,33078400
2020-03-13,11.047499656677246,11.065625190734863,9.839374542236328,10.716875076293945,17172800
2020-03-16,9.8149995803833,10.701874732971191,9.805624961853027,10.072500228881836,16475200
2020-03-17,10.512499809265137,10.766249656677246,9.853375434875488,10.056875228881836,23912000
2020-03-18,11.0625,11.582500457763672,9.858124732971191,9.858124732971191,31808000
2020-03-19,11.117500305175781,11.857500076293945,10.790624618530273,10.983124732971191,14928000
2020-03-20,10.279999732971191,11.735438346862793,10.219374656677246,11.283124923706055,18297600
2020-03-23,10.117500305175781,10.478124618530273,9.789375305175781,10.246874809265137,15707200
2020-03-24,11.65999984741211,11.845624923706055,10.687188148498535,10.732500076293945,23580800
2020-03-25,11.770625114440918,12.293000221252441,11.564374923706055,11.71875,24233600
2020-03-26,12.535625457763672,12.666250228881836,11.658437728881836,11.791874885559082,18998400
2020-03-27,11.9556245803833,12.260000228881836,11.861562728881836,12.076250076293945,14644800
2020-03-30,12.858124732971191,12.93375015258789,11.817500114440918,11.938124656677246,16641600
2020-03-31,12.659375190734863,13.03862476348877,12.451250076293945,12.773750305175781,18113600
2020-04-01,12.048125267028809,12.47249984741211,11.811875343322754,12.161874771118164,13763200
2020-04-02,12.131250381469727,12.383125305175781,11.81624984741211,11.890625,10616000
2020-04-03,12.164999961853027,12.3568754196167,12.011249542236328,12.10562515258789,13510400
2020-04-06,12.975000381469727,13.035625457763672,12.420000076293945,12.518750190734863,15972800
2020-04-07,13.071249961853027,13.46500015258789,12.960624694824219,13.3125,13625600
2020-04-08,13.411874771118164,13.491874694824219,13.14437484741211,13.258125305175781,12708800
2020-04-09,13.119375228881836,13.28125,12.896875381469727,13.201250076293945,22150400
2020-04-13,12.630000114440918,13.1875,12.541874885559082,13.0625,14004800
2020-04-14,12.95687484741211,13.164375305175781,12.8125,12.92562484741211,11702400
2020-04-15,12.76187515258789,12.909375190734863,12.595000267028809,12.765625,7635200
2020-04-16,12.8256254196167,13.172499656677246,12.6875,12.8125,12382400
2020-04-17,13.126250267028809,13.238750457763672,12.840624809265137,13.123125076293945,11428800
2020-04-20,13.249375343322754,13.3774995803833,13.001250267028809,13.07437515258789,9662400
2020-04-21,12.503125190734863,13.170000076293945,12.5,13.130000114440918,11518400
2020-04-22,13.210624694824219,13.30062484741211,12.814374923706055,12.930000305175781,9272000
2020-04-23,13.076874732971191,13.353750228881836,13.015625,13.203749656677246,6240000
2020-04-24,13.55062484741211,13.557499885559082,13.163187980651855,13.208749771118164,10068800
2020-04-27,13.619375228881836,13.788125038146973,13.484063148498535,13.6875,10158400
2020-04-28,13.626874923706055,13.85562515258789,13.571874618530273,13.75,10420800
2020-04-29,13.8774995803833,14.0,13.781874656677246,13.864375114440918,17291200
2020-04-30,13.706250190734863,13.833749771118164,13.568124771118164,13.800000190734863,11910400
2020-05-01,12.977499961853027,13.501874923706055,12.857500076293945,13.491250038146973,12187200
2020-05-04,13.1875,13.1875,12.844374656677246,12.925000190734863,9796800
2020-05-05,13.77750015258789,13.846875190734863,13.281874656677246,13.353124618530273,20096000
2020-05-06,13.000624656677246,13.265625,12.578125,12.90625,39841600
2020-05-07,13.151874542236328,13.4087495803833,13.102499961853027,13.263750076293945,17667200
2020-05-08,13.625624656677246,13.673125267028809,13.245624542236328,13.329999923706055,17355200
2020-05-11,14.036250114440918,14.09749984741211,13.457500457763672,13.570625305175781,12926400
2020-05-12,13.818750381469727,14.344374656677246,13.79312515258789,14.256875038146973,14924800
2020-05-13,13.357500076293945,13.991250038146973,13.068124771118164,13.801250457763672,16662400
2020-05-14,12.849374771118164,13.284375190734863,12.662500381469727,13.114999771118164,12595200
2020-05-15,13.153124809265137,13.186249732971191,12.68531322479248,12.720624923706055,13160000
2020-05-18,13.476249694824219,13.69937515258789,13.375,13.454375267028809,8745600
2020-05-19,13.734999656677246,13.82437515258789,13.414999961853027,13.467499732971191,7857600
2020-05-20,14.043749809265137,14.098750114440918,13.87125015258789,13.904999732971191,11620800
2020-05-21,13.942500114440918,14.163125038146973,13.898124694824219,13.9375,8904000
2020-05-22,13.760624885559082,14.112500190734863,13.646875381469727,14.05875015258789,7657600
2020-05-26,13.896875381469727,14.210938453674316,13.876874923706055,14.0,6704000
2020-05-27,14.20687484741211,14.21500015258789,13.673125267028809,13.954999923706055,7441600
2020-05-28,13.932499885559082,14.33187484741211,13.899374961853027,14.212499618530273,9806400
2020-05-29,14.5912504196167,14.65250015258789,13.90625,13.98062515258789,15401600
2020-06-01,14.664999961853027,14.75,14.390000343322754,14.561875343322754,8654400
2020-06-02,14.403124809265137,14.668749809265137,14.125,14.668749809265137,14142400
2020-06-03,14.454375267028809,14.5600004196167,14.25518798828125,14.399999618530273,9864000
2020-06-04,14.291250228881836,14.557812690734863,14.149374961853027,14.317500114440918,7201600
2020-06-05,14.698124885559082,14.82437515258789,14.556249618530273,14.625,8814400
2020-06-08,14.4868745803833,14.8125,14.403124809265137,14.69124984741211,6904000
2020-06-09,14.462499618530273,14.654999732971191,14.346875190734863,14.449999809265137,6859200
2020-06-10,14.548125267028809,14.6850004196167,14.351249694824219,14.516249656677246,5555200
2020-06-11,13.675000190734863,14.25,13.603124618530273,14.25,14094400
2020-06-12,13.923749923706055,14.212499618530273,13.61312484741211,14.125624656677246,9857600
2020-06-15,14.115625381469727,14.168749809265137,13.489999771118164,13.624375343322754,6924800
2020-06-16,14.34749984741211,14.704999923706055,14.246874809265137,14.630000114440918,8307200
2020-06-17,14.1587495803833,14.46206283569336,14.134062767028809,14.408124923706055,9164800
2020-06-18,13.715624809265137,14.032438278198242,13.500624656677246,13.948749542236328,18339200
2020-06-19,13.625624656677246,13.954999923706055,13.360625267028809,13.9375,19073600
2020-06-22,13.554374694824219,13.731249809265137,13.48812484741211,13.598750114440918,8632000
2020-06-23,13.476249694824219,13.712499618530273,13.2787504196167,13.712499618530273,13355200
2020-06-24,13.078125,13.52750015258789,12.947500228881836,13.430624961853027,15251200
2020-06-25,13.248749732971191,13.278124809265137,12.883125305175781,13.026249885559082,8393600
2020-06-26,13.164375305175781,13.296313285827637,12.981249809265137,13.241874694824219,16289600
2020-06-29,12.931875228881836,13.208749771118164,12.795000076293945,13.208749771118164,12249600
2020-06-30,13.126874923706055,13.275625228881836,12.949999809265137,12.96875,12758400
2020-07-01,13.09000015258789,13.186249732971191,12.9556245803833,13.161874771118164,10508800
2020-07-02,13.156874656677246,13.3125,13.046375274658203,13.215624809265137,7782400
2020-07-06,13.403124809265137,13.518750190734863,13.318750381469727,13.423125267028809,7281600
2020-07-07,13.173749923706055,13.461250305175781,13.141249656677246,13.24625015258789,6662400
2020-07-08,13.381250381469727,13.438124656677246,13.190625190734863,13.190625190734863,6195200
2020-07-09,13.6743745803833,13.713749885559082,13.3256254196167,13.461250305175781,7353600
2020-07-10,13.506875038146973,13.621874809265137,13.274999618530273,13.621874809265137,6139200
2020-07-13,13.206250190734863,13.727499961853027,13.1850004196167,13.678125381469727,7020800
2020-07-14,13.483124732971191,13.503125190734863,13.041250228881836,13.1875,6913600
2020-07-15,13.446249961853027,13.765625,13.37874984741211,13.67562484741211,7172800
2020-07-16,13.444999694824219,13.454999923706055,13.08187484741211,13.320625305175781,6726400
2020-07-17,13.723125457763672,13.795624732971191,13.499375343322754,13.536250114440918,6033600
2020-07-20,14.09000015258789,14.149374961853027,13.6875,13.720624923706055,7331200
2020-07-21,14.2993745803833,14.351249694824219,14.038687705993652,14.159375190734863,11635200
2020-07-22,14.614375114440918,14.796875,14.199999809265137,14.29312515258789,10328000
2020-07-23,14.956250190734863,15.144874572753906,14.546875,14.568750381469727,13675200
2020-07-24,14.80062484741211,14.911874771118164,14.421875,14.518750190734863,8102400
2020-07-27,15.364375114440918,15.523124694824219,14.880624771118164,14.889374732971191,12720000
2020-07-28,15.052499771118164,15.303750038146973,15.031874656677246,15.2787504196167,5564800
2020-07-29,15.432499885559082,15.473125457763672,15.107500076293945,15.130000114440918,7222400
2020-07-30,15.586874961853027,15.631250381469727,15.130000114440918,15.20687484741211,7518400
2020-07-31,16.235624313354492,16.237499237060547,15.625624656677246,15.836874961853027,14628800
2020-08-03,16.281875610351562,16.375,16.079999923706055,16.25,12190400
2020-08-04,16.499374389648438,16.706249237060547,16.206249237060547,16.206249237060547,18192000
2020-08-05,14.695625305175781,15.500624656677246,14.631875038146973,15.5,40004800
2020-08-06,14.773750305175781,15.043313026428223,14.593438148498535,14.86312484741211,13976000
2020-08-07,14.425000190734863,14.720624923706055,14.276249885559082,14.688750267028809,17280000
2020-08-10,13.904375076293945,14.453437805175781,13.870624542236328,14.397500038146973,20115200
2020-08-11,13.748749732971191,14.047813415527344,13.701874732971191,14.041250228881836,17776000
2020-08-12,13.515000343322754,13.906937599182129,13.489375114440918,13.779999732971191,12633600
2020-08-13,13.51937484741211,13.598750114440918,13.253125190734863,13.338749885559082,20422400
2020-08-14,13.291874885559082,13.545624732971191,13.289999961853027,13.515000343322754,17588800
2020-08-17,13.438124656677246,13.624375343322754,13.30875015258789,13.373125076293945,9672000
2020-08-18,13.7162504196167,13.727499961853027,13.345000267028809,13.454999923706055,12691200
2020-08-19,13.790624618530273,13.960000038146973,13.72856330871582,13.75,11211200
2020-08-20,13.836250305175781,13.963125228881836,13.651874542236328,13.719374656677246,9331200
2020-08-21,13.910625457763672,13.9375,13.661874771118164,13.733750343322754,8414400
2020-08-24,13.676875114440918,14.133125305175781,13.568750381469727,13.993124961853027,9412800
2020-08-25,13.714374542236328,13.788125038146973,13.601249694824219,13.638750076293945,6312000
2020-08-26,13.878125190734863,13.883125305175781,13.639187812805176,13.8125,5945600
2020-08-27,13.886249542236328,14.017499923706055,13.766875267028809,13.9375,11371200
2020-08-28,13.8774995803833,14.085000038146973,13.758125305175781,13.875624656677246,8779200
2020-08-31,13.965624809265137,14.0131254196167,13.711250305175781,13.842499732971191,8723200
2020-09-01,14.006250381469727,14.010624885559082,13.78499984741211,14.008749961853027,8448000
2020-09-02,14.282500267028809,14.350625038146973,13.960000038146973,14.024999618530273,7753600
2020-09-03,13.551250457763672,14.0600004196167,13.28125,14.041250228881836,15720000
2020-09-04,13.193750381469727,13.618749618530273,12.892499923706055,13.535625457763672,13048000
2020-09-08,12.94937515258789,13.128125190734863,12.833125114440918,12.868124961853027,14124800
2020-09-09,13.23812484741211,13.318750381469727,13.007499694824219,13.170000076293945,11888000
2020-09-10,12.883125305175781,13.449999809265137,12.871874809265137,13.2681245803833,11700800
2020-09-11,12.73812484741211,13.0756254196167,12.651562690734863,12.984999656677246,11376000
2020-09-14,12.845624923706055,13.025938034057617,12.8125,12.927499771118164,7625600
2020-09-15,12.898750305175781,12.960624694824219,12.729999542236328,12.818750381469727,9427200
2020-09-16,12.86312484741211,13.056875228881836,12.8618745803833,12.944999694824219,8683200
2020-09-17,12.6537504196167,12.789999961853027,12.592499732971191,12.686249732971191,13600000
2020-09-18,12.561249732971191,12.731249809265137,12.340624809265137,12.667499542236328,26563200
2020-09-21,12.193750381469727,12.400625228881836,12.083125114440918,12.376874923706055,14358400
2020-09-22,12.495624542236328,12.551875114440918,12.0600004196167,12.250624656677246,11086400
2020-09-23,12.404999732971191,12.704999923706055,12.34749984741211,12.649999618530273,11712000
2020-09-24,12.4037504196167,12.578749656677246,12.270000457763672,12.2993745803833,7001600
2020-09-25,12.539999961853027,12.600625038146973,12.321249961853027,12.4375,6897600
2020-09-28,12.815625190734863,12.961563110351562,12.58187484741211,12.677499771118164,12659200
2020-09-29,13.1537504196167,13.25,12.809374809265137,12.817500114440918,10822400
2020-09-30,12.933124542236328,13.221875190734863,12.819687843322754,13.1537504196167,14268800
2020-10-01,12.940625190734863,13.078125,12.817500114440918,13.03125,10681600
2020-10-02,12.743749618530273,13.19937515258789,12.67562484741211,12.71875,7891200
2020-10-05,12.875,12.984999656677246,12.762499809265137,12.859375,7665600
2020-10-06,12.925000190734863,13.175687789916992,12.838125228881836,12.838125228881836,8196800
2020-10-07,13.249375343322754,13.340624809265137,12.994063377380371,13.076874732971191,6260800
2020-10-08,13.905625343322754,14.296250343322754,13.717499732971191,13.8125,18484800
2020-10-09,14.225625038146973,14.25,13.90625,14.039375305175781,8611200
2020-10-12,14.265625,14.31406307220459,13.786250114440918,14.03125,15313600
2020-10-13,14.114999771118164,14.295937538146973,14.059062957763672,14.21875,7492800
2020-10-14,14.251874923706055,14.579999923706055,14.137499809265137,14.256250381469727,9704000
2020-10-15,14.139374732971191,14.139374732971191,13.883749961853027,13.960000038146973,7444800
2020-10-16,14.090624809265137,14.172813415527344,13.921875,14.15250015258789,6782400
2020-10-19,13.851875305175781,14.190937995910645,13.834375381469727,14.184374809265137,7201600
2020-10-20,13.873749732971191,14.079999923706055,13.7631254196167,13.957500457763672,7673600
2020-10-21,13.39437484741211,13.860688209533691,13.319375038146973,13.63687515258789,14161600
2020-10-22,13.373125076293945,13.551875114440918,13.164999961853027,13.426250457763672,8523200
2020-10-23,13.381875038146973,13.680000305175781,13.161874771118164,13.375,8294400
2020-10-26,13.054374694824219,13.373749732971191,12.788125038146973,13.266249656677246,10657600
2020-10-27,13.159375190734863,13.291250228881836,13.033124923706055,13.140625,7692800
2020-10-28,12.773750305175781,12.973750114440918,12.689374923706055,12.911874771118164,12371200
2020-10-29,12.697500228881836,12.8568754196167,12.582500457763672,12.770625114440918,9748800
2020-10-30,13.056249618530273,13.29312515258789,12.521875381469727,13.125,26580800
2020-11-02,13.507499694824219,13.67562484741211,12.981749534606934,13.125,27214400
2020-11-03,15.593125343322754,16.188125610351562,14.952813148498535,15.194999694824219,61275200
2020-11-04,15.90250015258789,16.153749465942383,15.500624656677246,15.53125,17848000
2020-11-05,16.0625,16.178749084472656,15.814374923706055,16.014999389648438,15670400
2020-11-06,16.4375,16.47249984741211,15.911874771118164,15.989999771118164,14107200
2020-11-09,16.354999542236328,16.906875610351562,16.341249465942383,16.612499237060547,14550400
2020-11-10,16.087499618530273,16.307750701904297,15.979374885559082,16.118749618530273,11833600
2020-11-11,16.575624465942383,16.654375076293945,16.109375,16.1875,8886400
2020-11-12,16.693124771118164,16.827499389648438,16.41343879699707,16.483125686645508,7870400
2020-11-13,17.116249084472656,17.145000457763672,16.696874618530273,16.94499969482422,9660800
2020-11-16,17.078750610351562,17.26187515258789,16.884374618530273,17.1875,10344000
2020-11-17,17.361249923706055,17.377500534057617,16.984375,17.006250381469727,10531200
2020-11-18,17.001874923706055,17.521875381469727,16.98812484741211,17.42937469482422,9441600
2020-11-19,17.05437469482422,17.066875457763672,16.81624984741211,16.99250030517578,6268800
2020-11-20,16.78125,17.131250381469727,16.764375686645508,17.0625,8280000
2020-11-23,16.778749465942383,16.934375762939453,16.563125610351562,16.685625076293945,7688000
2020-11-24,17.01937484741211,17.07437515258789,16.77750015258789,16.903749465942383,8424000
2020-11-25,16.909374237060547,17.170000076293945,16.875625610351562,17.075000762939453,5084800
2020-11-27,17.03499984741211,17.107812881469727,16.77375030517578,17.006250381469727,4404800
2020-11-30,16.918750762939453,17.180625915527344,16.71125030517578,17.030000686645508,11948800
2020-12-01,17.0625,17.107500076293945,16.780624389648438,16.875,7420800
2020-12-02,16.9737491607666,17.053125381469727,16.850624084472656,16.9375,6619200
2020-12-03,16.85562515258789,17.028749465942383,16.813125610351562,16.906875610351562,6064000
2020-12-04,16.881874084472656,16.994375228881836,16.782499313354492,16.864999771118164,6540800
2020-12-07,17.225624084472656,17.233125686645508,16.840625762939453,16.930625915527344,9904000
2020-12-08,17.731250762939453,18.0625,17.348125457763672,17.371875762939453,18232000
2020-12-09,17.349374771118164,17.783750534057617,17.286874771118164,17.705625534057617,7054400
2020-12-10,17.27312469482422,17.39437484741211,17.126249313354492,17.266874313354492,7536000
2020-12-11,17.333749771118164,17.5625,17.197500228881836,17.267499923706055,9768000
2020-12-14,17.155000686645508,17.716875076293945,17.138750076293945,17.358749389648438,8208000
2020-12-15,17.474374771118164,17.518749237060547,17.294687271118164,17.326875686645508,9827200
2020-12-16,17.856250762939453,18.34375,17.766874313354492,17.846874237060547,16217600
2020-12-17,17.83562469482422,17.962499618530273,17.625,17.861875534057617,9184000
2020-12-18,17.982500076293945,18.186250686645508,17.79312515258789,17.974374771118164,20131200
2020-12-21,17.953750610351562,17.96500015258789,17.463125228881836,17.709999084472656,8064000
2020-12-22,18.176250457763672,18.25749969482422,17.935937881469727,17.944374084472656,10481600
2020-12-23,17.905624389648438,18.275625228881836,17.899375915527344,18.131874084472656,5376000
2020-12-24,18.052499771118164,18.08625030517578,17.873125076293945,18.04312515258789,1628800
2020-12-28,18.18375015258789,18.361249923706055,18.163124084472656,18.263750076293945,7307200
2020-12-29,17.96875,18.28125,17.918750762939453,18.236875534057617,4182400
2020-12-30,18.059999465942383,18.298749923706055,18.003124237060547,18.081249237060547,5334400
2020-12-31,18.160625457763672,18.178125381469727,17.97624969482422,18.125,4966400
2021-01-04,17.697500228881836,18.225000381469727,17.526874542236328,18.172500610351562,13027200
2021-01-05,17.875625610351562,17.9950008392334,17.7393741607666,17.7393741607666,8944000
2021-01-06,17.86687469482422,18.265625,17.755624771118164,18.218124389648438,11672000
2021-01-07,18.498125076293945,18.511249542236328,18.1278133392334,18.309375762939453,14132800
2021-01-08,19.13249969482422,19.201250076293945,18.5831241607666,18.610000610351562,17667200
2021-01-11,18.934999465942383,19.013750076293945,18.784374237060547,18.89812469482422,8337600
2021-01-12,19.767499923706055,19.805625915527344,18.917499542236328,18.934999465942383,14856000
2021-01-13,19.35187530517578,19.634063720703125,19.2684383392334,19.572500228881836,7124800
2021-01-14,19.568750381469727,20.01593780517578,19.424999237060547,19.500625610351562,9076800
2021-01-15,19.816875457763672,19.971250534057617,19.351749420166016,19.59375,11798400
2021-01-19,19.872499465942383,19.9375,19.516250610351562,19.927499771118164,7620800
2021-01-20,19.653125762939453,20.021249771118164,19.575937271118164,20.021249771118164,6363200
2021-01-21,19.478750228881836,19.811874389648438,19.303499221801758,19.709999084472656,6785600
2021-01-22,19.450624465942383,19.53093719482422,19.24187469482422,19.443124771118164,7576000
2021-01-25,19.23062515258789,19.756250381469727,19.141813278198242,19.735000610351562,7947200
2021-01-26,19.1875,19.326875686645508,19.075624465942383,19.310625076293945,9342400
2021-01-27,19.10562515258789,19.299999237060547,18.8018741607666,19.05875015258789,20612800
2021-01-28,19.33562469482422,19.427499771118164,18.94937515258789,19.052499771118164,10208000
2021-01-29,19.22249984741211,19.712499618530273,19.135313034057617,19.298749923706055,11091200
2021-02-01,19.762500762939453,19.971250534057617,19.3700008392334,19.375,9641600
2021-02-02,19.776874542236328,20.02312469482422,19.673124313354492,19.875,7219200
2021-02-03,19.797500610351562,19.928125381469727,19.606250762939453,19.828125,6299200
2021-02-04,19.998750686645508,20.008750915527344,19.638750076293945,19.8125,5996800
2021-02-05,20.119375228881836,20.239688873291016,19.950000762939453,20.087499618530273,8251200
2021-02-08,20.005624771118164,20.292062759399414,19.911874771118164,20.205625534057617,5281600
2021-02-09,19.999374389648438,20.069250106811523,19.873750686645508,20.014999389648438,5230400
2021-02-10,19.909374237060547,20.106250762939453,19.65999984741211,20.106250762939453,8380800
2021-02-11,19.878124237060547,19.997499465942383,19.642499923706055,19.953750610351562,6390400
2021-02-12,20.20687484741211,20.219999313354492,19.709375381469727,19.903125762939453,7265600
2021-02-16,19.916250228881836,20.387500762939453,19.880624771118164,20.3125,6641600
2021-02-17,19.513124465942383,19.779375076293945,19.190000534057617,19.72249984741211,7812800
2021-02-18,19.303125381469727,19.473438262939453,19.084375381469727,19.261249542236328,9918400
2021-02-19,19.434375762939453,20.412500381469727,19.106874465942383,20.3125,22678400
2021-02-22,18.260000228881836,19.246875762939453,18.21781349182129,19.224374771118164,22371200
2021-02-23,17.9424991607666,18.052499771118164,16.891250610351562,17.431249618530273,22545600
2021-02-24,17.897499084472656,18.076875686645508,17.5,17.731250762939453,8483200
2021-02-25,17.516250610351562,18.01937484741211,17.4424991607666,17.928125381469727,9382400
2021-02-26,17.489999771118164,17.794374465942383,17.338125228881836,17.629375457763672,10300800
2021-03-01,17.99625015258789,18.06624984741211,17.645000457763672,17.65625,8139200
2021-03-02,17.768749237060547,18.018125534057617,17.658750534057617,18.013750076293945,9987200
2021-03-03,17.43375015258789,17.801250457763672,17.331249237060547,17.801250457763672,8340800
2021-03-04,16.953750610351562,17.4793758392334,16.579374313354492,17.341875076293945,13662400
2021-03-05,17.06624984741211,17.15999984741211,16.3799991607666,16.994375228881836,12665600
2021-03-08,16.7393741607666,17.319374084472656,16.733749389648438,17.042499542236328,8012800
2021-03-09,17.251874923706055,17.4268741607666,16.90999984741211,16.923124313354492,7324800
2021-03-10,17.005624771118164,17.5,17.0,17.47687530517578,8716800
2021-03-11,17.2237491607666,17.475000381469727,17.1875,17.376874923706055,7632000
2021-03-12,17.475624084472656,17.541250228881836,17.125625610351562,17.238750457763672,8347200
2021-03-15,17.91437530517578,18.048124313354492,17.555625915527344,17.555625915527344,7700800
2021-03-16,17.939374923706055,18.047500610351562,17.7862491607666,17.97624969482422,6838400
2021-03-17,18.0831241607666,18.213125228881836,17.593124389648438,17.712499618530273,9905600
2021-03-18,17.737499237060547,18.0625,17.72624969482422,17.829999923706055,8409600
2021-03-19,17.826250076293945,18.037500381469727,17.63312530517578,17.808124542236328,15070400
2021-03-22,18.140625,18.288124084472656,17.75,17.82062530517578,9323200
2021-03-23,17.875625610351562,18.245624542236328,17.774375915527344,18.139999389648438,6459200
2021-03-24,17.778749465942383,18.107500076293945,17.775938034057617,17.906875610351562,6280000
2021-03-25,18.25,18.256250381469727,17.63687515258789,17.749374389648438,9268800
2021-03-26,19.454374313354492,19.462499618530273,18.2890625,18.38312530517578,14278400
2021-03-29,19.23062515258789,19.706249237060547,19.029375076293945,19.409374237060547,8592000
2021-03-30,18.678749084472656,19.059375762939453,18.609375,19.058124542236328,11840000
2021-03-31,18.868125915527344,19.072500228881836,18.575000762939453,18.771875381469727,7931200
2021-04-01,19.252500534057617,19.5,18.9637508392334,19.00374984741211,6313600
2021-04-05,19.47624969482422,19.587499618530273,19.253124237060547,19.453750610351562,6334400
2021-04-06,19.24187469482422,19.403749465942383,19.209999084472656,19.375625610351562,6608000
2021-04-07,19.238750457763672,19.333749771118164,19.075624465942383,19.271249771118164,4363200
2021-04-08,19.453125,19.473125457763672,19.116249084472656,19.43000030517578,4280000
2021-04-09,19.721874237060547,19.727500915527344,19.42593765258789,19.506874084472656,4892800
2021-04-12,19.625625610351562,19.778749465942383,19.46031379699707,19.6875,5129600
2021-04-13,19.6456241607666,20.061874389648438,19.60562515258789,19.790000915527344,5782400
2021-04-14,19.529375076293945,19.758750915527344,19.465938568115234,19.618125915527344,3630400
2021-04-15,19.677499771118164,19.684999465942383,19.405000686645508,19.639375686645508,4560000
2021-04-16,19.7918758392334,19.860000610351562,19.639375686645508,19.739999771118164,3380800
2021-04-19,19.67562484741211,19.878124237060547,19.649063110351562,19.803125381469727,4059200
2021-04-20,19.345624923706055,19.594999313354492,19.2606258392334,19.560625076293945,5316800
2021-04-21,19.7762508392334,19.779375076293945,19.350624084472656,19.46125030517578,3283200
2021-04-22,19.5518741607666,19.7706241607666,19.450000762939453,19.732500076293945,6931200
2021-04-23,19.915000915527344,19.97624969482422,19.65218734741211,19.6875,4140800
2021-04-26,20.066875457763672,20.171688079833984,19.888124465942383,19.913124084472656,5400000
2021-04-27,19.938749313354492,20.141874313354492,19.831249237060547,20.141874313354492,4811200
2021-04-28,20.047500610351562,20.05437469482422,19.831249237060547,19.998750686645508,4212800
2021-04-29,20.156875610351562,20.211875915527344,19.791250228881836,20.003124237060547,6614400
2021-04-30,19.6981258392334,20.06999969482422,19.657499313354492,20.017499923706055,8614400
2021-05-03,19.669374465942383,19.905000686645508,19.462499618530273,19.738750457763672,5942400
2021-05-04,19.096250534057617,19.467500686645508,18.912500381469727,19.39437484741211,9344000
2021-05-05,19.796249389648438,20.153749465942383,19.325000762939453,19.775625228881836,12262400
2021-05-06,20.453750610351562,20.469999313354492,19.75,19.75,11180800
2021-05-07,20.532499313354492,20.6875,20.346874237060547,20.593124389648438,7524800
2021-05-10,20.387500762939453,20.740625381469727,20.262500762939453,20.625,7502400
2021-05-11,20.421249389648438,20.547500610351562,19.951875686645508,20.024999618530273,9836800
2021-05-12,19.735624313354492,20.229063034057617,19.665000915527344,20.171249389648438,6017600
2021-05-13,19.86750030517578,20.065624237060547,19.5831241607666,19.910625457763672,6643200
2021-05-14,20.39875030517578,20.546875,19.983749389648438,20.103124618530273,5990400
2021-05-17,20.361875534057617,20.451250076293945,20.213125228881836,20.285625457763672,3401600
2021-05-18,20.354999542236328,20.582500457763672,20.303438186645508,20.451875686645508,4273600
2021-05-19,20.223125457763672,20.349374771118164,19.90625,20.079999923706055,4979200
2021-05-20,20.995624542236328,21.162500381469727,20.107500076293945,20.280000686645508,8560000
2021-05-21,20.75812530517578,21.068124771118164,20.477500915527344,20.80062484741211,7056000
2021-05-24,21.028749465942383,21.224374771118164,20.885000228881836,20.9375,4192000
2021-05-25,21.143749237060547,21.274999618530273,21.04312515258789,21.055625915527344,4569600
2021-05-26,21.153749465942383,21.286874771118164,20.990625381469727,21.125,4206400
2021-05-27,21.06999969482422,21.264375686645508,21.05437469482422,21.204999923706055,6499200
2021-05-28,21.21125030517578,21.349374771118164,21.160625457763672,21.25,4526400
2021-06-01,20.92937469482422,21.220312118530273,20.91812515258789,21.16437530517578,4801600
2021-06-02,20.8856258392334,21.004375457763672,20.735000610351562,21.004375457763672,7907200
2021-06-03,21.49187469482422,21.593124389648438,20.853750228881836,20.881250381469727,10200000
2021-06-04,21.895000457763672,22.012500762939453,21.5625,21.5625,7761600
2021-06-07,22.031875610351562,22.03499984741211,21.788124084472656,21.895000457763672,5441600
2021-06-08,22.170000076293945,22.332500457763672,21.954999923706055,22.049999237060547,6185600
2021-06-09,22.483125686645508,22.529375076293945,22.21031379699707,22.24625015258789,7697600
2021-06-10,23.072500228881836,23.088125228881836,22.34375,22.481874465942383,10019200
2021-06-11,22.749374389648438,23.128124237060547,22.583749771118164,23.125,8355200
2021-06-14,22.806249618530273,22.818124771118164,22.573749542236328,22.685625076293945,5832000
2021-06-15,22.608749389648438,22.863750457763672,22.535625457763672,22.852500915527344,4707200
2021-06-16,22.991249084472656,23.030000686645508,22.5262508392334,22.671875,6705600
2021-06-17,23.127500534057617,23.405624389648438,22.981874465942383,23.013124465942383,11195200
2021-06-18,22.681875228881836,23.103750228881836,22.603750228881836,22.982500076293945,18536000
2021-06-21,23.09375,23.34375,22.681875228881836,22.860000610351562,6832000
2021-06-22,22.771875381469727,23.072187423706055,22.657499313354492,23.037500381469727,9112000
2021-06-23,22.788124084472656,22.91374969482422,22.543750762939453,22.799999237060547,8760000
2021-06-24,22.71875,23.025625228881836,22.57437515258789,23.0,5134400
2021-06-25,22.638750076293945,22.760000228881836,22.586875915527344,22.71062469482422,9678400
2021-06-28,22.676250457763672,22.748750686645508,22.54462432861328,22.656875610351562,7280000
2021-06-29,22.735000610351562,22.764062881469727,22.594375610351562,22.676250457763672,5649600
2021-06-30,22.64437484741211,22.712499618530273,22.339374542236328,22.69562530517578,6016000
2021-07-01,22.711875915527344,22.926250457763672,22.569374084472656,22.711875915527344,5232000
2021-07-02,22.849374771118164,22.96062469482422,22.584375381469727,22.790000915527344,4657600
2021-07-06,23.433124542236328,23.4375,22.988750457763672,23.0731258392334,8904000
2021-07-07,23.409374237060547,23.514062881469727,22.779375076293945,23.438125610351562,9817600
2021-07-08,23.135000228881836,23.31624984741211,22.890625,23.118749618530273,9208000
2021-07-09,23.626874923706055,23.668750762939453,23.1875,23.267499923706055,8267200
2021-07-12,23.181249618530273,23.600250244140625,23.105937957763672,23.590625762939453,4006400
2021-07-13,23.123750686645508,23.427188873291016,23.056249618530273,23.3231258392334,5816000
2021-07-14,23.078125,23.275625228881836,22.84406280517578,23.238750457763672,4460800
2021-07-15,23.003124237060547,23.155624389648438,22.84375,22.985313415527344,3998400
2021-07-16,22.715625762939453,23.140625,22.690624237060547,23.003124237060547,5048000
2021-07-19,22.63249969482422,22.828125,22.33187484741211,22.436250686645508,7481600
2021-07-20,22.73062515258789,22.811250686645508,22.610000610351562,22.811250686645508,10112000
2021-07-21,22.9481258392334,22.961875915527344,22.59000015258789,22.813125610351562,6900800
2021-07-22,23.33562469482422,23.424999237060547,23.108125686645508,23.149375915527344,9025600
2021-07-23,23.811250686645508,23.81624984741211,23.426563262939453,23.481250762939453,6358400
2021-07-26,23.58562469482422,23.81624984741211,23.368749618530273,23.81624984741211,3436800
2021-07-27,23.41437530517578,23.5575008392334,23.08187484741211,23.537500381469727,4588800
2021-07-28,23.565624237060547,23.600624084472656,23.333250045776367,23.4375,3587200
2021-07-29,23.813125610351562,23.963125228881836,23.634374618530273,23.64437484741211,3766400
2021-07-30,23.774375915527344,23.9715633392334,23.611249923706055,23.625,5752000
2021-08-02,23.573749542236328,23.874374389648438,23.47624969482422,23.8125,10294400
2021-08-03,23.6981258392334,23.861875534057617,22.375,22.780000686645508,11856000
2021-08-04,23.88249969482422,24.0,23.272499084472656,23.725000381469727,7564800
2021-08-05,23.787500381469727,23.936874389648438,23.666250228881836,23.84375,5217600
2021-08-06,23.600000381469727,23.775625228881836,23.546249389648438,23.775625228881836,5038400
2021-08-09,23.46875,23.63687515258789,23.356250762939453,23.55875015258789,5401600
2021-08-10,23.231250762939453,23.4893741607666,23.114999771118164,23.40250015258789,3945600
2021-08-11,23.068750381469727,23.232500076293945,22.9375,23.232500076293945,5603200
2021-08-12,22.936874389648438,23.031875610351562,22.793750762939453,23.031875610351562,5649600
2021-08-13,22.754375457763672,22.921249389648438,22.599313735961914,22.921249389648438,5323200
2021-08-16,22.844375610351562,22.896249771118164,22.55500030517578,22.725000381469727,3368000
2021-08-17,22.78937530517578,22.832500457763672,22.5206241607666,22.6512508392334,3396800
2021-08-18,22.629375457763672,22.89437484741211,22.598125457763672,22.778125762939453,3241600
2021-08-19,22.927499771118164,23.03843879699707,22.375,22.45687484741211,5374400
2021-08-20,23.116249084472656,23.159374237060547,22.90999984741211,22.953750610351562,4643200
2021-08-23,23.140625,23.21500015258789,22.973125457763672,23.020000457763672,6612800
2021-08-24,23.528125762939453,23.540624618530273,23.160625457763672,23.232500076293945,6459200
2021-08-25,23.38249969482422,23.697500228881836,23.295000076293945,23.484375,5870400
2021-08-26,23.076875686645508,23.4375,23.021875381469727,23.4375,3862400
2021-08-27,23.303749084472656,23.431249618530273,22.891874313354492,23.13687515258789,5737600
2021-08-30,23.256250381469727,23.3956241607666,23.090625762939453,23.346874237060547,8788800
2021-08-31,23.095624923706055,23.33625030517578,22.94562530517578,23.33625030517578,6976000
2021-09-01,22.4737491607666,23.096250534057617,22.393125534057617,23.096250534057617,12425600
2021-09-02,22.744375228881836,22.868125915527344,22.4012508392334,22.6143741607666,8356800
2021-09-03,22.69499969482422,22.80875015258789,22.545000076293945,22.64812469482422,7267200
2021-09-07,22.466249465942383,22.654375076293945,22.309375762939453,22.654375076293945,8563200
2021-09-08,22.47249984741211,22.631250381469727,22.325624465942383,22.423124313354492,5676800
2021-09-09,22.38312530517578,22.660625457763672,22.372499465942383,22.572500228881836,5283200
2021-09-10,21.9325008392334,22.6200008392334,21.918750762939453,22.568750381469727,7113600
2021-09-13,22.393749237060547,22.399999618530273,21.64812469482422,21.850624084472656,11259200
2021-09-14,22.360000610351562,22.549999237060547,22.140625,22.5,6470400
2021-09-15,22.43000030517578,22.517499923706055,22.068124771118164,22.361249923706055,6854400
2021-09-16,22.808124542236328,22.97624969482422,22.471874237060547,22.506874084472656,7473600
2021-09-17,22.44562530517578,22.6953125,22.21062469482422,22.625,21648000
2021-09-20,22.123125076293945,22.373125076293945,21.799999237060547,22.223125457763672,6227200
2021-09-21,21.971250534057617,22.264375686645508,21.908750534057617,22.2606258392334,4835200
2021-09-22,21.885000228881836,22.165000915527344,21.856250762939453,22.115625381469727,7126400
2021-09-23,22.369375228881836,22.448749542236328,22.0206241607666,22.046249389648438,5294400
2021-09-24,22.509374618530273,22.579999923706055,22.254375457763672,22.254375457763672,3353600
2021-09-27,22.299375534057617,22.423437118530273,22.09406280517578,22.40625,4388800
2021-09-28,21.6612491607666,22.127500534057617,21.63249969482422,22.103750228881836,5166400
2021-09-29,21.623750686645508,21.83625030517578,21.606250762939453,21.744375228881836,6190400
2021-09-30,21.477500915527344,21.806875228881836,21.461875915527344,21.763124465942383,6286400
2021-10-01,21.905000686645508,21.9950008392334,21.295000076293945,21.5625,5484800
2021-10-04,21.482500076293945,21.8231258392334,21.345874786376953,21.8231258392334,7566400
2021-10-05,22.059375762939453,22.224374771118164,21.658750534057617,21.69937515258789,5497600
2021-10-06,22.094999313354492,22.123062133789062,21.572500228881836,21.865625381469727,4384000
2021-10-07,22.75749969482422,22.790624618530273,22.32062530517578,22.358749389648438,8123200
2021-10-08,23.2450008392334,23.497499465942383,22.903749465942383,23.049375534057617,9395200
2021-10-11,23.599374771118164,23.6981258392334,23.238750457763672,23.3125,5614400
2021-10-12,23.434375762939453,23.715625762939453,23.385000228881836,23.653749465942383,4328000
2021-10-13,23.993125915527344,24.016874313354492,23.428125381469727,23.556249618530273,6134400
2021-10-14,24.701875686645508,24.70687484741211,24.04718780517578,24.0625,7587200
2021-10-15,24.361249923706055,24.781875610351562,24.344999313354492,24.68000030517578,6936000
2021-10-18,23.982500076293945,24.678749084472656,23.943750381469727,24.375,8668800
2021-10-19,24.352500915527344,24.360000610351562,23.958749771118164,24.02375030517578,5505600
2021-10-20,24.669374465942383,24.71875,24.286624908447266,24.434999465942383,5024000
2021-10-21,24.717500686645508,24.76468849182129,24.427812576293945,24.59375,3945600
2021-10-22,24.407499313354492,24.803125381469727,24.327499389648438,24.6668758392334,3728000
2021-10-25,24.127500534057617,24.600624084472656,24.112499237060547,24.39812469482422,4470400
2021-10-26,25.224374771118164,25.487499237060547,24.727188110351562,24.8231258392334,11512000
2021-10-27,25.174375534057617,25.698749542236328,25.014999389648438,25.014999389648438,7062400
2021-10-28,25.440000534057617,25.532499313354492,25.0418758392334,25.218124389648438,7929600
2021-10-29,25.60562515258789,25.696874618530273,25.09749984741211,25.27750015258789,7849600
2021-11-01,25.535625457763672,25.861249923706055,25.533124923706055,25.5362491607666,11328000
2021-11-02,30.74187469482422,32.8125,30.190000534057617,30.5987491607666,52094400
2021-11-03,32.11249923706055,32.330623626708984,30.406875610351562,30.689374923706055,21843200
2021-11-04,32.741249084472656,33.37437438964844,30.916812896728516,31.001874923706055,15910400
2021-11-05,33.158748626708984,33.313751220703125,32.520626068115234,32.5625,10161600
2021-11-08,32.901248931884766,33.49506378173828,32.375,33.15625,8080000
2021-11-09,33.209999084472656,33.533939361572266,32.790000915527344,32.96562576293945,8382400
2021-11-10,32.6349983215332,33.4760627746582,32.40625,32.74250030517578,8313600
2021-11-11,32.5881233215332,33.075626373291016,32.46062469482422,32.7287483215332,6707200
2021-11-12,32.86249923706055,33.073123931884766,32.4375,32.4375,7584000
2021-11-15,33.010623931884766,33.27687454223633,32.596187591552734,32.8125,5684800
2021-11-16,32.954376220703125,33.198123931884766,32.1875,32.375,10038400
2021-11-17,33.02000045776367,33.41812515258789,32.5625,32.5625,6596800
2021-11-18,33.13750076293945,33.3125,32.25,32.5,8506000
2021-11-19,32.2400016784668,32.82500076293945,32.03300094604492,32.377498626708984,8121200
2021-11-22,32.040000915527344,33.037498474121094,32.0,32.47249984741211,8246000
2021-11-23,31.627500534057617,31.770000457763672,30.4375,31.469999313354492,10392400
2021-11-24,31.94499969482422,32.029998779296875,31.447500228881836,31.752500534057617,5400400
2021-11-26,31.24250030517578,31.8174991607666,31.047500610351562,31.417499542236328,4903200
2021-11-29,31.649999618530273,32.08250045776367,31.375,31.8700008392334,7191600
2021-11-30,31.014999389648438,31.540000915527344,30.8799991607666,31.497499465942383,10814800
2021-12-01,30.34749984741211,31.55500030517578,30.325000762939453,31.407499313354492,8917600
2021-12-02,30.81999969482422,30.8799991607666,29.850000381469727,30.354999542236328,9863600
2021-12-03,30.299999237060547,31.24625015258789,29.907499313354492,31.0625,7726000
2021-12-06,30.412500381469727,30.72249984741211,29.760000228881836,30.625,4812400
2021-12-07,31.577499389648438,31.673749923706055,30.872499465942383,30.94499969482422,7116000
2021-12-08,31.3700008392334,31.758750915527344,31.2450008392334,31.600000381469727,6197600
2021-12-09,32.165000915527344,32.689998626708984,31.510000228881836,31.639999389648438,9729600
2021-12-10,32.67250061035156,32.79999923706055,32.20750045776367,32.375,7390000
2021-12-13,33.04499816894531,33.47999954223633,32.685001373291016,32.807498931884766,10708400
2021-12-14,32.779998779296875,33.0,32.40999984741211,32.622501373291016,9210800
2021-12-15,34.665000915527344,34.8224983215332,32.6875,32.92499923706055,14980400
2021-12-16,32.53499984741211,35.13174819946289,32.435001373291016,34.907501220703125,15025200
2021-12-17,33.75749969482422,34.04750061035156,32.3224983215332,32.75,22887600
2021-12-20,33.58250045776367,33.807498931884766,33.0,33.13999938964844,7094000
2021-12-21,34.477500915527344,34.48500061035156,33.409000396728516,33.78499984741211,10894400
2021-12-22,34.88249969482422,35.08250045776367,34.097251892089844,34.23249816894531,6585600
2021-12-23,35.462501525878906,36.1349983215332,34.9900016784668,35.0,9278800
2021-12-27,36.709999084472656,37.14250183105469,35.70249938964844,35.717498779296875,8426400
2021-12-28,36.22249984741211,36.84000015258789,35.907501220703125,36.48749923706055,6271600
2021-12-29,36.4275016784668,36.57500076293945,36.037498474121094,36.3849983215332,4598400
2021-12-30,35.787498474121094,36.567501068115234,35.75749969482422,36.44499969482422,5357600
