Date,Close ASML,High ASML,Low ASML,Open ASML,Volume ASML
2020-01-02,288.8886413574219,289.35610308692566,286.7708420479149,287.40046120616233,573600
2020-01-03,284.2333068847656,286.90439182192443,283.95664944435345,284.3191600671055,410800
2020-01-06,281.9724426269531,282.1060114550775,278.96746423328057,279.67341682987774,617600
2020-01-07,285.03472900390625,287.35285305094465,283.7182548697406,284.92025805530966,477700
2020-01-08,287.9919738769531,289.2321144326088,286.1317339308222,286.8185886218777,536900
2020-01-09,287.5054626464844,289.9189886195151,286.4465482499361,289.3179870853457,579700
2020-01-10,282.54486083984375,286.6755384897122,281.9534082149567,286.2366943832174,447700
2020-01-13,287.5721740722656,287.7343314882527,283.80400836654377,284.9296777824426,405700
2020-01-14,288.6215515136719,291.8173340229694,284.72939450770946,285.37808248992883,609600
2020-01-15,286.2652893066406,289.0031883849445,285.9504942326473,287.71533212967387,505300
2020-01-16,287.21929931640625,288.99368645098167,285.75973641969034,288.621626735812,547500
2020-01-17,286.2271423339844,287.19062542207996,285.49257199771523,287.0475367567834,743900
2020-01-21,284.6626281738281,287.38142926073317,283.7754493377517,284.38597067959586,573000
2020-01-22,282.61163330078125,287.77257835094815,282.3826914202312,286.7232128773435,1108600
2020-01-23,280.7704772949219,283.4224940274529,278.1375293472836,283.26030746159387,713000
2020-01-24,282.2109069824219,285.5497780207613,280.93259984983223,283.2221347090953,977800
2020-01-27,271.1926574707031,275.33285426731084,270.7061269224065,273.9400761461369,889100
2020-01-28,276.8210144042969,276.89734775786815,272.0321299665758,273.0528775039196,1636100
2020-01-29,282.5067138671875,284.557729199416,280.18856085503216,282.43992944720577,965500
2020-01-30,280.8276062011719,281.1328813195107,277.1643921190185,277.4028828466012,794100
2020-01-31,267.7393798828125,274.9799588263879,267.27194711794255,274.7414679687761,1272600
2020-02-03,274.89410400390625,275.55234109607846,270.2769245210564,270.57265085375366,823200
2020-02-04,285.45440673828125,285.4830244685645,280.68459094010376,281.33327890162104,795300
2020-02-05,292.218017578125,293.20059852026844,289.098539248222,293.20059852026844,1042000
2020-02-06,295.29931640625,295.35655187301614,292.5042110327935,293.3723210956109,698000
2020-02-07,290.93011474609375,291.5597338574219,289.24161061524245,290.6439374739638,1775900
2020-02-10,295.42333984375,295.4424377413342,290.00483543192604,290.0430021144456,373000
2020-02-11,301.4619445800781,301.7099552355786,298.6000547481358,298.6286724819493,789900
2020-02-12,302.8260803222656,303.0836399055302,300.73689858673544,301.0994092605018,656100
2020-02-13,302.6448669433594,303.7133012167035,299.5635549018058,300.4507629257884,742200
2020-02-14,301.7385559082031,304.5241413300206,300.0309826994693,302.75930354424884,661400
2020-02-18,294.94635009765625,295.9289310788171,292.76179522033874,293.2482966803304,757100
2020-02-19,302.77838134765625,303.0073231900258,296.68254278075995,296.8256314322409,1093900
2020-02-20,299.0388488769531,302.00566048869854,296.14834151251296,301.309285976855,1118400
2020-02-21,291.9127502441406,296.5203798648999,290.701227414857,295.91940748078594,1134600
2020-02-24,277.0308532714844,281.6385109293293,274.99890739490036,275.74299738085386,1347400
2020-02-25,271.4883728027344,282.30631156720034,271.3452841509515,281.9438009075868,1166700
2020-02-26,273.1387634277344,278.85299395200485,272.44235977799383,276.1246730440543,861100
2020-02-27,264.4671936035156,273.64431372146555,263.16978868372286,266.0221289602093,1373900
2020-02-28,263.9712219238281,264.68669452169786,253.73521258907098,255.4809529183051,1647400
2020-03-02,274.2549133300781,274.2549133300781,262.78828437897766,266.74722644674426,1081300
2020-03-03,271.2117919921875,283.18405052783265,269.2275608637829,279.44450106593297,1916300
2020-03-04,287.7248229980469,288.087333667308,276.6302555824209,278.9293103577354,1289500
2020-03-05,274.9798583984375,282.3158368283474,272.871608138666,277.64142354887304,1453900
2020-03-06,274.8463134765625,274.97033334602787,268.3403068172877,271.3643537470635,1148400
2020-03-09,251.76040649414062,263.6467786290154,251.71269087131205,253.22951782714784,1759600
2020-03-10,266.88067626953125,267.4435108997728,252.80017423031913,265.1921432661687,1699200
2020-03-11,251.97988891601562,261.7007485019478,248.56468387857774,259.9645573603769,1175900
2020-03-12,229.66659545898438,243.127014159311,226.61391672759527,234.12160098447288,2779800
2020-03-13,245.12088012695312,245.98896110567546,223.0747732560674,245.22580211525937,2637200
2020-03-16,218.801025390625,236.78323960885524,199.9697844086439,210.49199855472537,1496800
2020-03-17,227.36756896972656,228.93206792107995,214.66078764411432,220.89016572012622,1642500
2020-03-18,187.9212188720703,215.87232941296799,182.44546478034712,203.53759203603,3131900
2020-03-19,204.17674255371094,209.146897231034,191.35547481530412,196.33516388435183,1634600
2020-03-20,206.1514892578125,226.39459305302975,205.66495862500327,214.78484607683936,2316700
2020-03-23,222.4165496826172,224.46757962308664,212.419017830042,214.9565638397244,1731500
2020-03-24,248.23077392578125,248.53604915871347,239.25399063269205,242.6214798057325,1427600
2020-03-25,250.00511169433594,259.8023020583832,240.35099541362848,248.66956920309252,1211300
2020-03-26,263.1985168457031,264.3814513509297,249.56637064077424,250.78747183653198,1018600
2020-03-27,240.9901885986328,251.56963741774402,240.21748070463025,250.13869256031,1518300
2020-03-30,255.69082641601562,257.6941555154898,248.68873807488495,251.43615751271756,1142400
2020-03-31,249.594970703125,256.2249981417688,247.07649362798043,255.7766342282082,881800
2020-04-01,237.54637145996094,245.8172306665416,235.9914213405049,241.47670974669887,715700
2020-04-02,235.89602661132812,240.36058210196435,231.09759272361612,232.64300849990525,788600
2020-04-03,233.3489227294922,236.58285717066082,231.3169765965759,234.7321663621691,571700
2020-04-06,258.6480712890625,260.2221048938967,247.47716932276612,248.03045522100118,807600
2020-04-07,260.0408630371094,268.3308067805209,258.52406482189383,267.54854985564725,768200
2020-04-08,265.7550964355469,268.3880445896902,261.7770855810748,265.2304282396825,891700
2020-04-09,264.0665283203125,272.0035084477769,262.4543283221512,269.22747228134483,728900
2020-04-13,261.4813232421875,263.436936189286,259.48754361492047,262.19679565395234,789400
2020-04-14,275.62860107421875,281.190223250687,271.9272189224156,273.77790999831717,1700600
2020-04-15,269.485107421875,271.4407498295093,262.3876175055849,264.171553490886,1487600
2020-04-16,278.9388732910156,279.0819619687147,272.9957003469239,276.487180533385,1212000
2020-04-17,282.0392150878906,287.5531212356196,280.0931220026196,287.3814148461492,899100
2020-04-20,278.1566467285156,284.2906537667804,278.02310698563826,278.2234311562812,510100
2020-04-21,268.1494445800781,274.31203714203104,265.7454684045912,272.90019059517766,663700
2020-04-22,281.3905944824219,281.8675761980505,274.96089027179795,276.6493950645678,596100
2020-04-23,276.076904296875,283.4796669734132,275.03708805290023,277.54601556377037,730500
2020-04-24,279.81439208984375,280.4088395918703,274.1862769037934,277.94476164896025,464200
2020-04-27,278.9130859375,282.6140448939063,278.3186385156053,281.68401381963366,689100
2020-04-28,279.4116516113281,285.3273919033652,279.09523332883407,285.3273919033652,532000
2020-04-29,291.1952819824219,292.2020331155061,283.1797791662189,284.09061579893256,968000
2020-04-30,276.54486083984375,289.10506420596903,275.2313181478403,288.9420564019694,846300
2020-05-01,267.5609436035156,272.1631412470615,266.73639514023773,272.1631412470615,862800
2020-05-04,271.51116943359375,271.5591266704781,264.5886783486057,268.0787011592363,1036900
2020-05-05,276.4682312011719,280.9266170532456,272.6138609370011,272.6138609370011,821600
2020-05-06,279.87188720703125,283.59201160453404,278.8076401991189,281.77990664888085,552400
2020-05-07,287.2449645996094,287.75312402568466,282.41263677236435,285.6629610474925,570800
2020-05-08,291.8567810058594,291.96226352251756,287.1011726979698,287.84903057404944,680600
2020-05-11,291.8472595214844,293.19913303384516,286.05613676288226,286.2958352134528,513600
2020-05-12,284.406982421875,293.2949895656699,284.0330388307462,292.79642737089335,481700
2020-05-13,282.10589599609375,289.04755339271543,278.76928320774033,286.1903374800417,1142300
2020-05-14,290.0829162597656,291.2430772801875,271.63574157398756,274.37790576947,1296800
2020-05-15,280.4855041503906,284.0138577799344,278.1460452903526,280.68684262521265,957200
2020-05-18,292.3266296386719,293.9277987561422,285.39454054969025,285.42330319072084,997000
2020-05-19,293.6304626464844,299.1339270974422,291.21431394461166,291.30060183467305,687400
2020-05-20,312.2216491699219,312.8160966863752,304.464981030196,305.12655113981447,1084900
2020-05-21,305.8454895019531,311.09009043658756,304.2251263564776,309.30674880289826,639200
2020-05-22,306.2004089355469,306.33465412772813,301.3681086982458,302.95011279712656,365400
2020-05-26,306.6798095703125,311.9723707414371,306.2196072146101,309.17267961728453,540400
2020-05-27,305.4045104980469,306.430426626307,298.29024943167775,305.8455473413891,808100
2020-05-28,306.78521728515625,315.5198137313273,306.2482951610918,308.02206933454755,797900
2020-05-29,315.93206787109375,316.3827020040729,310.8792072025722,312.0393684500641,649500
2020-06-01,313.2667236328125,313.67899796390765,310.1698089786293,310.53415532148216,526100
2020-06-02,320.9370422363281,321.2150713563792,315.22261042326323,318.02230104564285,717200
2020-06-03,332.0302429199219,333.1424471107821,324.88724749025727,326.4788485257954,693900
2020-06-04,338.5596008300781,338.82809113311026,332.70138586160846,333.51636628993833,884600
2020-06-05,342.5003356933594,349.154367264301,341.48401656673747,344.20698755316465,899200
2020-06-08,334.8586730957031,337.0830813252241,328.9716662010318,336.5077992989605,1001700
2020-06-09,334.9353942871094,338.58842524634423,330.95640623730867,332.3370715223572,737200
2020-06-10,333.5835266113281,338.8568921136073,333.38215886126886,336.5461957186738,997900
2020-06-11,319.1728820800781,330.61128508998706,319.08656488923384,327.5239678840367,919300
2020-06-12,328.9333801269531,332.9602963367328,323.3531934576192,331.9919345422721,845000
2020-06-15,335.58740234375,335.58740234375,322.75873757220114,323.6024807350627,598200
2020-06-16,337.54327392578125,340.37172673932866,332.7397379044125,336.77625075264564,863900
2020-06-17,347.47637939453125,350.6787463903476,345.55879226457716,346.4888231930072,710400
2020-06-18,344.0918884277344,346.89154965171497,341.829120075964,344.76302646304345,494700
2020-06-19,345.80816650390625,352.9703572315556,344.7726528328852,349.7008669211228,786900
2020-06-22,349.27899169921875,349.8926044986005,344.9931823642396,347.44769208189444,554500
2020-06-23,351.53216552734375,356.4795156830525,351.44584833829146,355.33854874410156,604100
2020-06-24,346.68060302734375,352.41419971919504,344.7150877038814,350.5253750150615,613500
2020-06-25,351.44573974609375,351.8100859515084,343.80415451060514,347.5338752070233,465100
2020-06-26,346.85321044921875,353.02784407870627,346.1245178904404,352.28955421992475,493000
2020-06-29,349.7774658203125,350.0555241372113,343.35353745644096,347.9749292998205,612800
2020-06-30,352.8648681640625,353.7086113588763,347.26551608764606,347.29427873019364,678600
2020-07-01,352.4429931640625,354.935862781019,350.2185846283128,352.8648647573965,516600
2020-07-02,357.8409423828125,360.3913368259765,357.0643219210287,358.166928689976,449400
2020-07-06,369.57659912109375,373.4405364332188,367.69737172439363,370.3628169513675,752900
2020-07-07,366.27838134765625,372.5968287094334,366.1345681357922,369.51910893528895,410900
2020-07-08,375.77996826171875,375.9909040239168,370.94766958964004,372.80770225258505,599300
2020-07-09,378.4550476074219,379.3754813597292,370.19025065676806,379.15497753681575,644200
2020-07-10,379.53851318359375,382.7408808091488,375.79922339687164,382.6353982810285,667200
2020-07-13,372.6062927246094,386.26909890555373,371.8871976624544,381.46553452714164,1083600
2020-07-14,380.47802734375,381.1683598624805,369.5286215100648,370.6983507984677,880100
2020-07-15,359.9599304199219,371.71475115421805,357.16026905649187,371.21618893800724,1640300
2020-07-16,369.3465270996094,377.63048982952057,357.4574905303506,358.6847453518213,2240900
2020-07-17,367.7836608886719,371.1010787987866,364.44704837869097,369.5478377327809,1048700
2020-07-20,375.3486022949219,376.2977987808984,366.33591728843317,368.0905263044032,972600
2020-07-21,368.00421142578125,376.12519537794736,367.37140406144937,375.98138217243155,823700
2020-07-22,376.42242431640625,378.2920545341985,373.6898563334118,376.4415896573871,710100
2020-07-23,368.3973388671875,377.96608191564457,366.15376496824877,373.9774963419545,990800
2020-07-24,352.5292053222656,359.7009916074587,351.6566996808541,355.7220042283169,1628900
2020-07-27,366.0482482910156,367.97543294214296,360.75571773545784,362.4144120677654,1080300
2020-07-28,360.85162353515625,366.00993890382244,360.68864497343213,365.40589412317024,502000
2020-07-29,349.5953674316406,351.0719179782907,346.7861088068289,349.9597137330275,1446700
2020-07-30,347.7832336425781,347.86952156047744,340.2375029855911,341.1867286026038,1010400
2020-07-31,339.1445617675781,347.2367842017911,336.2873455611634,347.0354456861244,954900
2020-08-03,351.50335693359375,352.0211137430021,344.9931685440769,346.14370346935215,862400
2020-08-04,355.0699462890625,356.54649631513877,353.02774092929405,353.24824468445155,833400
2020-08-05,353.32501220703125,357.83132423056355,351.59916630137633,355.7219960259494,591300
2020-08-06,354.015380859375,354.3317698813481,349.17345549480524,352.88398214369613,402100
2020-08-07,350.9856262207031,355.8754800742215,347.399717789423,355.4631765344863,572500
2020-08-10,350.3527526855469,351.6662951601974,344.7246392596784,349.7295427334934,547900
2020-08-11,346.4217529296875,354.1496278894836,345.7985428703611,350.95685771043674,627000
2020-08-12,359.365478515625,360.53520804611617,350.57335632583937,351.48419282069045,565400
2020-08-13,359.3175964355469,362.5583243648479,357.6301098782619,361.0625790235758,470700
2020-08-14,355.8083190917969,358.73262793582313,354.4372512343057,355.7891244929127,543900
2020-08-17,362.9129943847656,364.8209843879908,360.7461113692024,361.1392202775163,428200
2020-08-18,361.6761169433594,368.15757093471325,361.45558388540843,367.8027927301683,466500
2020-08-19,359.4901428222656,364.7539113201515,358.5505143826527,364.71558063613276,354400
2020-08-20,356.8342590332031,357.9943912005765,353.20042277003705,354.31262695712957,498200
2020-08-21,356.78631591796875,356.79591321842935,350.4774660880394,351.06231621488996,605400
2020-08-24,362.4143981933594,365.1086059777801,359.0969803956849,364.5812811804253,590700
2020-08-25,365.1373596191406,365.1373596191406,360.7652630744304,363.6704065582189,378200
2020-08-26,370.0176696777344,370.7367649373801,364.41828884043923,364.42788614045406,417600
2020-08-27,360.71734619140625,370.8613700782425,357.8601305964838,370.7846794610903,636100
2020-08-28,363.83349609375,364.23620237705916,359.3559160301045,360.62153090900114,490200
2020-08-31,358.7614440917969,362.84591489535757,357.9272981975629,360.4297651403284,533300
2020-09-01,370.9572448730469,370.9572448730469,366.5755510173075,368.282202486581,634500
2020-09-02,382.0696716308594,384.6200662470987,374.3993224427929,379.3562984800073,904300
2020-09-03,360.6597900390625,373.2679195359486,354.8303087924952,373.06658108060736,1258500
2020-09-04,352.280029296875,355.7124982111145,338.31996471197186,350.4391323346694,1206300
2020-09-08,333.0370178222656,338.8281403156457,329.1059575609308,331.1385956470677,1541000
2020-09-09,344.5616760253906,346.6422711608135,338.94315917186145,343.21937074127624,847300
2020-09-10,342.2893981933594,351.69516334912794,340.40057317298215,349.2598188218246,678600
2020-09-11,344.4275207519531,352.0211515587255,342.8550848137438,349.0009568228486,678700
2020-09-14,352.7785339355469,354.7344811522623,350.3048299608651,354.5331134207944,575700
2020-09-15,354.99334716796875,359.3175158714379,353.89074032789927,359.11614813868414,717100
2020-09-16,347.4476318359375,357.6108499177519,347.4284372373682,356.6712216496773,973900
2020-09-17,351.6279602050781,352.4813005653228,340.50597770432825,340.8607266594649,901000
2020-09-18,351.24444580078125,355.6261395987475,345.0985752805393,355.03169224516165,912200
2020-09-21,347.677734375,348.0420806286173,338.04187029302466,340.668955422705,657900
2020-09-22,349.61456298828125,350.05559991534625,343.9480884803213,348.9913236499621,971200
2020-09-23,342.82623291015625,351.47454053842046,342.22218826823786,350.16099800475456,709800
2020-09-24,345.31915283203125,348.6078082989833,339.1061589365725,340.0361900237931,768400
2020-09-25,345.6259460449219,346.2299614669488,336.622859612024,338.2815831628298,724100
2020-09-28,355.7700500488281,356.1823243893387,349.3365513922574,350.822670182501,821900
2020-09-29,358.5888366699219,360.3913734716906,354.34138768579174,354.82078452625956,608800
2020-09-30,354.0537414550781,357.86975094045664,352.356687128246,353.5839419021269,867800
2020-10-01,366.2687683105469,366.8823810258053,358.9915280836053,360.05577498071926,891600
2020-10-02,354.7536315917969,360.2379321478886,354.7536315917969,357.05473037713733,711600
2020-10-05,366.3646240234375,366.6426823720727,359.4613273660492,359.6914284766109,649900
2020-10-06,354.859130859375,361.82957995368815,353.37301229239534,358.7806229362356,686600
2020-10-07,360.31463623046875,361.01456611744885,356.3164831592452,359.0010936324874,550900
2020-10-08,365.1949157714844,365.25244104784895,360.92827246074063,361.2446614807455,686700
2020-10-09,372.9611511230469,373.91037678065743,369.8738342459019,369.9025968864318,539300
2020-10-12,382.5970458984375,384.47627335593853,379.13578542930287,379.13578542930287,840300
2020-10-13,388.4552001953125,392.2520144533108,381.86829320088776,384.96520689514716,1027900
2020-10-14,381.6286315917969,389.27021807766477,379.20288485151826,386.0486854901266,954800
2020-10-15,370.6408996582031,371.93527704721623,365.0319504791881,367.9850222965841,786200
2020-10-16,370.9572448730469,376.21144443218725,369.9696886171199,374.65820345296805,594500
2020-10-19,369.4327697753906,376.10596522101764,367.975413997168,376.0292746053467,392700
2020-10-20,369.0972595214844,373.2296585310757,368.42612140576534,370.88063123596135,356800
2020-10-21,367.21795654296875,373.24877660694796,367.19879120418574,369.758753784531,359100
2020-10-22,360.0269775390625,366.3454235138275,359.9310923321805,365.3962272638269,611700
2020-10-23,362.9609069824219,363.9197005932715,358.7230556080996,363.2293680230574,467600
2020-10-26,352.3470764160156,359.4325756819625,349.00089587102116,356.2397763753106,900400
2020-10-27,351.2731628417969,355.2713445307326,349.4418637824567,353.22910973523665,968700
2020-10-28,347.9078369140625,350.02679186935865,342.6536666330188,344.6575417761249,953100
2020-10-29,355.5781555175781,358.3970108447211,347.2941946096905,348.3680386847818,808800
2020-10-30,346.32586669921875,350.75548894377704,344.2165380999377,348.8187361893344,821100
2020-11-02,351.5196533203125,354.5130864840255,348.16048958990376,350.81703705211225,893200
2020-11-03,358.11273193359375,362.2804313894292,354.07016391906933,354.64767783165536,813500
2020-11-04,368.6426696777344,370.5291879089238,358.3630325703228,359.6527971326162,2451500
2020-11-05,383.2632751464844,384.69741094512705,378.71057545291103,382.3103961257575,1115500
2020-11-06,391.011474609375,392.2242510182042,383.2632526883864,387.026683995992,710700
2020-11-09,391.0981750488281,404.8813781504081,391.0885698859594,401.40671782602664,1273700
2020-11-10,384.3316650390625,394.736434605238,383.0611694231894,393.78355554993726,1323100
2020-11-11,402.3787841796875,402.9466930319046,392.0125236570439,392.12802058509385,933300
2020-11-12,397.2486267089844,405.39148379746933,396.5652502560121,403.2932111328823,800800
2020-11-13,403.861083984375,405.58399157893854,400.77142350642487,403.84184428657534,582700
2020-11-16,410.5216979980469,410.65643463207044,403.8995995195631,404.20761093102396,547300
2020-11-17,410.4927673339844,411.42640660228886,406.4213246616415,408.9912486265063,524600
2020-11-18,407.9228820800781,411.33979357390547,405.23746094034857,408.2212589429832,543600
2020-11-19,407.48974609375,407.50901516496185,401.2430421910175,401.66655052749945,914100
2020-11-20,407.71112060546875,412.34080853879635,407.6437376057412,408.1442634624792,484000
2020-11-23,411.13763427734375,413.5343128583754,406.13258171820604,411.94614208981415,596000
2020-11-24,408.3655700683594,411.5803614603213,407.1624282581829,409.47248403258516,610400
2020-11-25,407.6051940917969,408.76019257282775,404.9775218780287,407.39343996423776,308200
2020-11-27,421.3595275878906,422.2739271694136,412.706540555338,413.2359112350106,432500
2020-11-30,421.32110595703125,424.74765216347333,417.4133029308801,424.02576693390967,508500
2020-12-01,432.3995666503906,434.7962453021137,427.81802224458977,430.33980298077705,685100
2020-12-02,434.0936279296875,435.1620039124116,427.6062957499746,430.3975792787969,1050700
2020-12-03,435.92236328125,442.0054557207653,435.3544838345584,439.87830908594066,677900
2020-12-04,446.9816589355469,447.08752132136334,436.470998577739,436.98112955844766,660800
2020-12-07,452.1215515136719,453.35356782196806,446.70259491496137,447.14534297339657,632900
2020-12-08,451.0050354003906,453.19956538330973,447.51110609401985,448.4543800609254,738800
2020-12-09,435.9127502441406,448.4927792823885,433.63156859035263,446.41374661124775,868800
2020-12-10,440.638671875,441.67820291204816,432.2840616816274,434.2283577653881,539300
2020-12-11,435.66253662109375,440.01308753012063,434.90214265047723,436.79829562244026,512100
2020-12-14,436.0090637207031,439.69550757460166,435.21982482482576,435.38343570167405,546100
2020-12-15,451.7076721191406,452.01568355584175,444.5754713804989,447.09725259961624,639200
2020-12-16,453.85400390625,454.5373802883691,447.57842626126376,450.44669778334276,524900
2020-12-17,459.40771484375,463.2770381911452,458.1660934884239,460.7841315716711,477300
2020-12-18,459.3499755859375,461.47715176554783,456.5394523566647,460.553117571588,730700
2020-12-21,454.5566711425781,454.57591083962257,442.25574880700617,443.0065082219065,622800
2020-12-22,458.3296813964844,460.67821673769475,455.2207815226356,455.7309125138405,431300
2020-12-23,456.8282470703125,462.38196991203887,456.4240077659848,460.9863132992047,389200
2020-12-24,464.9806823730469,466.4340872800679,459.19596635103596,460.99589142151956,271900
2020-12-28,462.23748779296875,470.3996130938295,460.495340655269,468.8788546423014,449300
2020-12-29,465.8661804199219,471.1022563433934,464.4224101330878,471.1022563433934,377200
2020-12-30,471.54498291015625,474.19189498239325,469.7065786369729,469.8317100892515,381900
2020-12-31,469.43707275390625,472.13209873190203,465.3271507940677,471.6316022998686,312700
2021-01-04,481.2567443847656,485.8286834564209,472.3149858494941,481.24710985033215,1527600
2021-01-05,486.4158020019531,486.4158020019531,475.3758004976429,475.63566856481003,1029900
2021-01-06,471.8434143066406,481.10279036311323,471.38139720793026,473.41231616157836,977900
2021-01-07,482.6331787109375,484.35608624852864,476.94471991249975,477.37786277413676,936200
2021-01-08,489.6690979003906,495.00146017216235,482.902629318054,493.3748100427876,734500
2021-01-11,488.9088134765625,489.8328183431252,480.708178493365,481.73807513422145,703000
2021-01-12,494.6645812988281,495.49232885183415,484.6255720301669,488.0906266820603,651700
2021-01-13,494.7897033691406,496.28158759267694,490.28514709396455,492.046533931223,513700
2021-01-14,524.2330322265625,525.9174309510158,510.02632272819886,510.28616144047066,1450300
2021-01-15,507.72589111328125,516.7253691914946,505.66609804337907,512.3555788795177,869200
2021-01-19,528.9010620117188,529.8443062531612,510.7191715495249,513.0195924517673,1504000
2021-01-20,528.7857055664062,537.2365440950381,522.798840660258,534.7436668670455,1121900
2021-01-21,549.344970703125,552.290259797879,544.4072715226308,546.7076929921108,1272100
2021-01-22,548.1033935546875,549.3161701174178,541.6930199365906,542.3667912211262,901600
2021-01-25,546.3323364257812,546.9194556289401,533.3480372180387,541.0770497099735,966500
2021-01-26,528.4200439453125,542.5208937534707,527.8810386001005,542.0684817465522,887700
2021-01-27,504.9635009765625,519.2953421912997,502.9133423643755,514.9158584323075,1506800
2021-01-28,526.7066650390625,533.0785591311076,517.235564094673,521.7882346326179,968600
2021-01-29,514.13623046875,523.1261331971004,508.4959149626699,520.6813698413507,867300
2021-02-01,533.6079711914062,534.6474436640176,524.1176004408424,526.8800099925057,849600
2021-02-02,532.751220703125,535.9178689599522,528.853052788876,533.0207526809801,721600
2021-02-03,522.5582885742188,531.0380319465812,521.6343130176589,530.6241581040097,635400
2021-02-04,534.6185302734375,535.1382664431221,523.8769048698014,526.4564341423999,554500
2021-02-05,532.0870971679688,535.2922836419469,530.3642191144422,534.1565247368823,461700
2021-02-08,542.8577270507812,545.6778851434232,537.0537412384564,537.0537412384564,716900
2021-02-09,544.3014526367188,550.4904081696475,544.3014526367188,545.3024456535065,483300
2021-02-10,545.6392211914062,551.577912265282,538.7187476760522,550.0090107644369,458600
2021-02-11,569.33642578125,569.6058990392297,552.3191924771908,553.0891916034911,975400
2021-02-12,575.573486328125,578.9134389993878,567.0648991789914,569.7791357771953,732400
2021-02-16,580.5305786132812,585.8917874475081,576.7093683367902,582.8791145994951,621600
2021-02-17,565.5537109375,576.0450730647466,559.6631328906371,575.9199416072836,825100
2021-02-18,560.6449584960938,567.3633440380471,554.456002484348,562.4544889432151,716800
2021-02-19,572.1179809570312,578.2299174680269,567.2957794867168,569.6539490352268,821500
2021-02-22,556.8140869140625,567.9984896299184,554.8890598201505,565.5922057625284,753400
2021-02-23,554.4752197265625,557.4686229401124,539.1327505062089,550.2882502946649,1004800
2021-02-24,572.7052001953125,573.6195998226905,544.3495296944847,551.8475478918184,1023000
2021-02-25,538.7861938476562,564.4179327267229,538.6802727161592,560.7892380787415,1288900
2021-02-26,545.8317260742188,551.9917763175472,539.6812516168623,550.8849212040636,946500
2021-03-01,561.6748046875,562.4544383607714,547.5354774237952,550.9139095903606,679500
2021-03-02,542.0299682617188,558.1328033411206,541.895202247096,557.3243247477301,696100
2021-03-03,523.2223510742188,544.7345645265442,520.9123537636967,543.4255601758651,1006900
2021-03-04,491.3631286621094,521.0374355259133,483.26838681789025,517.6878486870625,1702500
2021-03-05,507.2830810546875,510.9502550470066,489.2744621499818,508.17821153737765,1370100
2021-03-08,483.36474609375,509.33334631576116,482.32521487275534,506.70570277506323,1180700
2021-03-09,519.2953491210938,522.8470266060787,505.27151911252287,507.8606830107603,1240500
2021-03-10,503.71234130859375,521.5092112904108,501.5755302177882,519.8344467514208,876500
2021-03-11,523.9924926757812,527.9291408922301,519.7670433455874,526.4853703122054,1009700
2021-03-12,517.4761962890625,518.8718527714993,508.78467020144353,514.097764122039,714900
2021-03-15,526.677734375,527.2648534771939,515.9168411084238,518.4771010236442,582400
2021-03-16,528.7857055664062,534.8976431882636,525.4939256324828,525.8981648794503,651600
2021-03-17,538.5936889648438,544.8307576772524,522.5100671496347,527.6691254363718,841400
2021-03-18,518.9777221679688,531.7695070546753,518.814111301445,527.4381957559098,790000
2021-03-19,526.899169921875,536.2067185809626,521.0182260205241,524.2715266355623,1404600
2021-03-22,554.3982543945312,556.323281786653,542.694113699188,546.3612885312929,1216800
2021-03-23,537.9199829101562,549.8648098505472,534.6763167057026,548.1707764772791,866300
2021-03-24,556.8911743164062,572.1854718485647,556.3328999399226,565.1687683598961,2121400
2021-03-25,562.1078491210938,563.8788996999509,547.7567995753305,549.5085223391334,1088900
2021-03-26,602.2159423828125,603.7848444452477,566.6222038376086,566.6222038376086,1933600
2021-03-29,585.2081909179688,593.7360461797247,578.8941048921613,591.7147913875891,1214900
2021-03-30,578.749755859375,583.5334787888345,573.1960925804884,577.4311169853295,1071600
2021-03-31,594.21728515625,597.6630997318878,582.5131475364437,583.4371228436747,1579600
2021-04-01,613.2173461914062,615.5177676264025,596.5177599521988,596.5658738792448,1908300
2021-04-05,616.4804077148438,628.5214638412745,614.1126615442008,627.2220938084668,1529800
2021-04-06,604.4584350585938,611.917914153664,595.1990605461631,609.6656068749191,1281900
2021-04-07,603.072509765625,607.7311013680799,598.8663300968706,603.6499944180434,820600
2021-04-08,615.8932495117188,617.5391690301269,609.0305223710043,612.120212388909,865900
2021-04-09,610.5415649414062,614.7670132681571,604.987843296692,610.5608340103267,631100
2021-04-12,606.7974853515625,607.904399569879,597.3552286077261,607.8851304974023,739500
2021-04-13,605.5365600585938,612.8709090965153,600.3389630448241,611.8025330844393,710500
2021-04-14,607.3363647460938,617.0577860367532,603.534424791975,611.8409207338862,718000
2021-04-15,618.0203857421875,618.800019411416,603.9965554844921,610.0219000441145,980400
2021-04-16,621.4854736328125,623.6511294589621,614.5457287031458,616.2590312886989,605200
2021-04-19,606.4893798828125,615.296402088152,599.1165521696415,613.7371348857952,1138900
2021-04-20,593.8130493164062,604.2562967346283,589.8090192190662,602.562322412742,988000
2021-04-21,630.91796875,631.2548837254516,612.0912069194945,613.8140849465336,2160900
2021-04-22,622.8328857421875,640.9088586998198,616.4706268677368,639.2725740025458,1233400
2021-04-23,645.7599487304688,646.1161327961861,633.6900497989258,634.5081628286435,1109600
2021-04-26,645.3076782226562,650.3223956774932,641.9581493932731,641.9581493932731,801000
2021-04-27,647.5886840820312,649.542614620789,636.9817668651405,645.2016694803835,678200
2021-04-28,640.3988647460938,645.7119002041452,636.491061634227,639.5422134889004,571300
2021-04-29,637.64599609375,641.6404510649718,629.541647965313,641.3131705895669,504300
2021-04-30,623.8050537109375,636.2696168411259,621.4950562709139,629.7438050451352,575200
2021-05-03,631.720458984375,635.2438230171388,625.2336796123255,634.8866671901328,672000
2021-05-04,607.1729125976562,617.0478999379235,594.5371260605871,613.6114387511319,1505800
2021-05-05,619.60595703125,629.3554506925451,613.7562490510411,619.7217881661326,948200
2021-05-06,621.9806518554688,622.2702297107046,608.0706632178204,616.1791966673998,618200
2021-05-07,635.7169189453125,638.3425037362714,625.2337867790951,629.1625604667244,573700
2021-05-10,605.4933471679688,626.1314406498069,604.7790354680236,625.8032131275045,882700
2021-05-11,608.7752685546875,611.6711647323978,593.2822357873697,594.7398462902291,891200
2021-05-12,580.9940795898438,598.2053746721615,579.4303001580388,593.6587958547041,1107700
2021-05-13,601.468017578125,606.9315825206855,590.579419515251,600.0683226222797,1436100
2021-05-14,625.281982421875,628.5446971956463,603.7075181219014,608.2734216724623,1331000
2021-05-17,613.302490234375,614.0071983315261,601.6706529719181,609.9625945223693,929400
2021-05-18,610.252197265625,621.4207104732318,609.6923075138702,619.1426196449303,644700
2021-05-19,608.8911743164062,609.0841869328402,585.5888483317253,586.9113029069628,1049600
2021-05-20,626.2568359375,629.616056449968,609.827433748206,610.7348168531681,1086900
2021-05-21,617.0382080078125,624.8957535821543,614.1037211639299,623.4478055291646,847500
2021-05-24,636.0835571289062,639.2786933033583,623.3512655801618,625.030875804227,794000
2021-05-25,648.9606323242188,655.8625414951672,644.1245353983403,647.8795025093988,1088800
2021-05-26,642.6669311523438,646.3060671695561,636.9619828701435,644.0665671266487,597100
2021-05-27,642.0105590820312,644.68439650389,636.0642859040017,638.0624613477216,652600
2021-05-28,652.0302124023438,652.5225241115699,643.7962460401023,645.8137460232316,610700
2021-06-01,648.4876708984375,664.2124248169218,645.3215217211347,660.9786387417321,1292000
2021-06-02,650.6983032226562,655.1772449409874,645.562906463933,647.2521793878356,596800
2021-06-03,642.7827758789062,647.1458860098045,637.2033210224338,644.1920742967185,612100
2021-06-04,659.5885620117188,660.2836076832249,649.7329004088067,651.3931858223053,531000
2021-06-07,658.314453125,660.6601221259509,653.0053097544002,656.5769270780544,594300
2021-06-08,657.1079711914062,668.102740971226,653.0730284305686,666.7030456340103,562800
2021-06-09,658.9033203125,664.1834763600543,657.1850602034743,661.229664449274,440700
2021-06-10,675.6512451171875,680.3233172375002,662.7355424466531,665.4383673059748,800100
2021-06-11,672.8421020507812,674.6857964275117,667.3591542321863,673.9714849002219,445100
2021-06-14,684.7154541015625,685.0050319749623,671.4039451688142,675.2362122644988,636600
2021-06-15,677.4273681640625,686.2984068948957,672.6877184261327,683.0453549018811,510700
2021-06-16,674.7920532226562,685.333098666867,669.627728677392,681.5491442104864,590900
2021-06-17,674.5797119140625,680.0819263274303,667.1179128452362,667.3688999358031,746700
2021-06-18,647.7830810546875,663.3533556108074,645.3698340238836,661.5675174577142,1669900
2021-06-21,657.030517578125,658.2853939783644,649.0668041048378,654.9551020151958,565500
2021-06-22,662.0116577148438,663.7105932606706,652.7930647044093,656.876260330293,542200
2021-06-23,657.9959106445312,665.3128326840146,655.9687479372883,662.7065732159529,523400
2021-06-24,670.8826904296875,673.7399961919128,666.702929976679,667.6682288118296,469400
2021-06-25,662.3977661132812,671.4232870806587,662.1660448914998,669.8498451917966,431200
2021-06-28,679.6765747070312,681.3079321575976,674.4253464860215,674.676333619519,623900
2021-06-29,679.2613525390625,680.7962033287123,673.9715347471193,675.6608073984893,400000
2021-06-30,666.8670654296875,672.3982088371672,662.7645454280937,670.4965395171499,767500
2021-07-01,655.7371215820312,667.6778629538358,651.1230239823229,663.3919339505698,997500
2021-07-02,663.6814575195312,665.9306200230263,659.9747434463187,664.598503082515,449700
2021-07-06,662.0693969726562,669.4828837205933,653.217624626879,665.5155203096739,788700
2021-07-07,666.2297973632812,671.5775305310378,660.6214147135086,669.9558359124815,442900
2021-07-08,650.3120727539062,652.1557673167218,641.7595405541354,647.6960921101977,849400
2021-07-09,667.368896484375,668.9520004957959,655.3702406883981,660.2353249363729,583600
2021-07-12,683.2481689453125,683.9238899161143,674.9079728353855,675.7091873686433,618500
2021-07-13,681.9063110351562,685.9991682157203,679.1841615517452,681.742226748177,623300
2021-07-14,691.6463623046875,697.9208054997673,688.1423223915999,694.9959213916642,852000
2021-07-15,679.5125122070312,688.5187674697899,672.6589135618675,687.8430464541839,729400
2021-07-16,663.5656127929688,682.4565153347928,663.0347102938517,678.489151836231,578300
2021-07-19,660.2645263671875,660.5734291220988,648.2851915126503,650.4667177964765,855300
2021-07-20,660.3125610351562,664.7625738823841,649.5784442519383,653.3720610561242,805600
2021-07-21,695.98046875,696.0673715697909,676.375251522342,681.4430704695508,1281300
2021-07-22,704.5909423828125,714.379087171551,699.0694610663968,707.5640794316653,946000
2021-07-23,722.1787109375,730.5189073166789,717.3039634261133,721.8408209826081,1069800
2021-07-26,727.922119140625,732.6617098115089,722.4102423796927,731.8894826386171,691800
2021-07-27,719.7267456054688,726.0494997376944,707.6219201345565,725.103466871196,881200
2021-07-28,733.491943359375,734.6309888909121,719.5337602027237,723.9741111844561,716500
2021-07-29,739.138916015625,741.2432601890862,733.4918830623051,735.2004806777368,634000
2021-07-30,740.1332397460938,742.0252467250856,730.5285042893555,734.370433822351,488200
2021-08-02,742.9422607421875,748.9174627975881,741.7452407143858,744.0619814503813,499900
2021-08-03,752.4793701171875,753.3674284789383,740.8764601769129,743.7916812834895,533700
2021-08-04,767.8759155273438,770.8587149175295,760.4624273793657,764.5263567754754,629700
2021-08-05,767.1712036132812,777.6833214430492,762.8949370979278,777.5578278885692,723700
2021-08-06,756.0991821289062,759.8734740630181,752.8364678608299,757.2768182441562,556900
2021-08-09,761.3117065429688,764.757829677335,758.3385703044103,762.7982452036721,477100
2021-08-10,761.9006958007812,769.3817617674538,756.6302018718919,767.9821255912924,589500
2021-08-11,761.8331909179688,765.8102767011692,754.3038710704939,763.6866072782478,421300
2021-08-12,753.9659423828125,761.3311769557837,751.5141046357987,761.3311769557837,764600
2021-08-13,761.5821533203125,762.1902962703888,749.5930999478061,752.1029121479899,454700
2021-08-16,760.0280151367188,763.5223922104884,752.6821051331485,760.4913986417803,426000
2021-08-17,749.6124267578125,756.2054339969328,743.666212128998,754.6319922542812,483600
2021-08-18,745.64501953125,758.126325103018,745.2396105594105,749.2841556980295,452500
2021-08-19,754.390625,756.8038718412856,734.7950724321925,735.4321436747418,514000
2021-08-20,760.8291625976562,763.4354810091464,751.0120907954423,757.8367600360092,507700
2021-08-23,783.4559326171875,784.3054004103903,766.9975972289332,767.4416559581168,724300
2021-08-24,777.654296875,779.6814595612665,773.7641736243207,778.1272838266478,453800
2021-08-25,779.8358764648438,785.1450194537903,777.0654738367117,780.3667789803068,471100
2021-08-26,782.7994384765625,787.5197639129879,776.2546841045128,780.2221070876558,450000
2021-08-27,804.0166015625,805.8024395630015,785.531166236337,785.9944907731699,658900
2021-08-30,810.4552612304688,813.7565666940835,807.7234490763556,810.7930922501959,491000
2021-08-31,804.132568359375,814.8666873327554,798.5049182353323,814.499927957327,579300
2021-09-01,812.9456176757812,821.19891006155,807.6557994711179,809.6153252626721,581900
2021-09-02,831.3924560546875,832.1356959573359,819.4130667208887,822.5888780940518,746800
2021-09-03,828.3326416015625,833.033642625754,819.0754579579605,819.0754579579605,698000
2021-09-07,831.8655395507812,838.7287996626761,827.9946820578506,835.2633511561817,780900
2021-09-08,828.2166137695312,830.060367261402,820.4266462696377,827.8497955538865,714900
2021-09-09,823.8825073242188,832.8211834385127,822.5310654676599,825.7937800518657,641900
2021-09-10,829.066162109375,844.9839296347955,827.6472011767758,840.717325505247,1137400
2021-09-13,841.0068969726562,841.9432674231879,831.1608376646913,839.0569745897963,636000
2021-09-14,857.2528686523438,864.8401026931534,849.1539979933976,853.1503489616384,978300
2021-09-15,858.4691772460938,859.1255733439356,848.9223582081188,856.2103521859417,799700
2021-09-16,856.5192260742188,858.9035446085219,845.0611346977528,846.7021543457782,811400
2021-09-17,830.01220703125,844.9357487218011,822.8303811057432,844.7330147495977,1670500
2021-09-20,811.5653076171875,816.150476939402,800.9084300237349,809.7698659806078,1122600
2021-09-21,825.0697631835938,832.4446596078991,815.1851136325804,830.1569063352084,905700
2021-09-22,834.732421875,841.4026691530127,819.9826877846167,822.2704410819583,669400
2021-09-23,849.2506103515625,857.8803251017742,846.8180385111647,846.9435320691003,744500
2021-09-24,838.6709594726562,843.0533950704547,835.0993419206062,837.2616019321573,510400
2021-09-27,806.3237915039062,818.4576052910267,804.1422066451344,814.0172540847449,1063900
2021-09-28,753.0970458984375,771.601863798642,746.2434489172059,767.2580197892868,2390100
2021-09-29,724.3795166015625,758.9468646356605,723.1246399318252,757.759565952692,2216000
2021-09-30,719.2537231445312,735.8665355112744,716.5315736536985,728.0765676838947,1078800
2021-10-01,716.068359375,719.1476651569898,703.0947400791052,719.1476651569898,1180400
2021-10-04,688.2000732421875,704.8224889553427,684.425781162592,703.6062620559953,1663500
2021-10-05,707.4384765625,716.8598016076396,697.5441645657233,699.8801709988895,1201500
2021-10-06,707.0813598632812,709.2050289732655,694.0594886831252,700.2084372289047,973000
2021-10-07,720.9044189453125,727.5166918104475,716.4736717629481,719.5433147153352,1267500
2021-10-08,704.9287719726562,723.7231112869106,704.0213887459737,723.3562930303477,1039700
2021-10-11,696.839599609375,710.2958679088528,696.3279629396318,697.6987297243215,702500
2021-10-12,699.8897705078125,708.5292051607097,697.3317644498269,708.5292051607097,868400
2021-10-13,718.5877685546875,723.4529125681407,714.3211640446332,717.3618790530414,1170000
2021-10-14,751.282470703125,751.6203606733883,739.1100655354983,742.8940207822569,1370500
2021-10-15,762.0069580078125,762.2386203118306,748.9175075762813,753.8598331192261,877400
2021-10-18,760.8677368164062,760.9739644537659,746.1662560093685,747.2281199628536,1014600
2021-10-19,773.1656494140625,773.8027206172302,759.0143378179422,760.8291040437788,956600
2021-10-20,741.0599365234375,757.8947507694894,731.9281882218934,755.0953605467079,1894900
2021-10-21,760.2307739257812,760.2307739257812,737.362841392179,737.9999716385054,1083100
2021-10-22,773.1754150390625,780.7337217604598,768.6385574402841,770.4919147916524,1294600
2021-10-25,761.0800170898438,775.3181711882078,759.6996471862976,771.939626147918,786000
2021-10-26,763.7732543945312,770.298682886727,756.9775729093266,768.7638909818035,741400
2021-10-27,773.2042846679688,790.5314086983294,769.5361612682067,770.3663040379693,949800
2021-10-28,784.9712524414062,793.3982912414036,782.5869340147808,785.8689731626124,687500
2021-10-29,784.6720581054688,786.1972466379488,776.8241744996669,779.2180965629312,583800
2021-11-01,779.430419921875,779.9613224049325,768.8410629151746,778.9091209350707,573600
2021-11-02,785.8800048828125,791.3674634305603,785.1734643950722,786.1703356659614,503800
2021-11-03,803.3004760742188,804.8102550578639,784.3894590962432,792.0545453858381,566900
2021-11-04,823.1116333007812,825.6860375893904,802.8940948530752,804.8684624576475,1058200
2021-11-05,819.73388671875,827.1279586223532,814.5464467836947,824.7955068097908,735300
2021-11-08,822.5697021484375,829.3637386275093,820.7018383077133,827.9700916336063,728100
2021-11-09,822.6857299804688,827.9216078491236,814.8948821728158,824.5826561971717,676500
2021-11-10,791.522216796875,808.545995565325,788.8704307614711,802.9036550521878,737700
2021-11-11,806.5620727539062,812.0301562367599,802.5069521086101,806.4459404404181,416000
2021-11-12,824.2149658203125,827.4764765637127,808.2170589196422,812.9593453959283,531200
2021-11-15,829.1410522460938,833.8639634911538,825.5311446491241,827.4764496135076,638000
2021-11-16,832.8477172851562,834.841400730191,819.9661865885191,824.1084359411198,690900
2021-11-17,831.7927856445312,840.0578496743894,829.9926167874788,831.5411459618064,549400
2021-11-18,850.8200073242188,852.7556247872496,842.5355669452609,849.1747206665711,865800
2021-11-19,829.5765380859375,839.6223967693735,826.9634428724371,838.9449188887841,778200
2021-11-22,799.1679077148438,831.9862695538768,798.1710365576308,827.4763077156421,880800
2021-11-23,781.4861450195312,792.9837170253325,767.5884263560729,785.5315782704088,1193000
2021-11-24,776.5601196289062,777.6149981447912,752.4132781795844,756.826483958523,1246700
2021-11-26,756.845703125,770.2982072734563,751.0291639658375,761.6266799898204,786300
2021-11-29,788.7738037109375,789.470597643846,764.5592103462974,769.4176290809409,1410700
2021-11-30,766.0301513671875,794.9095252880484,761.8105202853202,781.0892499736752,1144500
2021-12-01,778.1182250976562,805.8749726059805,776.608445829684,786.402665529414,1201200
2021-12-02,763.96875,770.8111638242216,753.2647893504061,759.1877731994559,957100
2021-12-03,746.683837890625,765.285094015481,735.379838594553,760.6686273001119,1115600
2021-12-06,732.0407104492188,736.8894406507806,717.533269990874,734.4505442451219,1222900
2021-12-07,780.0634765625,783.3443621349098,758.4909834753934,762.6332329420973,983200
2021-12-08,778.0406494140625,779.0858992098425,770.5595080670182,777.3535431340674,551500
2021-12-09,747.7385864257812,764.578479652407,747.4966342763778,760.8523811093831,709100
2021-12-10,756.6715087890625,758.4232400083939,747.6127753161044,752.2583038952007,602700
2021-12-13,739.8606567382812,756.6715474795275,739.7348959574128,755.4424115808382,615100
2021-12-14,730.1051025390625,735.8345125865476,719.3237011694083,730.1341060788367,842400
2021-12-15,766.7173461914062,767.0851182068368,736.1733073274831,739.9574722572147,910700
2021-12-16,730.695556640625,774.092124035244,729.3599759306734,773.2791387494826,1006900
2021-12-17,725.7305908203125,733.5988790374633,720.0108682952866,726.9790425813183,1656700
2021-12-20,728.6437377929688,732.3600897084978,720.4851184472409,723.5336800711805,647100
2021-12-21,757.8328247070312,759.1974679121178,740.3929539068187,750.7581462054476,838100
2021-12-22,766.6207275390625,766.6207275390625,750.0518450552138,752.7616979716632,534800
2021-12-23,775.6114501953125,779.7827028235304,768.5174558154612,769.0594262589067,496600
2021-12-27,785.3088989257812,787.3993985112091,768.7883995882697,768.8271497359962,527500
2021-12-28,778.8634643554688,790.9900772408129,777.2375527486809,790.9900772408129,548500
2021-12-29,776.1631469726562,779.3182125609146,768.8272000804633,772.4177322963828,404900
2021-12-30,774.4598388671875,782.2700620567936,774.1695080752671,777.8181657264034,411900
