Date,Close AVGO,High AVGO,Low AVGO,Open AVGO,Volume AVGO
2020-01-02,27.836231231689453,27.84573037038264,27.398472120480648,27.571157832330787,20329000
2020-01-03,27.128215789794922,27.629870078229885,27.118718298629453,27.414874677385505,22870000
2020-01-06,27.087636947631836,27.104906013778987,26.73449228520595,26.839830953713495,20789000
2020-01-07,26.9943904876709,27.3345842267452,26.960716956263372,27.219746401216856,18565000
2020-01-08,26.65764808654785,27.067779355087858,26.62915396234832,27.023743729901675,31979000
2020-01-09,26.443519592285156,27.024610752793375,26.16635811688543,26.966761183306485,42397000
2020-01-10,25.835660934448242,26.38221390241184,25.799395234491254,26.373579368790548,40705000
2020-01-13,26.0048885345459,26.23110734626547,25.874509241095584,25.90473092680328,22054000
2020-01-14,26.609294891357422,26.693048048155788,26.040291859408846,26.07569294991022,28911000
2020-01-15,26.174121856689453,26.58339013074788,25.96344453507168,26.534175107381046,22733000
2020-01-16,26.511728286743164,26.581665867285434,26.26651280489649,26.334724466857075,21508000
2020-01-17,26.66196632385254,26.67491730106811,26.254425552530734,26.650741265268948,26896000
2020-01-21,26.599790573120117,26.7241258452759,26.449553354416533,26.57647915060078,21967000
2020-01-22,27.02288246154785,27.45028117633399,26.80961293694183,26.835516538119652,29264000
2020-01-23,27.599651336669922,27.612602311879794,26.837240074016115,27.213696136102776,30266000
2020-01-24,27.97524642944336,28.629728515056293,27.696355804471143,28.536476222422117,55782000
2020-01-27,26.68268394470215,27.619510099406043,26.649010422042988,27.31989858523108,38843000
2020-01-28,27.483951568603516,27.563388281695552,27.00561031223061,27.07123144356398,23166000
2020-01-29,27.414878845214844,28.098718075514363,27.382932883426005,27.70067646398147,23668000
2020-01-30,27.215425491333008,27.243055008803346,26.644694882348492,27.139442259703603,21128000
2020-01-31,26.348541259765625,27.16189525055201,26.21557141377079,27.12563119624495,22123000
2020-02-03,26.354583740234375,26.472873389536677,26.21729745868094,26.38912022700841,21288000
2020-02-04,26.904590606689453,27.161031147772313,26.736221319675135,26.92099671449137,22559000
2020-02-05,27.403656005859375,27.61347039439144,27.272413731398238,27.414016457957892,24825000
2020-02-06,27.603105545043945,27.619511651151317,27.131671260723298,27.52971448776941,22683000
2020-02-07,27.218015670776367,27.502084062504625,27.18693102300623,27.48481664359761,15883000
2020-02-10,27.129079818725586,27.163616301313592,26.7923412908664,26.9710710055118,19218000
2020-02-11,27.6436824798584,27.698078546411008,27.285358478512656,27.340619151027727,15527000
2020-02-12,28.035690307617188,28.069362189388926,27.770613581303238,27.806014675432415,15310000
2020-02-13,27.972654342651367,28.101307725008567,27.711899034892216,27.757658928417268,13857000
2020-02-14,27.437328338623047,28.12203051265748,27.379477131269088,28.047776492013686,19137000
2020-02-18,26.831199645996094,27.19902122473044,26.598072179900996,27.19815826543295,26693000
2020-02-19,27.25773048400879,27.356162172863836,26.91322039645042,27.025466019052327,20525000
2020-02-20,26.700817108154297,27.257732105450682,26.4314256216425,27.10835782156414,25521000
2020-02-21,26.291549682617188,26.718948325783412,26.10073030704832,26.63692273943551,24522000
2020-02-24,25.177719116210938,25.799390603534796,25.0447509454222,25.402212009461703,36849000
2020-02-25,24.40753936767578,25.534320417585683,24.268527171721853,25.394443615508358,31892000
2020-02-26,24.683834075927734,24.884150932647103,24.521508829909717,24.551728867898788,23074000
2020-02-27,23.653762817382812,24.634623066773628,23.618361725155253,24.202043326671802,34837000
2020-02-28,23.538921356201172,23.669300646987313,22.68585002548601,22.73679261089789,44586000
2020-03-02,24.605262756347656,24.64239140910183,23.411997756947308,23.89638463297189,31976000
2020-03-03,23.67966651916504,24.90833285802654,23.448266610568847,24.5776382801281,29930000
2020-03-04,24.646709442138672,24.6700225156496,23.72456177459778,23.963733224148854,23477000
2020-03-05,23.66153335571289,24.442941342088336,23.52424872018008,23.939559404528097,24374000
2020-03-06,23.265216827392578,23.3930056124884,22.665130771419715,23.051948963727092,30169000
2020-03-09,21.388973236083984,22.472583156624342,21.08936171840711,21.679087262322255,43934000
2020-03-10,22.69966697692871,22.767014024213434,21.015971032386574,22.154840003166875,55071000
2020-03-11,21.23788070678711,22.14621307922491,20.93740612145226,21.920857140223774,36030000
2020-03-12,18.89019775390625,20.960710195351407,18.67779286913833,19.599075897728724,64281000
2020-03-13,20.223342895507812,20.244928406509914,17.368829928130864,19.471291966487847,84714000
2020-03-16,16.196285247802734,18.891924436701146,15.56166273908239,17.974959460619793,76935000
2020-03-17,17.226364135742188,17.269535157490065,15.669593771849797,16.56238282017544,70662000
2020-03-18,14.494460105895996,16.18765209520869,13.441070905415062,16.030507868400143,98993000
2020-03-19,16.789464950561523,17.913655461092127,14.246653434404667,14.47459983665534,74438000
2020-03-20,16.87903594970703,18.324405393649347,16.500570632504555,17.737828368354084,74044000
2020-03-23,16.988794326782227,17.20832182742304,15.608404960589263,16.9369858232321,46921000
2020-03-24,18.68267059326172,19.20514720048578,17.67547882155631,18.05745626496605,62970000
2020-03-25,19.103281021118164,21.425882216008997,18.371816954661774,18.632614709298206,64442000
2020-03-26,21.35300064086914,21.496132666448652,19.847921140588408,19.847921140588408,60213000
2020-03-27,20.257123947143555,21.258169015910326,20.196534130370075,20.45996651429957,39448000
2020-03-30,21.08429718017578,21.194060921073458,20.05954305594182,20.389711906201835,52343000
2020-03-31,20.819988250732422,22.19071874712535,20.728666401013548,20.899018288345168,50191000
2020-04-01,19.637176513671875,20.583778404265146,19.29032262955928,20.020031557832564,41858000
2020-04-02,20.816478729248047,20.894631149182743,19.4457497322909,19.529169593841782,45049000
2020-04-03,20.57060432434082,21.29855621739655,20.244825276520903,20.779593582464884,28960000
2020-04-06,22.16701316833496,22.252189963908258,21.387252566150877,21.47681917573231,38868000
2020-04-07,22.239892959594727,23.313821176445817,22.174913338399023,22.9924335812291,45892000
2020-04-08,22.927452087402344,23.02404304618525,22.272381788496297,22.54722997074027,27565000
2020-04-09,22.330341339111328,23.489446466882338,22.067786592355787,23.339290046889772,34828000
2020-04-13,22.823841094970703,22.96433859462784,22.198626719037748,22.260094165779957,25729000
2020-04-14,23.50086212158203,23.566719377209555,23.034585516334555,23.368266632822337,23094000
2020-04-15,22.60606575012207,23.034584238702795,22.493667430578565,22.91867373337076,25926000
2020-04-16,22.680706024169922,22.985410333856546,22.3136549733105,22.985410333856546,26896000
2020-04-17,23.34719467163086,23.48330236286951,22.737785945816185,23.11361836423971,34089000
2020-04-20,22.679826736450195,23.29274754202101,22.647337761673484,22.830862449792523,23801000
2020-04-21,21.746395111083984,22.37336631059438,21.671756559879523,22.353169149455915,29138000
2020-04-22,22.828229904174805,23.02580502776479,22.017733920981332,22.37161221295845,35438000
2020-04-23,22.736907958984375,23.287483785316052,22.700905117851327,22.85281848296343,21659000
2020-04-24,23.25323486328125,23.276064909053826,22.73251520068634,22.814179803563974,23373000
2020-04-27,23.57286262512207,23.81609947316043,23.212837654864064,23.212837654864064,16588000
2020-04-28,23.246212005615234,24.271845797529757,23.192648232303362,24.081295031341547,18988000
2020-04-29,24.237592697143555,24.322769478224604,23.641356904438204,23.803806792895696,28871000
2020-04-30,23.851228713989258,24.06460950941581,23.603600336068848,24.018947740952882,23379000
2020-05-01,22.804513931274414,23.520173982268552,22.672797778756056,23.357724116657966,26836000
2020-05-04,23.029314041137695,23.04424208618451,22.419905451599533,22.761490207709446,17046000
2020-05-05,23.258502960205078,23.615893427117246,23.156642866823642,23.406026496142893,26462000
2020-05-06,23.19791030883789,23.75112056993989,23.14873636115984,23.562326778040536,22727000
2020-05-07,23.51140022277832,23.750247308806884,23.35773160803205,23.708975352353725,18238000
2020-05-08,24.150665283203125,24.19632705422489,23.7116101791159,23.90215926355805,16757000
2020-05-11,24.18315315246582,24.300818915293974,23.862641489508942,24.004895903005814,20851000
2020-05-12,23.57286262512207,24.386870644921032,23.55266713999767,24.286767497225295,18764000
2020-05-13,23.10746955871582,23.737953021623955,22.77466605935162,23.715121299707885,21927000
2020-05-14,23.41041374206543,23.441147459751708,22.369853804307944,22.915160398610514,19912000
2020-05-15,22.86686134338379,23.187371271541373,22.54722904280886,22.779927641708877,21650000
2020-05-18,24.018945693969727,24.29994065291349,23.53334958474719,23.587792651143406,26531000
2020-05-19,23.880199432373047,24.23846911685493,23.85034334618926,24.01894163293922,18702000
2020-05-20,24.47117042541504,24.702113792849016,24.242861615861184,24.32101402514411,18605000
2020-05-21,24.130468368530273,24.54318124255765,24.11729725122721,24.492250354196916,14847000
2020-05-22,24.29291534423828,24.34560147829222,23.753755492004895,24.037384998040572,17452000
2020-05-26,24.764461517333984,25.20966332511316,24.709140820489775,25.026138630066203,23573000
2020-05-27,25.253570556640625,25.27201078944795,24.587084267614024,24.852273573839984,22812000
2020-05-28,24.862810134887695,25.403726980357934,24.8004650643971,25.026139346796736,18543000
2020-05-29,25.576717376708984,25.640819383295664,24.754805477973374,24.841739208067217,27300000
2020-06-01,25.464317321777344,25.56178760431791,25.234251545935326,25.50207541596929,18444000
2020-06-02,26.17294692993164,26.195778647883422,25.473094144707286,25.55563636564462,31847000
2020-06-03,27.180145263671875,27.296055787624788,26.388091133235225,26.435508161291043,31926000
2020-06-04,27.123943328857422,27.484845970308285,26.527705809550117,26.84821747587903,34997000
2020-06-05,27.843114852905273,28.811670843481775,27.668371467813333,28.073178932404417,50958000
2020-06-08,27.88174819946289,27.997658687548903,27.5164541340132,27.879991269398992,23916000
2020-06-09,27.688566207885742,28.001174181561478,27.35927493350984,27.397034698019954,22335000
2020-06-10,27.663982391357422,28.030154169478582,27.634126297367686,27.805359186475087,25914000
2020-06-11,25.794485092163086,27.09408768377579,25.763751371574163,27.01242307984144,45115000
2020-06-12,26.36526107788086,26.690162621573236,25.704923105633583,26.590935395233043,39439000
2020-06-15,26.70244598388672,26.9360222137225,25.676812524197157,25.904243686004342,29824000
2020-06-16,27.284635543823242,27.620951179230588,26.69454482113131,27.22141117892154,30387000
2020-06-17,27.523481369018555,27.81062306145258,27.378594081262985,27.521724438771805,20279000
2020-06-18,27.986248016357422,28.02225085301466,27.354886957796584,27.40757309627476,33625000
2020-06-19,26.860443115234375,28.220453449598796,26.860443115234375,28.183193031571037,58465000
2020-06-22,27.815914154052734,27.872691457779666,26.927870692064918,27.102639334794027,27195000
2020-06-23,27.6171875,28.16190200149837,27.61630083062416,27.950759626083375,22419000
2020-06-24,27.233055114746094,27.587917527314907,27.01481426568397,27.430890719389993,19096000
2020-06-25,27.39983558654785,27.455726216419006,26.880848023812415,27.152319456513556,15029000
2020-06-26,27.27208137512207,28.014631382469123,26.89415381349571,27.818570862992786,31425000
2020-06-29,27.482343673706055,27.53823430794241,27.00948826423551,27.330638589787615,14516000
2020-06-30,27.999549865722656,28.12907464663058,27.213527719204883,27.497419249360153,25125000
2020-07-01,27.74405288696289,28.109560347499674,27.673967086068593,27.95519526692354,15661000
2020-07-02,27.98713493347168,28.334012195848885,27.915274099218156,28.189405550033875,16638000
2020-07-06,28.28167152404785,28.476845411948727,28.15303338123901,28.389017754634395,17561000
2020-07-07,27.778654098510742,28.225780870653644,27.72808517247167,28.15303336293165,16150000
2020-07-08,28.350868225097656,28.37482014368647,27.867367740335276,28.046573101696403,18023000
2020-07-09,28.522092819213867,28.773155651710837,27.967618120379584,28.38990461338889,25225000
2020-07-10,28.33933448791504,28.654274717491873,27.984472138242754,28.55846365980337,13280000
2020-07-13,27.618074417114258,28.7021799629248,27.5533120216051,28.538054762652667,21549000
2020-07-14,27.952533721923828,28.053669873374243,27.075135432070898,27.41225593690561,18363000
2020-07-15,27.83719825744629,28.19117386727742,27.516934691033207,28.02971038813302,15253000
2020-07-16,27.620737075805664,27.846074617855397,27.439756691407425,27.55597467804891,12929000
2020-07-17,27.742280960083008,27.96407016606702,27.501861542017966,27.87003243616776,13354000
2020-07-20,28.134401321411133,28.180533512842807,27.524924392862957,27.665982667525583,14323000
2020-07-21,27.886884689331055,28.320704614965248,27.738729677731623,28.320704614965248,14312000
2020-07-22,27.83897590637207,28.005762810859025,27.53468249139658,27.9463221219792,14404000
2020-07-23,27.472576141357422,28.042130824444353,27.35813320320595,27.800824810545386,19417000
2020-07-24,27.128366470336914,27.582589951256217,26.985533165261646,27.199338942109218,15631000
2020-07-27,27.7396183013916,27.76445858330835,27.279184724350976,27.35104386959338,20646000
2020-07-28,27.26676368713379,27.689050157955222,27.1611908003405,27.60654421339344,13974000
2020-07-29,27.39983558654785,27.610977966061096,27.274745825323965,27.37144693691575,16562000
2020-07-30,27.688159942626953,27.761794111563372,27.146995503377003,27.146995503377003,21259000
2020-07-31,28.100690841674805,28.24707252525831,27.626062091095992,27.918823766145703,24719000
2020-08-03,28.498138427734375,28.69863402046213,28.147711090954605,28.211585134185036,20796000
2020-08-04,29.133338928222656,29.15108246798618,28.423614258852528,28.43337100597025,25258000
2020-08-05,29.23535919189453,29.41634126162014,28.903565499199058,29.12091793250111,22299000
2020-08-06,29.201656341552734,29.35424811086302,28.86897250979159,29.078341588727696,14193000
2020-08-07,28.915096282958984,29.252216768225644,28.520311831939594,29.13333877509246,14192000
2020-08-10,29.041961669921875,29.211406893294367,28.749198335653016,28.76339519822362,11989000
2020-08-11,28.746540069580078,29.570709448617215,28.633872136959706,29.06059364038501,19316000
2020-08-12,29.599098205566406,29.797823847564878,28.86453315687891,28.908003650764748,18471000
2020-08-13,29.22471809387207,29.57869208475586,29.08543316110469,29.472234225094965,15095000
2020-08-14,29.08277702331543,29.26286907773214,28.92131179718979,29.100517182091195,10140000
2020-08-17,29.304561614990234,29.434973082113085,29.187456956968898,29.23270078476092,10594000
2020-08-18,29.155519485473633,29.558290781923372,29.111162322597274,29.4411861121278,8857000
2020-08-19,29.206087112426758,29.550300962380003,29.120032803879887,29.22915066885066,11273000
2020-08-20,29.172372817993164,29.275283995396528,28.926630036712368,29.071238363538164,8910000
2020-08-21,29.2779483795166,29.31698552670249,28.83259663083226,29.125360005670288,11508000
2020-08-24,29.631038665771484,29.825324192281148,29.377309057791283,29.454493297250355,11996000
2020-08-25,29.82088279724121,29.905163763562665,29.542316334792694,29.719748345042756,11140000
2020-08-26,30.13405418395996,30.29729274080148,29.58756797770375,29.69668585452019,14844000
2020-08-27,30.087038040161133,30.27866356353164,29.820888283702622,30.206802723179674,12552000
2020-08-28,30.590940475463867,30.590940475463867,29.959286598467735,30.074617934119992,14589000
2020-08-31,30.797639846801758,31.101933217604635,30.475602938845796,30.475602938845796,22229000
2020-09-01,31.89683723449707,32.12128984768825,30.821604881348446,31.050490842296522,29205000
2020-09-02,33.269264221191406,33.619691537511684,32.25435602324037,32.457514996711566,37053000
2020-09-03,31.23590660095215,32.72721711577452,31.064684617338955,32.47083085936958,41795000
2020-09-04,32.1993522644043,33.049248584045664,31.360989415568707,32.02369696255482,58514000
2020-09-08,31.098388671875,32.18160749203255,31.05048145670198,31.286464086965807,26685000
2020-09-09,31.9403018951416,32.10176709832821,31.14807294846755,31.59697470857921,26273000
2020-09-10,31.6785831451416,32.6322770197703,31.439937163142734,32.12659810656873,22851000
2020-09-11,31.91103172302246,32.31645965307323,31.465676592254326,31.982002508430476,17362000
2020-09-14,32.13282012939453,32.46018052579617,31.8799805787276,32.3288823762971,16447000
2020-09-15,32.55067825317383,32.92416922794187,32.41227995110302,32.496560946695915,16618000
2020-09-16,32.56220245361328,33.00223418301469,32.500988416809214,32.66334030688007,18498000
2020-09-17,32.46283721923828,32.83544479409753,31.494062939379027,31.494062939379027,22862000
2020-09-18,31.913692474365234,32.63317739917494,31.498504401841707,32.5693033523974,35295000
2020-09-21,31.493818283081055,31.509035915059382,30.749868690302016,31.334463448392356,24198000
2020-09-22,32.37115478515625,32.38995484266232,31.597661338340163,31.903837606396348,19500000
2020-09-23,31.475919723510742,32.33714362165352,31.338052592755872,32.24493622679641,15542000
2020-09-24,31.559175491333008,32.011275168759845,31.252107797627364,31.35148004643398,13611000
2020-09-25,31.942337036132812,32.02469871671868,31.17958734612944,31.517097091562974,18183000
2020-09-28,32.88233947753906,32.98350120606157,32.141972364866724,32.37921167878886,22192000
2020-09-29,32.610191345214844,33.195684356032544,32.586019349096205,32.899357130373566,13722000
2020-09-30,32.615562438964844,33.213585393932526,32.38190550765269,32.49291295517898,22403000
2020-10-01,32.998722076416016,33.18761740752995,32.6603176206847,33.032739765041015,16016000
2020-10-02,31.94502830505371,32.66928328050553,31.88415434566468,32.22882219146204,17100000
2020-10-05,32.77492141723633,32.84206547816481,32.219870449399195,32.304021652559705,18923000
2020-10-06,32.58512496948242,33.3031131755071,32.40965772240504,32.77581326599974,16672000
2020-10-07,32.832218170166016,33.11153488354329,32.771340793835904,32.97635200097564,12747000
2020-10-08,33.42216873168945,33.50811281927164,32.972756900271484,33.114202987034524,17045000
2020-10-09,33.723880767822266,34.019313285597796,33.482167599755535,33.65494719669243,17253000
2020-10-12,34.236846923828125,34.47587575553931,34.000502351199756,34.17955199427019,18839000
2020-10-13,34.1526985168457,34.717598552630506,33.894869579569644,34.414113297057774,16731000
2020-10-14,34.04616165161133,34.3541274745527,33.82682761250634,34.33622216716418,17298000
2020-10-15,34.013038635253906,34.063172129794474,33.573472389831565,33.57616006423234,14361000
2020-10-16,33.89844512939453,34.31294116798748,33.853680158281946,34.31294116798748,10295000
2020-10-19,33.64061737060547,34.342489728706454,33.58511194081379,34.13031712413515,14803000
2020-10-20,33.74983596801758,34.12135997641789,33.621814564172496,33.751625474129426,13297000
2020-10-21,33.30759048461914,33.73820241019949,33.151814637227794,33.64061967105449,11896000
2020-10-22,33.4257698059082,33.50992101959197,32.86534341821506,33.22075858442165,13547000
2020-10-23,33.367557525634766,33.4767788466308,33.1920903418196,33.415901500996526,8868000
2020-10-26,32.50096893310547,33.12047613981617,32.01485164820925,33.08824795445138,15509000
2020-10-27,32.19301223754883,32.69256120486187,32.15899453645156,32.69256120486187,9620000
2020-10-28,31.08379554748535,31.768657278483193,30.933395075593733,31.691667536468554,22331000
2020-10-29,31.782089233398438,32.178683441053806,30.919072507023113,31.08827647337542,15697000
2020-10-30,31.300445556640625,31.601246502795153,30.83402309044004,31.278957823293617,18530000
2020-11-02,31.44547462463379,31.816107295304406,31.185852804553058,31.784773862886937,11757000
2020-11-03,31.670175552368164,32.160769941322734,31.0345526442828,31.866235723402113,15457000
2020-11-04,32.643314361572266,33.03274368895702,31.972775471482763,32.271786926061296,21277000
2020-11-05,34.097198486328125,34.25654994060645,33.304009982638014,33.33534342154853,21783000
2020-11-06,34.0748176574707,34.347867673479904,33.76595701950547,34.02378939948224,13545000
2020-11-09,33.620033264160156,35.26280710598624,33.57258401991062,34.833984646458276,24088000
2020-11-10,32.509033203125,33.41054493972229,32.26104994217896,33.15271597765377,26784000
2020-11-11,33.65404510498047,33.76326645703126,32.994250057259485,33.20105072555526,15133000
2020-11-12,33.14197540283203,33.89398145499848,32.97008713430627,33.77133194224647,12160000
2020-11-13,33.43739700317383,33.780278709755336,33.26551218838972,33.57168510964778,10997000
2020-11-16,34.091827392578125,34.141960896071375,33.48216574110577,33.5546783214649,12100000
2020-11-17,34.07301712036133,34.237740463890596,33.7534127162578,33.89933941669744,11950000
2020-11-18,34.0748176574707,34.46156281234698,33.9852945176695,34.0094631016465,13517000
2020-11-19,34.40694808959961,34.45260782251798,33.513496057709425,33.815191803818244,14555000
2020-11-20,34.31742858886719,34.81160218879924,34.26102839672965,34.405162221081135,16140000
2020-11-23,34.645973205566406,34.83845096729519,34.28787393232149,34.50004650521207,12212000
2020-11-24,35.11418914794922,35.16611214828995,34.57256641149573,34.79100569528908,13455000
2020-11-25,34.988853454589844,35.40693193847578,34.8250248546848,35.16879785460646,11787000
2020-11-27,35.357688903808594,35.73548296414116,35.183116458375096,35.19654458262574,6846000
2020-11-30,35.95124053955078,36.0031635344161,35.15984175382924,35.274435024856984,15454000
2020-12-01,36.21892547607422,36.40782084849516,35.82054174787071,36.11955323231691,18181000
2020-12-02,36.14372253417969,36.29412301836601,35.90916744664825,36.234140409277714,10031000
2020-12-03,35.79188919067383,36.404238397789484,35.639699203300765,36.2126553688504,16120000
2020-12-04,36.855445861816406,36.91990566077772,36.02376248376887,36.024660652093466,20083000
2020-12-07,37.679969787597656,37.85454230029775,37.00405881414233,37.2788983359757,19707000
2020-12-08,37.90557098388672,38.20010532652379,37.43556937329564,37.53583638355507,18121000
2020-12-09,37.26187515258789,38.14637595817893,37.033586805375386,37.5528269384439,20908000
2020-12-10,36.7086181640625,37.17504060939212,36.526880852138376,36.83395188601859,26244000
2020-12-11,36.33083724975586,36.43647619871914,35.65582099736403,36.16790335213719,26664000
2020-12-14,36.866188049316406,37.08999929127919,36.34694432872026,36.39439356876895,26116000
2020-12-15,37.426605224609375,37.54567226816113,36.97271612214752,37.17772727061892,21207000
2020-12-16,38.03895950317383,38.24038825128578,37.328132743852926,37.421238300798706,23160000
2020-12-17,38.146392822265625,38.49643260500932,38.00763092981463,38.182203444539724,17152000
2020-12-18,39.23524856567383,39.33365932130682,38.101239657808755,38.35404298484692,45243000
2020-12-21,38.7224235534668,39.00412022028655,38.25473386311575,38.65651213368015,19096000
2020-12-22,39.10342788696289,39.14405551565383,38.6429607633441,38.722414710976466,17929000
2020-12-23,38.41363525390625,39.365260705897924,38.37932426199987,39.274974785215946,10533000
2020-12-24,38.95535659790039,39.0041125091737,38.604139072032595,38.68720253008419,4123000
2020-12-28,38.9932861328125,39.47993609294772,38.92737815497061,39.21539147181176,10625000
2020-12-29,38.73686218261719,39.34991371473396,38.53371713740656,39.34991371473396,9593000
2020-12-30,39.25962829589844,39.545836805749715,38.832566307438775,38.97431871889919,10553000
2020-12-31,39.532291412353516,39.59097691335653,39.09891281585674,39.39324958621984,10211000
2021-01-04,38.3919677734375,39.928657422261146,38.03262536925721,39.665921030510795,24171000
2021-01-05,38.652000427246094,38.768469078646646,38.13736301212979,38.37662384355555,15069000
2021-01-06,38.41363525390625,39.23705428522707,37.96942122247427,38.218615047650985,17226000
2021-01-07,40.03248977661133,40.14083358088824,38.87771572360014,39.00953510946307,21267000
2021-01-08,40.23563766479492,40.628388718628564,39.604531602493935,40.358429843999865,15271000
2021-01-11,40.24646759033203,40.51913355929121,39.76433304355431,39.781488540053935,11660000
2021-01-12,40.57420349121094,41.059048540840436,40.23201665454747,40.42793921477375,13846000
2021-01-13,40.738525390625,40.944380984031255,40.45863700462949,40.65636431748163,13118000
2021-01-14,40.816184997558594,41.39673036338697,40.7493712031869,40.946199633557214,19692000
2021-01-15,40.25458526611328,40.62927832617053,39.78599679100612,40.46495618355327,18165000
2021-01-19,41.466251373291016,41.48611744714625,40.47399471354798,40.47399471354798,18819000
2021-01-20,41.701900482177734,42.05492280020696,41.08072406733881,41.48882238575443,14710000
2021-01-21,42.147918701171875,42.38717950663449,41.56827575022848,41.72266489149737,15749000
2021-01-22,41.98540115356445,42.21382998919727,41.74704272588771,41.86803013806915,16248000
2021-01-25,41.964630126953125,42.43502683107972,41.178229281546415,42.39530158022931,14692000
2021-01-26,41.881568908691406,42.16687502802006,41.70189600495252,41.77141691974481,10742000
2021-01-27,40.15076446533203,41.25768491872977,39.86274775034911,41.12947849236265,21857000
2021-01-28,40.786380767822266,41.39491691814322,40.361127019738795,41.128571062090806,16946000
2021-01-29,40.6744270324707,41.360612425548304,40.41530361708048,40.62025685798732,22069000
2021-02-01,42.14069366455078,42.37363437202409,40.95341692480107,41.157464346526396,17027000
2021-02-02,43.056209564208984,43.0643344021425,42.25445785860663,42.41336577406938,16141000
2021-02-03,42.00074768066406,43.20427748863158,41.946574063743405,43.060720331350765,17857000
2021-02-04,42.49190902709961,42.53976256049286,41.30463234811666,41.53215533760553,15243000
2021-02-05,42.07478332519531,43.05981734167678,42.01609437998626,42.82597082618888,12488000
2021-02-08,42.67881393432617,42.7438195332394,42.03596663007916,42.32217862910902,17610000
2021-02-09,42.853065490722656,42.90362616202543,42.310437207134015,42.61560943334536,12758000
2021-02-10,42.439552307128906,43.11128944533593,42.02784100389107,43.0860091079891,14587000
2021-02-11,43.19254684448242,43.279223268219,42.36190180189237,42.76819538554035,17123000
2021-02-12,43.90851974487305,43.97172057939051,42.87653449978855,43.19163973952521,13551000
2021-02-16,44.1622200012207,44.67234538786862,43.97171514417827,44.32022551217093,15163000
2021-02-17,43.56182098388672,43.89046534941915,42.89188864072931,43.719823082700394,14084000
2021-02-18,43.63223648071289,43.826354294304664,42.89820105220524,43.3586647212765,16715000
2021-02-19,44.23716735839844,44.70485701262895,43.94915062941513,43.992488839747054,17992000
2021-02-22,43.00925827026367,43.93470099883119,42.91535939863899,43.699053164855144,16967000
2021-02-23,42.60657501220703,42.85215933020926,41.17642453158921,42.537956472327664,21303000
2021-02-24,43.417354583740234,43.46520467229993,41.77231792869783,42.2255625917793,15125000
2021-02-25,41.27573776245117,43.281921486806304,41.09967781982342,42.86389019809081,23148000
2021-02-26,42.42329025268555,42.95508304634307,41.598968886807874,42.21201693838117,22640000
2021-03-01,44.202857971191406,44.2407784731331,42.783542835391806,43.31082035430717,24677000
2021-03-02,43.38395690917969,44.31843048948817,43.301795810037135,44.27418989764218,18546000
2021-03-03,41.80843734741211,43.4634037387481,41.7100231423674,43.15732915487085,23991000
2021-03-04,40.050540924072266,42.164166072586845,39.85552073145635,41.6829339518431,34575000
2021-03-05,40.64192581176758,41.17100807559478,39.09440083148222,41.01300598692516,42414000
2021-03-08,38.03353500366211,40.44511070804849,37.85386204519427,40.34308352518014,45243000
2021-03-09,40.05145263671875,40.34939897893017,38.8777182554178,39.33727965955401,37884000
2021-03-10,39.508819580078125,40.993143738633364,39.284003701467256,40.3900252207655,19914000
2021-03-11,40.96244430541992,41.30192405444716,39.915111772473,40.54080347231658,26170000
2021-03-12,40.73492431640625,40.94438946081431,40.13451290571387,40.21035391200924,18906000
2021-03-15,42.504554748535156,42.54608820431548,40.91730443234744,41.096977356113285,31241000
2021-03-16,43.173580169677734,43.69905289674885,42.201186289170266,42.54969324235931,31190000
2021-03-17,43.66203689575195,43.99429419066682,42.43593380635189,42.46211651743984,23754000
2021-03-18,41.90685272216797,43.64036729516686,41.87073697418367,42.84674388170753,28728000
2021-03-19,43.17256546020508,43.37457015975542,41.31994744062459,41.588378766322684,108602000
2021-03-22,43.2471809387207,43.79313790387632,42.918695940433906,43.031527833350935,31805000
2021-03-23,42.22623825073242,43.255370242071585,42.097939090019814,43.11069091417639,24712000
2021-03-24,41.608394622802734,42.76582567922697,41.5719965683663,42.716688652848745,20882000
2021-03-25,42.0114860534668,42.22259196695006,40.88408370094432,41.3981931414376,17537000
2021-03-26,43.86228561401367,43.949639547147754,41.55106493501567,41.55106493501567,28925000
2021-03-29,43.0051383972168,43.78221916659101,42.609317360217595,43.71306425073213,28410000
2021-03-30,41.50740051269531,42.22078655407559,41.09428980221399,42.20986644135629,27935000
2021-03-31,42.18983840942383,42.5001243475971,41.165257170659764,41.76581115923859,28684000
2021-04-01,43.308143615722656,43.36546898777595,42.693937746265455,42.955090134506534,23528000
2021-04-05,44.44828414916992,44.553837113369035,43.387304865500596,43.70396028698858,22966000
2021-04-06,44.028804779052734,44.42462229565822,43.471014896994035,43.96055930239723,18063000
2021-04-07,43.900508880615234,44.032449230015224,43.49468062325686,43.677576862509575,12074000
2021-04-08,44.17531204223633,44.402794697220976,43.68758986863346,44.402794697220976,18121000
2021-04-09,44.139808654785156,44.15982653858336,43.36181865143097,43.67665515156362,16614000
2021-04-12,44.01060104370117,44.16983815811581,43.54926639159205,43.85227335978194,23247000
2021-04-13,44.127994537353516,44.42463211830297,43.70305779227794,44.13163573163868,15281000
2021-04-14,43.430992126464844,44.51289898478434,43.23899808064556,43.901428216930604,18220000
2021-04-15,43.67667770385742,43.88687079893407,43.38368126829604,43.82590768558536,18370000
2021-04-16,43.566566467285156,43.83863550855257,43.38367023154663,43.72034356462034,16263000
2021-04-19,42.038787841796875,43.385484502718555,41.86135168022637,43.36091599159535,26319000
2021-04-20,41.60749053955078,42.04152507204903,41.35998651446116,41.85771938596452,19128000
2021-04-21,41.83769607543945,41.88774253246155,41.18345441137798,41.4218571552531,25947000
2021-04-22,41.41184616088867,41.960531334368,40.85587860030752,41.41093325916904,27057000
2021-04-23,42.41459655761719,42.57110543513281,41.62932734871128,41.71940959469778,22890000
2021-04-26,42.93507766723633,43.11524215326199,42.18165244608215,42.49557962156305,18271000
2021-04-27,42.43460464477539,43.1543599577832,42.31722561709029,43.10340407517091,13267000
2021-04-28,41.78401184082031,42.40003663946161,41.49738494898495,42.34543955339829,15940000
2021-04-29,42.42914962768555,42.738526128300876,41.76853851943113,42.738526128300876,14650000
2021-04-30,41.51102828979492,41.92322947063438,41.29628463702433,41.83041547697982,19367000
2021-05-03,40.95961380004883,41.84224754598226,40.79036596766733,41.83405572735554,15098000
2021-05-04,40.450042724609375,40.73758243866249,39.7921634662438,40.69390547613406,23497000
2021-05-05,40.385440826416016,41.077899311841456,40.2525910699712,40.984175896541736,16388000
2021-05-06,40.817665100097656,40.86407036287306,40.02238532034426,40.38271772541955,13495000
2021-05-07,41.18162536621094,41.70938661116707,40.874067783476086,41.36452155256478,11712000
2021-05-10,39.68207550048828,40.81311930621572,39.652046928733775,40.79947090208455,25239000
2021-05-11,40.043312072753906,40.19708916321548,38.49461064450804,38.67204681692045,17887000
2021-05-12,38.433650970458984,39.205271795378586,38.138835708316634,39.062414789600794,29940000
2021-05-13,39.18161392211914,39.56560197966495,38.730286333220384,39.11700615422881,21841000
2021-05-14,40.18435287475586,40.50283065835568,39.31355212000147,39.70846026748925,16964000
2021-05-17,40.0314826965332,40.231668521046764,39.38543286246966,40.231668521046764,15725000
2021-05-18,39.46733093261719,40.440956411443175,39.425472819255894,40.39363824232956,17824000
2021-05-19,40.193458557128906,40.26443234443852,38.73574853367273,38.76304534315103,21369000
2021-05-20,41.40184783935547,41.79311832739424,40.52194569226428,40.560162615964245,21886000
2021-05-21,41.05970764160156,41.67391008364169,40.88681861136576,41.67391008364169,13216000
2021-05-24,41.783103942871094,42.07883209545407,41.52559618171142,41.57655207546259,14420000
2021-05-25,41.814945220947266,42.12614406467067,41.53832904035118,42.02968887617505,9600000
2021-05-26,41.90139389038086,42.04789207789586,41.45006978576617,41.926871836035644,9873000
2021-05-27,42.555633544921875,42.62478846137427,41.82495803304804,41.85680546357812,19098000
2021-05-28,42.978755950927734,43.187130153105805,42.55563805978982,42.766740554398666,19946000
2021-06-01,42.61296463012695,43.49468559416098,42.511962269609896,43.261742869164785,16277000
2021-06-02,43.106143951416016,43.46738582181566,42.71851123303135,42.93325491334714,13286000
2021-06-03,42.2935676574707,42.74489516811849,42.15343897657447,42.65754123243767,20389000
2021-06-04,43.221702575683594,43.53107911191182,42.72306031208963,42.81223312021833,23865000
2021-06-07,42.200767517089844,43.17439662900234,42.081569585921464,43.039724487666554,24142000
2021-06-08,42.178009033203125,42.98420542876094,42.176190171883334,42.589297313585156,16615000
2021-06-09,42.21440887451172,42.51104642434415,42.01331361465621,42.51104642434415,12126000
2021-06-10,42.645721435546875,42.72488357145655,41.87591947425457,42.35727218999334,15413000
2021-06-11,42.8304328918457,42.960554383334525,42.5074079466796,42.62479046535748,14508000
2021-06-14,43.297218322753906,43.30358780777517,42.408215240344795,42.81131512891115,14675000
2021-06-15,42.834075927734375,43.364565654821185,42.634799507973504,43.36365275291565,11131000
2021-06-16,42.38001251220703,42.86864403812243,41.9914704226796,42.7913007809143,20437000
2021-06-17,42.873199462890625,43.24353909676606,42.215320045423425,42.30085165902449,20881000
2021-06-18,42.175270080566406,42.744889447511916,41.90320110193374,42.51831629188404,28537000
2021-06-21,42.607208251953125,42.67782104194646,42.04138938254012,42.291743819789204,18591000
2021-06-22,42.5925407409668,42.97128560542587,42.30550330655774,42.7878742436066,13722000
2021-06-23,42.795204162597656,42.90708266387141,42.463231358217755,42.53843039087403,17674000
2021-06-24,43.10700225830078,43.43622541342436,42.97311257796878,43.091410423188826,12502000
2021-06-25,42.386199951171875,43.326177380600804,42.1844471280662,43.22530096904797,19100000
2021-06-28,43.3582763671875,43.67833055287851,42.68974446665181,42.73467987981843,13987000
2021-06-29,43.7571907043457,43.77186249110497,43.1693607052264,43.31883871582169,14184000
2021-06-30,43.728763580322266,43.88925069087944,43.33351387025182,43.84706492781795,15381000
2021-07-01,43.06848907470703,43.82047245282601,43.00337907817957,43.82047245282601,11153000
2021-07-02,42.93368148803711,43.888334218240836,41.79103117006551,43.72234431236072,37054000
2021-07-06,43.40229415893555,43.72051173949902,42.94560414431637,43.138184481702794,13870000
2021-07-07,43.0593147277832,43.59304036297276,42.76861112965898,43.560027091387084,12581000
2021-07-08,43.14735412597656,43.200545480638866,42.327507608081625,42.58978768861114,16011000
2021-07-09,44.03506851196289,44.09926196561549,42.920848568877275,43.06207416691299,16782000
2021-07-12,44.54586410522461,45.304266865546886,43.40046404627806,44.139608771536594,33142000
2021-07-13,44.386295318603516,44.70909565629409,44.20196741915996,44.50734631980762,11806000
2021-07-14,44.16436767578125,45.119020441520256,44.087335538886165,44.86224315358947,14020000
2021-07-15,43.77461624145508,44.42663968949151,43.38761899952965,44.3193439389189,12624000
2021-07-16,42.92451095581055,44.04423359525428,42.850231965054206,43.9323515869479,13980000
2021-07-19,42.70443344116211,42.7319439279201,41.96345191373721,42.503597092640234,14938000
2021-07-20,42.972206115722656,43.30784519562728,42.484332338075504,42.908012657911335,20727000
2021-07-21,43.928688049316406,43.95253233093731,42.96394617603518,43.06757574681802,13660000
2021-07-22,43.68199920654297,43.92593432030374,43.51509623396981,43.70676003739337,12583000
2021-07-23,44.307430267333984,44.346866387035,43.72785259222836,44.021309377222536,13489000
2021-07-26,44.22397994995117,44.3505337603033,43.98921381608007,44.216644054874095,11160000
2021-07-27,43.59303665161133,44.18453633628766,42.89974401421526,44.0882461780771,14715000
2021-07-28,43.80305480957031,43.93419487222562,43.49767586141676,43.715933617680655,8359000
2021-07-29,44.39546585083008,44.55319982714698,43.78379147883223,43.87824855471621,9162000
2021-07-30,44.51376724243164,44.59996837604434,43.979125009972385,44.198299289551244,11548000
2021-08-02,44.44773483276367,45.357452173829216,44.3404425707861,44.84848734842601,15619000
2021-08-03,44.6412353515625,44.7301896275842,44.01488572318806,44.5220174511164,11135000
2021-08-04,44.733856201171875,44.93377593566836,44.386295036097074,44.800802795261944,12123000
2021-08-05,44.72193908691406,44.97504670670437,44.46699836793134,44.97504670670437,8372000
2021-08-06,44.51652145385742,44.7632097360705,44.38813454067025,44.48350817593515,9964000
2021-08-09,44.44773483276367,44.64490141826474,44.11025921422067,44.613721244446474,5952000
2021-08-10,44.22580337524414,44.610047439855116,43.81954813367681,44.55960924065665,9319000
2021-08-11,44.3441162109375,44.566043662842425,43.99930464038214,44.459664434213714,9816000
2021-08-12,44.40922164916992,44.47708479639153,43.71868202946465,44.22764688792499,8702000
2021-08-13,44.58346939086914,44.841159774575154,44.21206038286388,44.25791585175718,8582000
2021-08-16,44.765037536621094,44.83565033051582,44.42205911011494,44.46149522730965,9188000
2021-08-17,43.89842987060547,44.588973085789746,43.51601876077668,44.531195473682125,16499000
2021-08-18,43.00704574584961,43.750776688409516,42.9501881923831,43.71134407026674,15616000
2021-08-19,43.42522430419922,43.636146137584696,42.42838574342061,42.76677792601578,14044000
2021-08-20,43.57562255859375,43.67283278863791,43.14185671491676,43.360117959435456,10007000
2021-08-23,44.24323272705078,44.586211143669935,43.62422248770938,43.68199659013962,15707000
2021-08-24,44.14970016479492,44.29734510814855,44.03323190039326,44.23865445029655,9429000
2021-08-25,44.33126449584961,44.59354104440178,44.16252845697074,44.16252845697074,10017000
2021-08-26,44.54494094848633,44.76228209743689,44.073575684967516,44.29366648211334,10836000
2021-08-27,45.4803352355957,45.52618719312844,44.62747553202224,44.75310926597153,16459000
2021-08-30,45.7508659362793,46.57254549971895,45.69217528852223,45.852658894998676,19614000
2021-08-31,45.596805572509766,45.97096416865637,45.18321435801185,45.97096416865637,17378000
2021-09-01,45.22539520263672,45.782961590757004,45.200634375603,45.51059599166626,12586000
2021-09-02,45.10984420776367,45.48400276898618,44.95027715196411,45.466577835196745,16991000
2021-09-03,45.6399040222168,46.4028894402409,45.397802039026395,45.47758381847674,25191000
2021-09-07,45.539939880371094,45.632560339641365,45.027305438574494,45.632560339641365,12398000
2021-09-08,45.337276458740234,45.84257157531944,44.762285102121105,45.81781424505981,13987000
2021-09-09,45.25566101074219,45.7334456813516,45.196970356980465,45.196970356980465,13174000
2021-09-10,45.68301010131836,46.40198027155908,45.53261551103893,45.582137174177625,16110000
2021-09-13,45.757293701171875,46.079181021066915,45.23457357343605,46.03607870217255,14927000
2021-09-14,46.02415084838867,46.34970432625301,45.70226356844614,46.036072988195485,14134000
2021-09-15,46.74587631225586,46.83391404907289,45.799479387174976,46.047084210117546,23346000
2021-09-16,46.526695251464844,46.691765109419585,45.87191861468177,46.32952867103449,17569000
2021-09-17,46.402889251708984,46.55145421689056,45.9443626642483,46.21672826880096,34470000
2021-09-20,45.37762451171875,46.127774748639496,44.79254762710957,45.760955571676895,30105000
2021-09-21,45.356380462646484,45.611342998543705,44.987796229423225,45.58732397149987,16935000
2021-09-22,46.24320602416992,46.465836625831884,45.470008961424654,45.65753428658161,20610000
2021-09-23,46.58592224121094,46.86213046476841,46.24320006376608,46.42056590890833,18370000
2021-09-24,46.64320373535156,46.696781394274346,46.265379751089256,46.39840415563254,10605000
2021-09-27,46.636741638183594,46.72634784947753,45.9466807797598,46.16838814107637,9831000
2021-09-28,45.35914993286133,46.32264549335178,45.31480847282369,45.91156636442936,20124000
2021-09-29,45.21689224243164,45.65937655663004,45.04783931405103,45.6002557807886,15783000
2021-09-30,44.79657745361328,45.682476477100856,44.75500931059963,45.682476477100856,15735000
2021-10-01,45.02013397216797,45.14114886563027,44.110215866385175,45.066321975097715,16052000
2021-10-04,43.96702575683594,44.94714723258729,43.67418815109577,44.7965737301123,20093000
2021-10-05,44.84183883666992,45.24552834187616,43.9097518826159,43.96610285966447,16557000
2021-10-06,45.1522331237793,45.20489104330498,44.31344881319772,44.63030197749886,12042000
2021-10-07,45.627044677734375,46.17946466924612,45.50787985929532,45.50787985929532,13261000
2021-10-08,45.5282096862793,46.00395281852669,45.38317576066298,45.894947438613436,10279000
2021-10-11,45.48108673095703,46.15082142049359,45.343442498405764,45.379471034852365,11186000
2021-10-12,44.82890701293945,45.8838553999666,44.5277564751166,45.80441218480285,20991000
2021-10-13,44.80397033691406,44.83814882522534,44.299591840987325,44.44924210009807,16424000
2021-10-14,45.96699905395508,46.1101864400448,45.34068242235307,45.436755016229085,19233000
2021-10-15,46.48894119262695,46.73004422094382,46.28848304845933,46.59517326108221,25103000
2021-10-18,46.49909591674805,46.55637016980936,46.064924447054736,46.2247376907995,16042000
2021-10-19,47.14850997924805,47.192851448349955,46.35221359273537,46.587776986604496,16383000
2021-10-20,47.05612564086914,47.429329737407436,46.968369502254774,47.204852614736524,13458000
2021-10-21,47.49584197998047,47.5549627559646,46.98314711809029,47.05889726415662,11787000
2021-10-22,47.61224365234375,48.163736930908925,47.391459573225895,47.550349544070784,15367000
2021-10-25,48.227474212646484,48.45195134293642,47.590994630825506,47.8043855136171,12416000
2021-10-26,49.31752395629883,49.420986194201895,48.40575946085986,48.519381154889444,24043000
2021-10-27,48.323543548583984,49.520752480252824,48.20807179601899,49.12814922631551,23500000
2021-10-28,48.920310974121094,48.95541273042285,48.35311155749009,48.41870226023525,11872000
2021-10-29,49.114295959472656,49.15863742507194,48.3595713015748,48.3595713015748,15564000
2021-11-01,48.77988815307617,49.19835697297883,48.49167040071183,48.99143249146133,16896000
2021-11-02,49.613136291503906,49.95955157918692,48.653333647912106,48.724463943544855,16262000
2021-11-03,50.10273742675781,50.2339152994394,49.308291104962564,49.79604373662419,14038000
2021-11-04,50.68008804321289,50.72165970508129,49.96878165007931,50.234830419066334,15956000
2021-11-05,51.6315803527832,51.70086411497875,50.790022797155096,50.80757543534725,18674000
2021-11-08,51.63434600830078,52.09068986609422,51.55582606730236,51.91332402504171,17231000
2021-11-09,51.52812194824219,51.90686921605412,51.28239909089771,51.656526501173744,15838000
2021-11-10,50.693946838378906,51.81448590165369,50.62743640448428,51.20479517789194,18450000
2021-11-11,51.306419372558594,51.4653093508318,50.69765181469233,51.05607665157327,14157000
2021-11-12,52.02880096435547,52.27083072497097,51.23158491438537,51.5844665747662,13592000
2021-11-15,52.264366149902344,52.44173201482138,51.7156462316766,52.44173201482138,13972000
2021-11-16,52.54148864746094,52.61169566327421,51.98445237728818,52.109163830866045,13194000
2021-11-17,52.62187576293945,52.780765747676725,52.110104051359585,52.48330821919621,12532000
2021-11-18,53.099456787109375,53.27682265030394,52.621867168039344,52.756738098700666,12712000
2021-11-19,52.53688049316406,53.32116377739338,52.279144623622145,53.23525064623993,19612000
2021-11-22,51.110572814941406,52.84357252681741,51.036672719049825,52.81031730747027,25898000
2021-11-23,51.28054428100586,51.34890124669454,50.67177683623749,51.031124873104055,17109000
2021-11-24,51.61403274536133,51.64636469880737,50.56647040587253,51.10595768095851,12084000
2021-11-26,50.49256896972656,51.48193024286664,50.190495148704606,50.97108186804286,14219000
2021-11-29,52.13226318359375,52.428797389306496,51.14752181868865,51.38031186526537,18703000
2021-11-30,51.147518157958984,52.192307016867375,50.992324804682,52.03341707349985,22574000
2021-12-01,51.24729537963867,52.51471148779741,51.1151942409371,52.05282442156398,21980000
2021-12-02,51.033897399902344,51.64913126748578,50.25331070870779,50.44452909345748,22619000
2021-12-03,51.557674407958984,52.56274166929775,50.8445214765939,52.187687538905564,20305000
2021-12-06,52.19138717651367,52.50454722717297,51.35721932397148,52.16090175899925,22482000
2021-12-07,54.539615631103516,54.786261700553766,52.83987139792003,52.83987139792003,29562000
2021-12-08,54.36964416503906,54.58950495276868,53.80337163497186,54.58950495276868,17998000
2021-12-09,53.89482116699219,54.5248342942193,53.80521497733589,53.80521497733589,29080000
2021-12-10,58.35296630859375,59.56033842024944,57.143747663479886,57.64165977220726,57087000
2021-12-13,57.42734909057617,58.60608590956572,57.387627475299304,58.56728756107403,26898000
2021-12-14,56.80379104614258,57.14650972391476,55.94745069913665,57.07445616569762,35956000
2021-12-15,59.10860824584961,59.20098424413624,56.38162747610406,56.86476021971797,29092000
2021-12-16,57.33681106567383,59.18251271607071,56.48878712595154,58.87766557428064,42748000
2021-12-17,58.65596008300781,59.12062046737842,56.82134462262772,57.04582176218431,50661000
2021-12-20,59.58619689941406,59.68411954375526,57.7441918959303,57.855970587397934,32770000
2021-12-21,60.07986068725586,60.38014661034254,58.87685155656418,60.252779019619105,36534000
2021-12-22,60.91285705566406,61.0950813119718,59.430943524311026,59.808396909214075,28383000
2021-12-23,61.80535125732422,62.356648538534934,60.99931172002238,60.99931172002238,23596000
2021-12-27,62.68670654296875,62.87449876999219,61.773755156170616,61.80536831359029,19442000
2021-12-28,62.19581985473633,63.01022198903955,62.01267353304877,62.990695176615326,17247000
2021-12-29,62.53144073486328,62.93956746167536,62.206982114924244,62.27020132792522,14797000
2021-12-30,61.83138656616211,62.81870704571184,61.71610531388749,62.576987375726816,11473000
