Date,Close GOOG,High GOOG,Low GOOG,Open GOOG,Volume GOOG
2022-01-03,144.21722412109375,144.68992389915405,142.6545223101215,143.62176468241535,25214000
2022-01-04,143.56314086914062,145.7436761113686,142.96633134791006,144.69044268636807,22928000
2022-01-05,136.84010314941406,143.44534125105673,136.7108664708533,143.32902824035205,49642000
2022-01-06,136.7382049560547,138.86059893208267,135.95536740096014,136.68502375765593,29050000
2022-01-07,136.19493103027344,137.43778738049954,134.9866136361773,137.0901073570235,19408000
2022-01-10,137.75515747070312,137.82076176669952,132.35376238137152,134.30068552581784,34096000
2022-01-11,139.1901397705078,139.5002926464123,136.0050773934451,137.3639890036401,23502000
2022-01-12,140.8109893798828,141.9703576538726,140.2781611226026,140.71805122028033,23642000
2022-01-13,138.30886840820312,142.33941464195388,138.09315539886168,141.0023610647504,26566000
2022-01-14,138.9604949951172,140.3661410686022,136.6875069861003,136.6875069861003,23826000
2022-01-18,135.4851531982422,136.57964530141035,134.81564044861102,135.79283357826662,27382000
2022-01-19,134.8504180908203,137.5816957115338,134.6993234263459,136.12933029299188,20796000
2022-01-20,132.7176055908203,137.09707564042736,132.35774514707785,135.70734144740595,21930000
2022-01-21,129.3232879638672,133.96420481535543,129.23283744929668,132.22603200558916,41920000
2022-01-24,129.6016387939453,130.0057461695041,123.905455538837,125.28281232059689,55148000
2022-01-25,125.98661041259766,128.5742335903817,125.63122471742528,127.67656958190479,36008000
2022-01-26,128.47630310058594,132.02271178801416,126.4021305407049,129.82080426110235,39630000
2022-01-27,128.35801696777344,131.82635313402716,128.1830620610087,130.58477093977476,30248000
2022-01-28,132.5018768310547,132.5823918794567,127.93402817889076,129.23181001689588,30518000
2022-01-31,134.89666748046875,135.04081493159504,131.4924031259101,133.40503032363344,34056000
2022-02-01,137.0637664794922,137.38336939690126,133.7730850887602,137.0205358997762,51204000
2022-02-02,147.1617431640625,151.20123875608627,144.69738782898725,150.96612508355778,89750000
2022-02-03,141.8075714111328,148.23656534422494,141.36470825242586,144.43644571019777,56930000
2022-02-04,142.17091369628906,143.6811777133773,138.99131230553942,142.17189965682851,49224000
2022-02-07,138.1170196533203,142.99650843734943,137.8794334805221,142.85982395780627,44610000
2022-02-08,138.390380859375,139.01079275423655,136.06421167709095,138.1699504137593,34256000
2022-02-09,140.61715698242188,141.3353913696106,139.54751106306838,140.01746539852522,28628000
2022-02-10,137.7834930419922,140.5952859055322,137.23426746488352,138.67569640091713,33018000
2022-02-11,133.33741760253906,138.46021059960293,132.50088319121656,137.93011271800057,38808000
2022-02-14,134.50050354003906,135.36188416545184,132.5143088040577,132.57742544664038,26792000
2022-02-15,135.61936950683594,137.0851440793716,134.73860329528816,136.6591787516753,26578000
2022-02-16,136.6750946044922,137.13088146219286,134.02698630964173,135.62433358190697,25610000
2022-02-17,131.5266876220703,136.0309044746901,131.42081062334907,135.34547984127784,30968000
2022-02-18,129.69654846191406,133.03322075389949,129.5370503932952,132.25136926089993,31858000
2022-02-22,128.63784790039062,131.12134600172675,126.98616679135303,129.21691011420216,38906000
2022-02-23,126.83110046386719,130.97048929691582,126.75008483766662,130.30396474516908,26432000
2022-02-24,131.8895263671875,132.2508885220446,124.0272715347534,124.26137650965106,43166000
2022-02-25,133.72462463378906,134.58899355144914,130.98639964700195,132.73649490609128,26236000
2022-02-28,134.09393310546875,134.8390007774736,132.0403895377315,132.4969196324877,29676000
2022-03-01,133.3751983642578,135.30671034991695,132.59035855736903,133.68535123203105,24640000
2022-03-02,133.95523071289062,134.81412364354165,132.64402461799392,133.81282768173804,23966000
2022-03-03,133.51437377929688,135.90596537738094,132.64255705734567,135.17500450719206,19780000
2022-03-04,131.34129333496094,133.40603151329802,129.63791732959402,132.59435834553437,24446000
2022-03-07,125.71722412109375,131.1245887121501,125.66304937629643,131.1245887121501,39178000
2022-03-08,126.52640533447266,130.47096043483964,125.11702782734703,125.50447998379826,35250000
2022-03-09,133.07498168945312,133.40552119057426,129.319306053636,130.62354991233454,32258000
2022-03-10,131.89797973632812,132.74940976047176,130.62454342863884,130.68567298266956,24266000
2022-03-11,129.7045135498047,133.40700799513047,129.5265704129238,133.2076922659842,26600000
2022-03-14,125.99207305908203,130.25175623890937,125.66601591330293,129.80143014536003,30254000
2022-03-15,128.8943328857422,129.74600559818148,125.82010034497549,126.98666610021107,30292000
2022-03-16,132.90052795410156,132.98054244983442,128.4375544958061,130.22592018915392,32058000
2022-03-17,133.8051300048828,133.94331616713285,131.9347476862875,132.5331953986092,23994000
2022-03-18,135.99313354492188,136.10447124758463,132.14650692967012,133.09287740230343,45900000
2022-03-21,135.67205810546875,136.76953852704068,133.81608571407867,136.03888098576058,26632000
2022-03-22,139.44859313964844,140.66387299735695,135.69341812112526,135.69341812112526,29776000
2022-03-23,137.68507385253906,139.19758290915195,137.35007478004806,138.31633133050084,25302000
2022-03-24,140.4769744873047,140.5609783262662,137.22371422121793,138.4495362215782,20544000
2022-03-25,140.6852569580078,141.12067235947237,138.87401686594447,140.91638130819473,19270000
2022-03-28,141.11122131347656,141.13756921617735,139.00191774072826,139.85319617911114,23774000
2022-03-29,142.40353393554688,143.31064802893872,141.64205380775243,142.31456995177135,28678000
2022-03-30,141.80160522460938,142.63266379077837,141.32791943749677,142.02576714858625,21046000
2022-03-31,138.8242950439453,141.80159227082683,138.79397296754152,141.6067513146454,29516000
2022-04-01,139.86859130859375,140.11711404196674,137.97683638350753,139.18266613750447,23480000
2022-04-04,142.79371643066406,143.19259058526663,139.99235965601554,139.99235965601554,19076000
2022-04-05,140.22947692871094,142.7415379890354,140.11067624623317,142.55217285624013,19256000
2022-04-06,136.3654022216797,139.0221106421694,135.61199190144615,138.33917374293898,23574000
2022-04-07,135.65863037109375,136.88783510831828,134.06038814371746,135.81072617913154,19448000
2022-04-08,133.2186279296875,135.44489663094112,132.96215682426399,135.44489663094112,16434000
2022-04-11,129.02952575683594,132.153655729596,128.85158261879724,132.11468753237315,24188000
2022-04-12,127.61593627929688,131.64100688261695,126.82215452577032,131.64100688261695,23004000
2022-04-13,129.51611328125,129.8836793361329,127.67963301421777,127.86641942886897,19542000
2022-04-14,126.50105285644531,129.9378762493172,126.36039420632316,129.8774899572719,23484000
2022-04-18,127.20487213134766,127.95144148204578,125.83049617389247,126.6571331079475,14918000
2022-04-19,129.7596893310547,130.1302284744017,126.69838041908582,127.32018023215491,22720000
2022-04-20,127.48770141601562,131.14396208038195,127.13833004868799,130.50824498476922,22610000
2022-04-21,124.19924926757812,129.53751329659462,123.9134496105383,128.58568204753007,30158000
2022-04-22,118.90719604492188,124.71070418020723,118.43649845920615,124.26137160204784,46410000
2022-04-25,122.5217056274414,122.54954005179277,118.06743171573031,118.72377805997198,34522000
2022-04-26,118.79983520507812,122.02466967017772,118.45772204120692,122.02466967017772,49394000
2022-04-27,114.3408432006836,116.80569163490475,112.45580027950223,113.69717019306832,62238000
2022-04-28,118.70589447021484,119.72682633468807,114.46351078309169,116.42296337446865,36790000
2022-04-29,114.28715515136719,118.2570570694058,114.01626628089097,116.88322721564063,33694000
2022-05-02,116.46470642089844,116.64613074230022,112.72941013047,113.23341798358791,30280000
2022-05-03,117.43147277832031,118.59505797941864,115.9378486408969,116.0750336827263,21216000
2022-05-04,121.85070037841797,122.41534485095637,115.05460282921109,117.30621832059788,33232000
2022-05-05,116.05663299560547,120.5168757427822,114.50187941756911,119.51010385960957,43090000
2022-05-06,114.9765625,116.80419209141893,113.46852064889941,114.83638924506234,35310000
2022-05-09,112.41577911376953,114.88002824847455,111.88642447652438,112.63397976872888,34520000
2022-05-10,113.90741729736328,116.00146860352808,112.71331287311651,115.3548074063751,31158000
2022-05-11,113.28760528564453,115.98159104000317,112.97844595144338,113.03858955030056,36502000
2022-05-12,112.4923324584961,114.17780934616736,109.46283959083891,111.27655961493353,41464000
2022-05-13,115.82701110839844,117.38723308731048,113.32637232253705,114.16687339889444,29738000
2022-05-16,114.11418151855469,115.91845132168928,113.65938069039618,114.70218561097874,23282000
2022-05-17,116.01190948486328,116.5348023158366,114.65597095348893,116.5348023158366,21576000
2022-05-18,111.73682403564453,115.01200319885785,111.47935179564423,114.556565234559,27982000
2022-05-19,110.09109497070312,112.91630422537652,109.81523838005924,111.18012630938549,29192000
2022-05-20,108.66706848144531,111.88494042918212,105.7444386360501,111.4231847541702,37586000
2022-05-23,111.00665283203125,111.3436541523698,108.50925264821525,109.45338573014226,31558000
2022-05-24,105.30007934570312,105.76630217157955,101.60404692699122,105.74891134421532,60386000
2022-05-25,105.21409606933594,105.91512924502375,103.595467258005,104.52071546498996,37900000
2022-05-26,107.65607452392578,108.31143494932303,104.86466838380935,105.42384456068342,30288000
2022-05-27,112.13247680664062,112.20106174556621,108.9026745290475,109.13976014121312,29924000
2022-05-31,113.3651351928711,115.74548661443383,111.90730153497336,112.4108088255903,51302000
2022-06-01,113.46257019042969,116.70529619799107,112.87953373188668,114.2523777675467,28630000
2022-06-02,117.05023956298828,117.20134181776399,112.63846024267922,113.51326516537404,27472000
2022-06-03,113.88703155517578,115.67689116895676,112.99632241768536,115.3070877201195,25052000
2022-06-06,116.31908416748047,118.6929739844189,115.83973286364673,116.05267002179485,23786000
2022-06-07,116.53678894042969,117.05287105684828,114.4452252091988,114.96463683872774,26414000
2022-06-08,116.54522705078125,117.94491176035996,116.00717323148218,116.18586719757477,22544000
2022-06-09,114.23895263671875,117.65067227423712,114.18825150636587,115.65404128329634,23142000
2022-06-10,110.7690658569336,112.82634081469345,110.20591552490684,112.11481858769498,31324000
2022-06-13,106.24496459960938,108.57312087647595,105.95821692877584,106.81109557425415,36756000
2022-06-14,106.56059265136719,107.81662307075402,105.72356516388288,106.25838813294797,25480000
2022-06-15,109.73820495605469,111.40082275284821,107.4798773414125,108.25601036706308,33192000
2022-06-16,106.00588989257812,108.64469973039624,105.16737589016577,107.51044304751402,35314000
2022-06-17,107.22811889648438,108.60393585836623,105.00438342982902,105.90548313081601,43516000
2022-06-21,111.35308837890625,112.00719732073777,108.64767346953633,109.05376025801665,39010000
2022-06-22,111.37198638916016,113.0972354252785,110.07002540960514,110.50613853835225,23922000
2022-06-23,112.0186538696289,112.52762951554983,110.37293384089382,112.28258036983605,24710000
2022-06-24,117.83756256103516,117.9364695808953,112.93171825205874,112.93171825205874,39122000
2022-06-27,115.93336486816406,118.54534116440567,115.3152889654546,118.23220010038786,32840000
2022-06-28,111.90631866455078,117.16008570211035,111.77956963395134,115.66348089962362,28232000
2022-06-29,111.59317779541016,112.99285508690053,110.89482946707541,111.48581426735888,18628000
2022-06-30,108.7262191772461,110.6719594311724,106.67590641984624,109.84655868030005,38046000
2022-07-01,108.43643951416016,109.15750283649945,106.47211779969619,107.69683254827201,31028000
2022-07-05,113.21404266357422,113.37866016493852,105.62166810617981,106.87920019780431,36398000
2022-07-06,114.53270721435547,115.6644762658774,111.5872180572882,113.4178360113629,28852000
2022-07-07,118.60102081298828,119.15373516726748,114.85130639928482,115.32251214763836,32184000
2022-07-08,119.45841979980469,119.72333981705387,116.81960255040515,116.8553929186101,29082000
2022-07-11,115.83396911621094,118.09254705211971,115.54766890229732,117.94890017269181,26718000
2022-07-12,114.17086029052734,117.15313338032395,113.93774127207165,116.14810577152547,24970000
2022-07-13,111.52409362792969,114.47654537959926,111.16224604859903,111.97342625919032,38958000
2022-07-14,110.78150177001953,111.32576719092742,108.67949444113427,110.17112389859389,32366000
2022-07-15,112.10066223144531,113.32687874316484,111.16174706981947,112.29550322518642,34330000
2022-07-18,109.26054382324219,114.1216481341003,108.65414771552831,112.76968378749024,33354000
2022-07-19,113.94271087646484,114.13158300536317,109.84705330784699,111.06978855054305,30992300
2022-07-20,114.02223205566406,115.64260520252455,112.59074620577128,113.38601443697566,26780100
2022-07-21,114.36022186279297,114.52921550119818,111.24871997230143,114.40992185886465,27267800
2022-07-22,107.71969604492188,112.51121412482748,106.96418479863995,111.14930679175916,44455300
2022-07-25,107.57058715820312,109.92658557954464,106.37768098130078,108.23662631390172,28289900
2022-07-26,104.81694793701172,107.10335247854411,104.14096581509959,106.79518672354256,36626600
2022-07-27,112.9287338256836,113.72400964351094,107.77934224524782,108.95236990517141,41474600
2022-07-28,113.91287994384766,114.02223055665141,111.19006637052111,112.13346379217685,23303800
2022-07-29,115.95076751708984,116.2092332870638,112.56092132973974,112.7299149705907,31336200
2022-08-01,114.7976303100586,116.42793891907093,114.01229752161898,114.84733030873208,22856200
2022-08-02,115.21514129638672,116.38816890726427,113.58483276388733,113.75382640320828,17911000
2022-08-03,118.07813262939453,118.71435028885128,115.46367592207423,115.65254806252021,25302800
2022-08-04,118.16759490966797,118.79386948286545,117.01444575790005,117.60096336697156,15757700
2022-08-05,117.52143859863281,118.15765622845093,116.02035907313424,116.2390603054428,15615700
2022-08-08,117.44190979003906,120.145838515627,117.13374400791963,118.41612230428946,17061100
2022-08-09,116.80567932128906,117.50153990905295,115.87123145973904,117.29278173272378,15424300
2022-08-10,119.93708038330078,121.06040048029249,118.65470208621515,118.88333876845964,20497000
2022-08-11,119.11198425292969,121.61709025552406,118.84358301791734,121.35863205419736,16671600
2022-08-12,121.92525482177734,121.92525482177734,119.68855021569452,120.44406145068983,16121100
2022-08-15,122.15389251708984,122.5316519299202,120.85163580691027,121.48785340457907,15525000
2022-08-16,121.78608703613281,122.4998390749537,120.81684985583003,121.59720732457711,15626200
2022-08-17,119.6090316772461,121.42822007098952,119.48973802404053,120.2154278084939,17589200
2022-08-18,120.14582824707031,120.97092552437506,118.8435715791566,119.51955370277912,15652000
2022-08-19,117.4220199584961,119.2909081220561,116.97467450245138,119.16167903527608,20187000
2022-08-22,114.39004516601562,115.81159552605992,113.9924072696646,115.41395762970889,19316000
2022-08-23,114.09182739257812,115.24497666035879,113.6246109661286,113.64448945019146,14390700
2022-08-24,114.02223205566406,115.03322846494311,113.10767017683851,113.77370931135414,16051200
2022-08-25,117.00450897216797,117.08403807329059,114.37017386021598,114.46958144446299,14874700
2022-08-26,110.64232635498047,115.91100386731014,110.56279725832417,115.12567110253148,31698700
2022-08-29,109.68799591064453,111.2984260406055,109.16112890080579,110.12539837208607,20386100
2022-08-30,109.26054382324219,110.71191575150927,108.15710222293085,110.3739208727006,20548200
2022-08-31,108.50503540039062,111.1095489960398,108.405627816123,110.97037686120264,25898000
2022-09-01,109.89675903320312,110.56279815841958,107.5507037529279,108.55473016521702,22784400
2022-09-02,108.03781127929688,111.01511658485083,107.49105819002568,110.68208942227768,20618100
2022-09-06,106.84490203857422,108.23662334535277,105.88063257294029,107.49603041802682,20565100
2022-09-07,109.8271713256836,110.3341522487061,106.97909529757035,107.12324273231538,22987200
2022-09-08,108.77344512939453,109.92659443301206,107.42148064171823,108.5348653916614,21660700
2022-09-09,111.1194839477539,111.33818516782348,109.35000328982663,109.39971087050134,21732900
2022-09-12,111.2089614868164,111.97440820998962,110.27451353171385,111.32824755134024,19732900
2022-09-13,104.6877212524414,108.72373588787141,104.37955546803956,108.24656886863431,33015000
2022-09-14,105.24441528320312,105.47305196247501,103.88250790377725,104.81695585639882,22115800
2022-09-15,103.28604888916016,105.58239650481758,102.69953129806431,104.38949042548404,26494900
2022-09-16,103.01763916015625,103.41527704444313,101.25313384715938,102.36154309774793,64540100
2022-09-19,103.23634338378906,103.40533702463372,101.76509302866424,101.9340866695089,19738600
2022-09-20,101.22828674316406,102.5603650215464,100.52248305448668,102.27207772600568,24001700
2022-09-21,99.4190444946289,102.87847697825234,99.3991584271217,101.6358632099914,26596800
2022-09-22,99.9757308959961,101.07917250533927,98.82258928757378,98.86234625311214,21272700
2022-09-23,98.58399963378906,99.51844757218151,97.43085805290954,99.46873998997725,25657000
2022-09-26,98.22613525390625,99.84650853636407,97.79867579454971,98.02732007554582,22437900
2022-09-27,97.5103759765625,99.86637421810214,96.76480777681967,99.31962875554454,24225000
2022-09-28,100.14472198486328,100.8008256641617,97.22209969650464,97.44079333862526,24617000
2022-09-29,97.5103759765625,98.71323267967543,95.94965351513999,98.71323267967543,21921500
2022-09-30,95.58184814453125,98.90609010297804,95.46255449795088,97.15251369510125,26277800
2022-10-03,98.7132339477539,99.37927306117864,96.4467002205976,96.64552296033695,24840000
2022-10-04,101.80486297607422,102.11302875917174,100.44295557537922,100.44295557537922,22580900
2022-10-05,101.61598205566406,102.13290603257495,99.15063306714234,100.0950240567834,18475500
2022-10-06,101.63585662841797,103.11705760497279,100.90023144885146,100.90023144885146,17156200
2022-10-07,98.98164367675781,100.82071056768118,98.62377029876798,100.05526381072733,24249900
2022-10-10,98.126708984375,99.39914408599965,97.29167629305061,99.25997197077892,16529900
2022-10-11,97.47062683105469,99.52839492401542,96.67535098715258,97.66944199987395,21617700
2022-10-12,97.7191390991211,99.05917321576437,97.09285697434572,97.68931000111753,17343400
2022-10-13,99.12081146240234,99.93596576885301,94.70704505052632,95.36314874280512,32812200
2022-10-14,96.60576629638672,100.69148102364304,96.45665112549094,100.03040958064474,22624800
2022-10-17,100.18448638916016,101.16863432237577,98.9219941988179,98.931929647778,23311600
2022-10-18,100.79087829589844,103.60415743435482,100.05525313488246,103.32581318879807,21610500
2022-10-19,99.6973876953125,101.05829397181759,99.04625930122145,100.10496106308563,21573700
2022-10-20,99.93595886230469,102.39136464544754,99.37927037470727,100.22424613889957,25125100
2022-10-21,100.88035583496094,101.01952796520553,97.64956015484607,97.87819683268549,28988700
2022-10-24,102.36154174804688,102.49077083540362,99.70732085072058,101.48673689728821,24680800
2022-10-25,104.30996704101562,104.47896068771482,102.41124962499156,102.68960147076425,29910200
2022-10-26,94.25971221923828,97.95773210583644,94.01118945894875,96.18825126606507,71504300
2022-10-27,92.05282592773438,94.60763951780264,91.35696525507474,93.75272064321365,54036500
2022-10-28,96.00930786132812,96.28765211989767,91.7774588332333,91.98323639245696,35696900
2022-10-31,94.10065460205078,95.78066317940127,93.82230276039353,95.21403163143104,29868700
2022-11-01,89.96524047851562,95.59676721527174,89.89565440803736,95.02516030805258,43220600
2022-11-02,86.55549621582031,90.76050415009433,86.49585318752099,90.37280929752511,43553600
2022-11-03,82.99666595458984,86.03858995632689,82.95690139944735,85.83479945533912,48510400
2022-11-04,86.18768310546875,86.21751220505882,83.38434690465985,85.00472002167481,40173300
2022-11-07,88.12616729736328,88.41445459300073,86.44615110649112,86.82390295026829,26899900
2022-11-08,88.38462829589844,89.8707893834512,87.13207159951143,88.63315102859282,30172000
2022-11-09,86.88355255126953,88.96119904423114,86.84378800223472,88.02178337818125,26743900
2022-11-10,93.61354064941406,93.99130005512545,91.10843485384147,91.79435243521661,42371200
2022-11-11,96.1584243774414,96.78469896803817,93.6036108477354,94.1503563392465,30569100
2022-11-14,95.46255493164062,96.60576106754816,94.5509736913473,94.93568792939676,24170100
2022-11-15,98.13666534423828,99.82661702103063,96.44670608313345,98.08695776020396,31831000
2022-11-16,98.40505981445312,99.2599786277516,97.32349142239796,97.44079039124588,24660200
2022-11-17,97.91796112060547,98.89217361402969,96.52623223756181,96.60576133586426,21818700
2022-11-18,97.22209930419922,98.57406362186285,96.16835772512151,98.4249484604138,24969900
2022-11-21,95.26374053955078,98.13666286819996,95.10468234210404,96.98351368964796,18696900
2022-11-22,96.75487518310547,96.97158173421056,93.85213139335804,95.5917905774228,18868900
2022-11-23,98.23606872558594,98.48359792160794,96.76481076227063,96.76481076227063,17568900
2022-11-25,97.02326965332031,98.3553553939661,96.95368359417319,97.88315615227667,8567800
2022-11-28,95.68125915527344,97.25192476216124,95.32338578701261,96.62564257554855,19974500
2022-11-29,94.87603759765625,95.82042091569336,93.8322391225107,95.43272607276766,20220000
2022-11-30,100.85051727294922,100.85051727294922,94.11058228457362,94.55792773351446,39888100
2022-12-01,100.6815414428711,101.98379830577873,100.07514528892641,100.8008351005417,21771500
2022-12-02,100.23419189453125,100.55230069384423,98.58399728388066,98.7828200236463,18821500
2022-12-05,99.27986907958984,101.14875739496252,98.76791283072396,99.22519377222007,19955500
2022-12-06,96.73499298095703,99.61785840371837,96.18824748042576,99.08104835250246,20877600
2022-12-07,94.58776092529297,96.7349935586676,94.46349954929661,96.19818350424582,26647900
2022-12-08,93.39484405517578,95.30350449100071,93.2457364763953,95.12456781215188,25593200
2022-12-09,92.52005004882812,93.93165746357889,92.47034246457545,93.34514740782241,21885300
2022-12-12,93.00714111328125,93.32028217017954,91.3569541819968,92.5399171821351,27380900
2022-12-13,95.28362274169922,99.21028682093903,94.81639874885059,97.49050601939379,34788500
2022-12-14,94.74681091308594,96.64552836616242,93.38491109517632,94.97545518049729,26452900
2022-12-15,90.66108703613281,93.47436610305289,89.89564038031558,92.98726368571465,28298800
2022-12-16,90.32311248779297,91.20785290651716,89.47813662078043,90.66109980087289,48485500
2022-12-19,88.62321472167969,90.66109673385019,88.39954576214191,90.34298791523119,23020500
2022-12-20,89.10037231445312,89.24948747916476,87.51977128772188,88.205696494808,21976800
2022-12-21,89.71671295166016,90.37778437826357,88.38463464913596,89.19978896759572,20336400
2022-12-22,87.73847961425781,88.65304157479994,86.42627971042822,88.4045188082844,23656100
2022-12-23,89.27930450439453,89.56759178585256,87.10225051263735,87.10225051263735,17815000
2022-12-27,87.41043090820312,88.9711536350772,87.01776825998412,88.78227389870408,15470900
2022-12-28,85.94910430908203,87.99692927918228,85.85963976230082,86.98295982743414,17879600
2022-12-29,88.42439270019531,88.836941381303,86.47597522202183,86.5157397727167,18280700
2022-12-30,88.20569610595703,88.30510368722244,86.51573688719586,86.84875645580675,19190300
2023-01-03,89.16996002197266,91.00903444675865,88.49397783590368,89.29919670644814,20738500
2023-01-04,88.18580627441406,90.70085513619036,87.28118746391154,90.47221846747176,27046500
2023-01-05,86.25727081298828,87.68876424810608,86.04851261775232,87.54959211794878,23136100
2023-01-06,87.63906860351562,87.94723439498549,85.0643688990754,86.84379274798434,26612600
2023-01-09,88.27528381347656,90.2932873295237,88.05658258003673,88.66794642128902,22996700
2023-01-10,88.71267700195312,88.94628898918339,86.18768500063301,86.20757106746366,22855600
2023-01-11,91.71482849121094,91.90370060474226,89.20971517780995,89.5278239622072,25998800
2023-01-12,91.36690521240234,92.07270889499591,90.03481936118983,91.8540076668631,22754200
2023-01-13,92.25164031982422,92.4305769886223,90.39268757088354,90.98715351574276,18630700
2023-01-17,91.61543273925781,92.42064404459133,90.30322530195482,92.23176432237723,22935800
2023-01-18,91.23766326904297,93.03497831450937,90.85991145043725,92.39081237475276,19641600
2023-01-19,93.35508728027344,93.84218973534244,90.84003073791773,90.84997377129406,28707700
2023-01-20,98.69335174560547,98.83252387671578,95.34326998119155,95.38302694638394,53704800
2023-01-23,100.61194610595703,100.80082581712875,98.16648323127514,98.54423506930638,31791800
2023-01-24,98.62376403808594,100.49265232781845,98.11677552073209,98.96175891109257,27391400
2023-01-25,96.1584243774414,97.14257232961127,94.69909650490024,96.62564076986686,31000900
2023-01-26,98.57406616210938,98.62376616099837,96.2478893027704,97.69926123736444,24542100
2023-01-27,100.11489868164062,100.97976053864205,98.38518255194982,98.46471164819843,29020400
2023-01-30,97.37120056152344,98.82157881968645,96.94374117141328,98.16150859061534,24365100
2023-01-31,99.27986907958984,99.31963362897807,97.21215801727605,97.28174408262736,22306800
2023-02-01,100.83063507080078,101.58614623929846,97.83841949308774,99.15061910978831,26392600
2023-02-02,108.15709686279297,108.17697534441429,105.91044922398623,106.15897195796846,46622600
2023-02-03,104.59825134277344,107.38170146203977,102.6895985322516,102.89835672237317,36823400
2023-02-06,102.85859680175781,104.08132448238251,101.60604002036337,102.0782317276666,25573000
2023-02-07,107.4015884399414,108.02786301562189,102.9361274702672,103.01764365724162,33738800
2023-02-08,99.40909576416016,102.967943212752,97.8732270548388,102.08320286719595,73546000
2023-02-09,94.89592742919922,100.01549767586984,93.30538332126699,99.94591160815756,97798600
2023-02-10,94.29946899414062,96.44670152211758,93.97141715737777,95.17426630786277,49325300
2023-02-13,94.43863677978516,94.78656708263779,93.494253445712,94.44857981252716,43116600
2023-02-14,94.3889389038086,94.6126154497836,92.1025341183632,94.10065918346037,42513100
2023-02-15,96.52622985839844,96.76480956311302,93.80242277533007,94.1801746064875,36964500
2023-02-16,95.21403503417969,97.30162462318593,94.40882374889603,94.97545531711647,35642100
2023-02-17,94.03106689453125,95.18421612989087,92.89780372698827,94.50823392606587,31095100
2023-02-21,91.50607299804688,92.86300499178121,91.45636541789935,92.68903604557674,28367200
2023-02-22,91.25755310058594,91.8142416108331,90.33304820503282,91.39075637450243,29891100
2023-02-23,90.53186798095703,91.58560202461928,89.4781339372948,91.58560202461928,32423700
2023-02-24,88.82202911376953,89.59741887836452,88.33492664858004,89.1003733795921,31295600
2023-02-27,89.56759643554688,89.91552676422651,89.0804939753954,89.55765340206679,22724300
2023-02-28,89.76640319824219,90.90960156256743,88.99100599543509,89.01089205885401,30546900
2023-03-01,89.97517395019531,90.66109154792163,89.31907028314782,89.62724363478166,26323900
2023-03-02,91.76454162597656,91.93354286713152,89.23954947011632,89.32902160770574,23328600
2023-03-03,93.46443176269531,93.55390389584834,92.11247499068051,92.19199650599029,30242500
2023-03-06,95.01521301269531,95.73095969656157,93.74277783440503,93.80242086328992,28288200
2023-03-07,93.61354064941406,95.52219340645144,93.28947058744325,94.85615430649233,24101500
2023-03-08,94.09071350097656,95.67131453092124,93.847158478642,93.847158478642,25395200
2023-03-09,92.11248016357422,95.35321151989166,91.80928209051093,93.9316610176411,24438900
2023-03-10,90.47222137451172,92.62939696087454,90.26346318076489,91.95341479737004,32850100
2023-03-13,91.11837768554688,92.5299849766366,89.40854008369202,90.02984691085952,31508600
2023-03-14,93.69307708740234,94.26965168971365,92.23176209864994,92.5200493998056,32303900
2023-03-15,95.97948455810547,96.6753451915693,92.49022318902345,92.9872686655868,38367300
2023-03-16,100.4727783203125,101.36746174833873,95.30350808953607,95.99936876449394,54499500
2023-03-17,101.85456085205078,102.87847334747194,100.1546661871799,100.24413073486728,76140300
2023-03-20,101.32769012451172,101.97385075433145,100.19442705622383,100.46282827373959,26033900
2023-03-21,105.21458435058594,105.33387799702795,101.25810654749462,101.37740019393665,33122800
2023-03-22,103.60416412353516,106.87472438861377,103.5942210900342,104.51872601350209,32336900
2023-03-23,105.63211059570312,106.46813693076098,104.78713477206793,105.26429419948698,31385800
2023-03-24,105.43328094482422,105.53269610464766,104.12108122886065,105.11517215260008,25236200
2023-03-27,102.45101165771484,104.77718844221486,102.02355224259756,104.69765934537628,25393400
2023-03-28,100.76106262207031,102.39137122709658,99.68744254042502,102.39137122709658,24913500
2023-03-29,101.29786682128906,102.21242865247788,100.43300498578614,102.11302107679421,26148300
2023-03-30,100.72130584716797,101.00959316454625,99.69739326935269,100.84059950466298,25009800
2023-03-31,103.38546752929688,103.57434725272469,100.84059690940194,101.10899815146695,28108000
2023-04-03,104.29009246826172,104.32984943483598,101.77503581877826,102.0633231244735,20719900
2023-04-04,104.49884796142578,105.4730528877882,103.98191639761878,104.22049611243841,20377200
2023-04-05,104.32984924316406,105.91045790468411,103.48686048512424,105.49294149760809,21864200
2023-04-06,108.25650787353516,108.982190032568,104.19564718156806,105.14499829141755,34684200
2023-04-10,106.31802368164062,107.33200069416318,104.97600242088971,106.75542612502777,19741500
2023-04-11,105.49293518066406,106.58643371747053,104.65789483220188,106.28820339638145,18721300
2023-04-12,104.59825134277344,106.9512614140049,104.34972860439365,106.75542689167506,22761600
2023-04-13,107.55072021484375,107.62527401478225,105.81106076268772,105.84088228266312,21650700
2023-04-14,108.8132095336914,108.93250319455076,106.95425646961017,107.0536716458162,20758700
2023-04-17,105.79116821289062,106.07945552884924,104.69766956966639,104.8070201924201,29043400
2023-04-18,104.49884796142578,106.4174438821496,104.1608530798116,106.36773629875233,17641400
2023-04-19,104.39942932128906,105.10026526858702,103.18664472045603,103.5991857948162,16732000
2023-04-20,105.27423095703125,106.25639176396791,104.02167426218111,104.03161729508402,22515300
2023-04-21,105.2841796875,106.00986185813358,104.8616879858496,105.46310878356391,22379000
2023-04-24,106.1490249633789,106.6858349588635,104.73741770727774,105.42334285444889,21410900
2023-04-25,103.99185180664062,106.80513093206335,103.94214422688783,105.98003364776281,31408100
2023-04-26,103.83279418945312,106.38760756596162,102.65976659337265,104.93623572408441,37068200
2023-04-27,107.7296371459961,108.50502686029249,103.80297340982443,104.60819222293463,38235200
2023-04-28,107.58052062988281,107.65010669094526,105.41340211982269,107.1630042635081,23957900
2023-05-01,107.07353973388672,108.03780920867726,106.86478153588759,107.0834827674045,20926300
2023-05-02,105.353759765625,107.09341888762843,103.8825018567763,107.02383282612077,20343100
2023-05-03,105.49293518066406,107.49105254529977,104.99588970172366,105.59234275958973,17116300
2023-05-04,104.58830261230469,105.671865636457,104.08131413002016,105.53269351729053,19780600
2023-05-05,105.58736419677734,105.8110407228568,104.12008805109767,104.69765615399098,20710600
2023-05-08,107.60040283203125,107.77933950728118,105.16488302631305,105.16985075073507,17266000
2023-05-09,107.30219268798828,109.94150326941183,107.08845916376646,108.13722554760372,24782400
2023-05-10,111.61653900146484,112.83927429852315,107.8389976594907,107.90858372782328,47533500
2023-05-11,116.20923614501953,117.74013715203488,114.2508757166667,115.17538062400999,57115100
2023-05-12,117.22320556640625,117.56120044063749,115.8613057890932,116.30864369264772,31293800
2023-05-15,116.26887512207031,118.09303108198593,115.79171571935811,115.80165116802698,22107900
2023-05-16,119.38038635253906,120.4838279859494,116.13965510429907,116.13965510429907,32370100
2023-05-17,120.76216888427734,121.55743707354654,118.75410096892553,119.4698476482861,26659600
2023-05-18,122.79011535644531,123.16787478540154,120.77211186666544,120.84169793237122,27014500
2023-05-19,122.5217056274414,125.73162150009853,121.99483865446035,123.4660889656929,30268900
2023-05-22,125.12623596191406,126.29926363648893,122.72052999587925,122.78018061276433,29760200
2023-05-23,122.56147766113281,124.67888871518839,122.32289794987737,124.19178625928413,24477900
2023-05-24,120.92122650146484,122.02466809875662,120.03648613380743,121.1598062136513,23087900
2023-05-25,123.6152114868164,125.23558463346622,122.17378260373123,124.47013033387633,33812700
2023-05-26,124.6888198852539,125.25545138576945,122.56146600020878,123.33188795218197,25154700
2023-05-30,123.90349578857422,125.63321192337389,122.16383662063609,125.54374737806401,27230700
2023-05-31,122.64100646972656,124.16196444989181,122.37259765892549,122.96905072781017,41548800
2023-06-01,123.63508605957031,124.30112513207958,122.57140911632169,122.7702242595356,25017700
2023-06-02,124.4900131225586,125.9960603064786,123.61520823177699,123.75438035816278,19367500
2023-06-05,125.88174438476562,127.23370879216263,123.64503956751051,123.87368384148304,22672500
2023-06-06,127.15418243408203,128.11845190986426,125.22564348251753,125.85191807715903,19450100
2023-06-07,122.21353912353516,128.78448065727076,121.9053657835455,126.82114503901855,34179300
2023-06-08,121.94513702392578,122.99887860560641,121.28904092996633,121.8606402019021,24815000
2023-06-09,122.14395904541016,123.55059866461696,121.69661356260366,121.83578569032689,20304500
2023-06-12,123.6152114868164,124.01284939452302,121.62702953259559,122.66585278344103,22255700
2023-06-13,123.69474029541016,125.1162906927199,123.11319798528056,124.9075324981333,19287700
2023-06-14,123.64503479003906,124.05261573701617,121.43815915977392,123.06846777905756,24659600
2023-06-15,125.04670715332031,125.41452355177027,122.41236450008381,123.14798971267135,24517100
2023-06-16,123.32691955566406,125.95131902980077,123.05851833903479,125.95131902980077,56699200
2023-06-20,123.1181640625,124.43533913704898,122.10419461888722,122.8050305669659,22698000
2023-06-21,120.54347229003906,122.6807693772283,120.14583438799956,122.50680042498847,22612000
2023-06-22,123.1380615234375,123.20267228458017,118.89328847791381,119.94703015192266,20781900
2023-06-23,122.29306030273438,122.71058424864133,121.13991879199834,121.31885545901224,29573100
2023-06-26,118.38629150390625,121.99484662551316,118.28688392248642,120.74825871733522,23185000
2023-06-27,118.30677032470703,119.18653538629418,116.21918077172404,117.14367810743005,27221700
2023-06-28,120.36454010009766,120.55341223276498,116.90510008300414,117.26297344974873,19753100
2023-06-29,119.30085754394531,120.19554091963869,118.50558174681517,119.38037905620865,18517500
2023-06-30,120.25518035888672,121.30891431195256,120.16570823183312,120.38440944872873,23871800
2023-07-03,119.84760284423828,120.30488377241512,118.99765932679733,119.60902313917038,13888300
2023-07-05,121.90536499023438,122.64099772088282,119.35055166690941,119.35055166690941,17830300
2023-07-06,120.21541595458984,120.43411717174523,118.54534289595361,119.92712867600427,17732500
2023-07-07,119.43009185791016,121.03057897096525,119.38038427429979,120.17566010619126,20997700
2023-07-10,116.1794204711914,118.3664176858607,115.95077619903445,118.3664176858607,32960100
2023-07-11,117.01445007324219,117.52640632875554,115.14556173360302,116.07006666202456,18286600
2023-07-12,118.91316223144531,120.24524046467108,118.29682311177113,118.59505343065167,22059600
2023-07-13,124.09236907958984,124.59438225459672,120.34464213296195,120.82180910287565,31535900
2023-07-14,124.95722198486328,126.33900771682828,124.16195382252367,124.39059048027556,20499800
2023-07-17,124.32101440429688,126.52789757337163,123.76432588752567,125.31510537528102,20675300
2023-07-18,123.3468017578125,124.25142054078532,122.57141206260387,124.16692372367277,21045800
2023-07-19,122.05448150634766,124.72858849853645,121.7463157492327,124.05260637198846,22313800
2023-07-20,118.82369232177734,123.9631408117351,117.98368423940677,121.39839187556149,27541700
2023-07-21,119.59907531738281,120.58323078196825,118.36640470885638,120.15577138600102,56514600
2023-07-24,121.15980529785156,122.62112024453367,120.66275981037124,121.20553870070658,22276100
2023-07-25,122.06443786621094,122.95912130554666,120.81188105114092,121.15981139301797,31820800
2023-07-26,128.89382934570312,130.59371628514688,127.94944602727622,129.5896899398796,46216900
2023-07-27,129.1025848388672,132.81055494680325,128.41665966692662,131.02118823057222,35931600
2023-07-28,132.22402954101562,133.27777867166668,130.14638313146207,130.19609071183814,26971000
2023-07-31,132.3234405517578,133.0391872145784,131.34923571516111,132.22402539412363,18381900
2023-08-01,131.11065673828125,132.13456921851622,129.97739364517537,130.0817689492626,22154300
2023-08-02,127.87987518310547,129.6493560817573,127.09454232434067,129.0727814384647,22705800
2023-08-03,128.00909423828125,129.003185175542,127.01997102535451,127.6114487622026,15018100
2023-08-04,127.78042602539062,131.1503932640759,127.55676469434499,128.83417502548616,20521900
2023-08-07,131.1603546142578,131.27964066724454,128.66517676938224,128.74470586091445,17621000
2023-08-08,131.0609588623047,131.16037403359496,129.3610716810694,130.2060399625349,16836000
2023-08-09,129.3809356689453,131.68723403577403,128.73975790483854,131.40888977338085,17745200
2023-08-10,129.4405975341797,131.86319381481124,129.2666285731027,131.19019225712856,17855700
2023-08-11,129.4008331298828,129.66924196676186,127.98922562670111,128.43855066575344,15205500
2023-08-14,131.05104064941406,131.13056976318143,128.8242709698099,129.08274438171074,17526200
2023-08-15,129.50022888183594,131.21006648414559,129.05188987071597,130.8124210134784,14769200
2023-08-16,128.3470916748047,130.124520829252,127.7009385818935,128.51608532727954,17548400
2023-08-17,129.68911743164062,131.70810689160322,129.08272132005092,129.6791668138053,23665600
2023-08-18,127.35299682617188,129.06283453562168,126.24955522494119,128.29738022916894,23627200
2023-08-21,128.1681365966797,128.49618842451258,126.40860656824486,127.09452415407227,21851100
2023-08-22,128.9236602783203,130.17620943934958,128.16318129329818,128.36697176230732,15557900
2023-08-23,132.4228515625,133.27777031806215,129.73879407666385,130.0767965008613,26497000
2023-08-24,129.64935302734375,134.1724703422871,129.53006695520588,133.9309099787577,18680400
2023-08-25,129.91773986816406,130.62353590034957,127.28338992821801,129.3709868490339,20678100
2023-08-28,131.01126098632812,132.4527052337399,130.07682808262282,131.2995559032611,16715500
2023-08-29,134.68939208984375,136.48371902445933,132.19421402677503,132.21211300373753,30803300
2023-08-30,136.12088012695312,136.43899654373308,134.22316371123173,134.76893086151514,21773400
2023-08-31,136.53839111328125,137.5821744228538,136.011524150038,136.24016080970765,28147900
2023-09-01,135.99163818359375,137.76111877249252,135.13671940266104,137.61199603628577,16671600
2023-09-05,135.90219116210938,136.5582797126757,134.75897737831332,135.6337823372355,17730200
2023-09-06,134.57008361816406,136.66761607595564,133.89410907033013,136.20536743645533,15814300
2023-09-07,135.39520263671875,135.77296210268182,133.16844831599195,133.8046660031462,16976000
2023-09-08,136.3892822265625,136.7024233186809,135.0671393757431,135.0671393757431,17810700
2023-09-11,136.9261016845703,137.44700743867006,135.7431309513147,136.5682283129016,17180800
2023-09-12,135.26596069335938,136.8266755723208,135.12677340069675,136.31969465659904,15212900
2023-09-13,136.68751525878906,136.88633042907682,134.1326940562847,135.0969635592367,16394900
2023-09-14,138.168701171875,138.7253896550201,136.25009782608186,137.57224055786324,19064600
2023-09-15,137.4827880859375,138.53652211705835,136.36939585327926,137.97983358504166,48958800
2023-09-18,138.13888549804688,139.10313976728756,136.8167427103701,136.8167427103701,16233600
2023-09-19,138.0096435546875,138.3526061338648,136.68750081745475,137.43306900373176,15479100
2023-09-20,133.794677734375,138.01956365341124,133.72509926574486,138.00962820607035,21473500
2023-09-21,130.5837860107422,132.40297424456807,130.3153772107026,131.60769846173247,22058400
2023-09-22,130.47445678710938,132.2240516612253,129.7388239128994,130.90190867888074,17348700
2023-09-25,131.3889923095703,131.43869988824838,129.26163839230992,129.9972711183246,14650000
2023-09-26,128.68507385253906,130.62852353150438,127.43252468306473,130.14042753180294,20378800
2023-09-27,130.68321228027344,130.94167048499952,128.61550113658913,128.67514417086244,18764200
2023-09-28,132.3433380126953,133.38712141461426,129.91775357634623,129.91775357634623,18201400
2023-09-29,131.07089233398438,134.09292202118758,130.54402536604638,133.28771081240023,23237300
2023-10-02,134.3712615966797,134.5601412896889,131.2846136806218,131.37407821879785,19210400
2023-10-03,132.51231384277344,134.4408525260888,132.03017917194458,134.13267161977356,19628700
2023-10-04,135.46478271484375,135.76301304394028,132.6415527905045,132.8702046383658,22848000
2023-10-05,135.18643188476562,135.69341280156135,133.6604986571135,135.32560400909918,15922900
2023-10-06,137.9102325439453,138.36354687331317,134.14263453682727,134.14263453682727,20826700
2023-10-09,138.67568969726562,139.1429136645743,135.89223195993972,137.17461779995696,16599100
2023-10-10,138.37745666503906,139.90836521648072,137.61200238931823,138.6856224313539,19554900
2023-10-11,140.86268615722656,141.37961770422467,139.01367636279514,139.0236269803259,20146300
2023-10-12,139.4610137939453,141.53867542387755,138.62598102987283,141.31997419967416,18173100
2023-10-13,137.7611083984375,140.5047936157234,137.15471238822383,139.81886851924637,19438700
2023-10-16,139.6598358154297,140.07237686418517,138.49675128421578,138.90431702451843,17345600
2023-10-17,140.15689086914062,140.41534905980257,137.71043445604593,139.20255686682265,17424000
2023-10-18,138.4569854736328,141.15097860619974,137.88538621452952,139.91830037487452,18304900
2023-10-19,138.1587677001953,140.17181114583383,137.7810234218255,138.97392962926384,21831200
2023-10-20,135.9320068359375,138.2184039679899,135.4399214833852,137.77106605818074,24970300
2023-10-23,137.0851287841797,138.1985209047451,134.31162185260132,135.42499880454343,20780700
2023-10-24,139.29202270507812,139.87854790908082,137.9301229218992,138.3377038625347,26535200
2023-10-25,125.92150115966797,129.33124106930785,125.34492657770299,129.00318922946792,58796100
2023-10-26,122.7105941772461,124.71865463904317,121.5972095385957,123.73450668299441,33907400
2023-10-27,122.67082214355469,123.70467761973175,120.74228331450207,123.29709669841161,37367700
2023-10-30,125.00694274902344,125.80221857956127,123.14798985612089,123.7245644540452,24165600
2023-10-31,124.55960845947266,125.81215769019965,123.19273330017175,125.52387038284778,21123400
2023-11-01,126.81617736816406,126.98517100300614,124.186810242447,124.59935129682273,26536600
2023-11-02,127.82020568847656,129.32127743916638,127.35298176680449,128.79441049236559,24091700
2023-11-03,129.59963989257812,129.95751326229586,128.24767551460283,128.32720461549846,19529400
2023-11-06,130.6732635498047,130.78261417042714,129.16224092901052,129.45053582366307,15360400
2023-11-07,131.6176300048828,132.49243485690616,130.36508092290495,131.20011364422353,19223800
2023-11-08,132.47256469726562,132.7509089711254,131.37907366956665,131.57788884109144,15093600
2023-11-09,130.91184997558594,133.16844085758981,130.73290570276333,132.5719801730149,17976500
2023-11-10,133.26783752441406,133.4766033093788,130.0966847957412,130.7527884986304,20872900
2023-11-13,132.85031127929688,133.31753522988973,131.985457024151,132.571967032385,16409900
2023-11-14,134.62974548339844,136.42906305044067,134.30170878075003,134.8484467309146,22317300
2023-11-15,135.57411193847656,136.03138522479952,134.5303135356456,135.83257009297986,15840900
2023-11-16,137.88043212890625,138.0593764140633,135.27591830856176,136.15072332793758,17615100
2023-11-17,136.1308135986328,137.1845475513956,134.6794341749816,137.00561846596364,25565300
2023-11-20,137.1050262451172,137.60704704435696,134.689392442829,134.69932789193166,19569400
2023-11-21,137.80088806152344,138.14385066626895,136.8913014806493,137.1249134698437,17648100
2023-11-22,139.19261169433594,140.26623168371006,138.17863473182314,138.27804988900758,17306400
2023-11-24,137.4032440185547,138.85163517326544,136.65767585111294,138.7154361055681,8828600
2023-11-27,137.2342529296875,138.80491838509522,136.72725685851645,136.75709354090017,17886400
2023-11-28,137.80088806152344,137.84066019551915,136.23022247843704,136.81674769018824,17046900
2023-11-29,135.59400939941406,138.84469129015292,135.48963408926826,138.1637413667312,21014700
2023-11-30,133.128662109375,136.15070718046258,132.0053344489601,135.59400349048624,29913500
2023-12-01,132.5322265625,132.71115567122874,131.3711137712268,132.5322265625,24268000
2023-12-04,129.8581085205078,130.67325522982662,128.63536570359295,130.51818638207422,24117100
2023-12-05,131.6077117919922,132.75091041718153,128.963425992895,129.5996436498798,19235100
2023-12-06,130.65335083007812,132.5222464490735,130.53406478414132,132.11466556729303,16360600
2023-12-07,137.63189697265625,139.17274106820784,135.42501372222753,135.79283770971566,38419400
2023-12-08,135.8325958251953,137.17462476430168,134.76892632571574,134.85839087668947,23016100
2023-12-11,133.904052734375,133.99351728261428,132.1047504773144,133.02926298166093,24502900
2023-12-12,132.85031127929688,133.74498704885303,132.04510005297158,132.48250248915417,26584000
2023-12-13,133.17837524414062,133.98358654385183,132.16439815590695,133.74997454726432,25414500
2023-12-14,132.4129180908203,134.23708174897578,130.28556395877757,133.9736482408709,29619100
2023-12-15,133.04913330078125,134.03328883300313,131.84629170780133,132.1345714181923,58594000
2023-12-18,136.37933349609375,137.56230409839418,132.97954442591112,133.06900896676828,25699800
2023-12-19,137.2839813232422,137.95002051257538,136.63781303367958,137.18456614988617,20661000
2023-12-20,138.83473205566406,142.23253386031496,138.58620934261955,139.5007711063887,33507300
2023-12-21,140.9621124267578,141.1907491186146,139.64295774328295,139.93819986962146,18101500
2023-12-22,141.8766632080078,142.40353020399863,141.21558422432406,141.29015318131982,18513500
2023-12-26,141.97607421875,143.09442651748293,141.6579578395043,142.135117239749,11170100
2023-12-27,140.60423278808594,142.4731287130221,140.21752386731518,141.9860186646691,17288400
2023-12-28,140.44517517089844,141.4293307209334,139.9958501650703,141.01181432145262,12192500
2023-12-29,140.09722900390625,140.5992497829624,139.0733165483875,139.84870626870998,14881000
