Date,Close GOOGL,High GOOGL,Low GOOGL,Open GOOGL,Volume GOOGL
2017-01-03,40.15964889526367,40.33012383857357,39.60696379756355,39.79234870989039,39180000
2017-01-04,40.14772415161133,40.42903798739036,39.965816440961326,40.25309123148775,30306000
2017-01-05,40.40865707397461,40.44444175963319,40.055773887360914,40.134301497332686,26810000
2017-01-06,41.014522552490234,41.200904749303845,40.33310814885649,40.50656736132072,40342000
2017-01-09,41.11243438720703,41.27396410668777,40.83609183974287,41.072175195889905,28178000
2017-01-10,41.054283142089844,41.2232716469874,40.91164114525979,41.10696857431349,23948000
2017-01-11,41.245635986328125,41.24762297107502,40.828638418329284,41.08460300685021,26508000
2017-01-12,41.2292366027832,41.27148278123335,40.80577374197702,41.17207666256621,26990000
2017-01-13,41.29931640625,41.48370783905058,41.22874052562227,41.30229688347831,25804000
2017-01-17,41.126346588134766,41.26153357885048,40.91461519208435,41.252588356806264,28818000
2017-01-18,41.203887939453125,41.24315364125748,40.95835880455869,41.24265689505406,20554000
2017-01-19,40.9727668762207,41.401697689044646,40.95239270053112,41.20288926596085,21410000
2017-01-20,41.16164016723633,41.21482234458937,40.9842031886352,41.20736356791533,26124000
2017-01-23,41.969791412353516,42.024960572196605,41.187981205479645,41.33261397025626,49148000
2017-01-24,42.22327423095703,42.32217980958202,41.86293227161282,42.09653190607257,33768000
2017-01-25,42.6666145324707,42.68351148675252,42.233709710067316,42.423076182212675,33108000
2017-01-26,42.59355163574219,42.79335357214368,42.27247916494097,42.69643497708027,69866000
2017-01-27,41.999610900878906,43.09156134038159,41.844045930203315,42.69394827200546,75050000
2017-01-30,40.9459342956543,41.61193820244642,40.80676573463504,41.603489725458026,70338000
2017-01-31,40.7650146484375,40.90815717307091,40.42753820118527,40.730720203742685,40404000
2017-02-01,40.51899337768555,40.954381914037896,40.370382850436705,40.954381914037896,45020000
2017-02-02,40.66909408569336,40.9822186302285,40.360447840992265,40.50706760507621,33784000
2017-02-03,40.76203536987305,41.06024612766002,40.72326641665898,40.911142644744295,30562000
2017-02-06,40.836097717285156,40.87436613748395,40.47178175027964,40.80130652076078,27018000
2017-02-07,41.21432876586914,41.34802935110461,40.91910222047386,41.02894381701703,33332000
2017-02-08,41.24662780761719,41.46382722499581,41.009550959663684,41.27893526822345,26044000
2017-02-09,41.25556945800781,41.35099780110762,41.07863303913393,41.338571564107774,23884000
2017-02-10,41.493648529052734,41.60796082242183,41.27794313502696,41.39921366691301,28302000
2017-02-13,41.69792175292969,41.836093020246416,41.563227708625455,41.63529381915168,25914000
2017-02-14,41.751102447509766,41.8490145308039,41.542355296534126,41.73817946312239,27266000
2017-02-15,41.616416931152344,41.83759034555263,41.56174451033826,41.690470038800996,27144000
2017-02-16,41.85746383666992,41.88330601165986,41.61342497301215,41.67505562159785,20102000
2017-02-17,42.075164794921875,42.09454927409271,41.7386817855903,41.81472567160202,29224000
2017-02-21,42.210350036621094,42.35597629635616,42.07515923847313,42.14673239888609,25206000
2017-02-22,42.31422424316406,42.434998018944036,42.08310836058908,42.147226532478044,24488000
2017-02-23,42.29633331298828,42.37685169777353,41.87386774986739,42.30031107439168,27734000
2017-02-24,42.137786865234375,42.16512307482621,41.896732233003405,42.129835133854975,26924000
2017-02-27,42.2302360534668,42.27993722009084,41.89922105085147,41.99564290672361,20206000
2017-02-28,41.99464416503906,42.188485154471394,41.82118493812553,42.11492500356864,27662000
2017-03-01,42.58211898803711,42.644246384406024,42.1979218644591,42.31521841913925,36374000
2017-03-02,42.239173889160156,42.56919534159015,42.18301123942281,42.56024632711576,25018000
2017-03-03,42.200904846191406,42.28738797687306,41.98370921506133,42.193946607720726,20100000
2017-03-06,42.11094665527344,42.19394877500535,41.80776462406847,42.09056868499434,20958000
2017-03-07,42.30379104614258,42.41214239192446,42.023971249849346,42.11045059442489,20774000
2017-03-08,42.42755126953125,42.591071788959646,42.30876445526476,42.40170529730242,20576000
2017-03-09,42.63629150390625,42.778937282213555,42.37933343805437,42.43003188177728,26954000
2017-03-10,42.81373596191406,42.953894241993936,42.6248700061774,42.87785035506352,26732000
2017-03-13,42.97128677368164,43.09802530660998,42.784407824505706,42.78490457069287,23332000
2017-03-14,43.037391662597656,43.12039377879418,42.750113106105864,42.93003381556234,21234000
2017-03-15,43.160648345947266,43.234705237445844,42.80826191855541,43.138283392232026,26658000
2017-03-16,43.24066925048828,43.37536330058189,43.117407946123464,43.26701196510781,22090000
2017-03-17,43.358463287353516,43.46035313243503,43.15965485088986,43.42357116379749,37366000
2017-03-20,43.13679122924805,43.25756500748668,42.975758260944744,43.21482208666075,30844000
2017-03-21,42.25358963012695,43.413135498039566,42.131818562776125,43.2436502544836,50760000
2017-03-22,42.2366943359375,42.51254015048287,42.09752577123024,42.220787081940415,27334000
2017-03-23,41.732215881347656,41.83360898263114,41.40170144572661,41.81869901313914,65754000
2017-03-24,41.508060455322266,41.94842024481885,41.20786271610694,41.849014132,42114000
2017-03-27,41.67555618286133,41.81820196829991,40.96929307808988,41.15766226404998,38692000
2017-03-28,41.78092575073242,42.018002598921385,41.36541464575966,41.73420506733746,30384000
2017-03-29,42.24017333984375,42.32565919186449,41.8182044961218,41.88629664679321,29146000
2017-03-30,42.220787048339844,42.34603534371661,42.08609678337519,42.345041851334265,18988000
2017-03-31,42.137290954589844,42.22476758540952,42.010055666084774,42.08908002718764,28820000
2017-04-03,42.58211898803711,42.69394754311009,42.12386497657549,42.18450213449391,39388000
2017-04-04,42.374366760253906,42.3957382212941,42.122872897484356,42.14722862748102,26970000
2017-04-05,42.19245529174805,42.77297333902388,42.12336965498507,42.4807273307181,37104000
2017-04-06,42.003089904785156,42.425058682552255,41.948417494308465,42.22177575473668,30672000
2017-04-07,41.85398864746094,42.04186109619024,41.61542154201426,41.998124678314696,22232000
2017-04-10,41.8341064453125,42.084606829717586,41.788879789875864,41.82615471424428,20924000
2017-04-11,41.743648529052734,41.979731893348905,41.48122244913689,41.83410563011901,19486000
2017-04-12,41.822181701660156,41.93450701548584,41.62983474521535,41.67307441686326,22716000
2017-04-13,41.75856018066406,41.935003674240576,41.64275764363857,41.80130310601694,21474000
2017-04-17,42.50160217285156,42.52695139526461,41.800803295873216,41.818200787635526,20982000
2017-04-18,42.4449462890625,42.613931007262586,42.30876198851861,42.37287637715803,18724000
2017-04-19,42.5701904296875,42.7535883539581,42.42207665067355,42.61392684359295,21606000
2017-04-20,42.74762725830078,42.9389769124693,42.61939470202047,42.730726513014645,23776000
2017-04-21,42.691463470458984,42.86492648172425,42.630830099595904,42.77446558770863,23458000
2017-04-24,43.68450927734375,43.735704471618746,43.04733178865363,43.163138116567005,33930000
2017-04-25,44.17705535888672,44.34653681082228,43.70190437253959,43.85001436316831,40760000
2017-04-26,44.19196701049805,44.383320469154334,43.9936553131989,44.30379557497563,26466000
2017-04-27,44.30628204345703,44.40270389803064,44.09455439393792,44.23471266783872,46846000
2017-04-28,45.95042037963867,46.51602467470132,45.88580545738881,46.17308400842459,76918000
2017-05-01,46.36294937133789,46.51205666583977,45.76553428476595,45.93203528151797,46556000
2017-05-02,46.575172424316406,46.86841572661102,46.27248715258167,46.385312999457824,35026000
2017-05-03,47.13978576660156,47.22676184983388,46.48173360162563,46.523483031646464,36496000
2017-05-04,47.451419830322266,47.67110299664005,47.08611039412378,47.231239917796934,38752000
2017-05-05,47.230743408203125,47.63631204097885,47.12239206312404,47.55082239742849,32310000
2017-05-08,47.648738861083984,47.76305116207713,47.08760144274434,47.090088965780616,37534000
2017-05-09,47.55032730102539,47.82319265803056,47.435518251232516,47.77995298452301,33758000
2017-05-10,47.45738220214844,47.55032303373315,47.20887260040484,47.52597109491483,22920000
2017-05-11,47.50957107543945,47.61394845383757,47.1477426424398,47.2809426777152,20622000
2017-05-12,47.472293853759766,47.61344561375585,47.319212601045336,47.60698791315212,24298000
2017-05-15,47.67507553100586,47.84803800491723,47.35698353779057,47.47974810256115,26754000
2017-05-16,47.942970275878906,48.0070846632071,47.731242636249306,47.89028863504908,22030000
2017-05-17,46.827659606933594,47.76304783447781,46.722785491352525,47.69893344946698,48982000
2017-05-18,47.241676330566406,47.42457751479036,46.78292554756244,46.87885064722892,36010000
2017-05-19,47.44793701171875,47.69197590075477,47.3162272245662,47.35698316377031,27206000
2017-05-22,47.916133880615234,47.95341259969333,47.542872695338836,47.56474090538088,27748000
2017-05-23,48.23820114135742,48.43501881341389,47.937502841103,48.20887794742222,30908000
2017-05-24,48.58909225463867,48.61443768431684,48.291875000957596,48.47229244540066,22660000
2017-05-25,49.29734420776367,49.492178674045576,48.5995295942387,48.658179770178876,39082000
2017-05-26,49.367427825927734,49.522496056918136,49.07368777982219,49.304303141590246,32728000
2017-05-30,49.51156234741211,49.583632258267954,49.2724984975801,49.32915790029546,30324000
2017-05-31,49.060272216796875,49.68204301602795,48.791384624640486,49.51355503996977,34482000
2017-06-01,49.119911193847656,49.36096580672071,48.77199548225861,49.252614469482474,26128000
2017-06-02,49.50907897949219,49.52697321877573,49.05927718593134,49.13482432075779,34710000
2017-06-05,49.8947639465332,50.06971340139197,49.475775606043676,49.597049929586454,27578000
2017-06-06,49.53690719604492,50.12985147128446,49.44346962282915,49.866431912981085,31042000
2017-06-07,49.77647018432617,49.89625046844608,49.496646634676175,49.656686108250966,27482000
2017-06-08,49.914642333984375,49.98024695384603,49.533926222850354,49.91215481126146,33758000
2017-06-09,48.21682357788086,49.9752783784249,47.38431496270738,49.974781632282465,72958000
2017-06-12,47.80380630493164,48.11146284556185,46.56076148721612,47.65022830369832,84042000
2017-06-13,48.2357177734375,48.60400768798572,47.81374514071191,48.31225840114183,40108000
2017-06-14,48.10797882080078,48.69297138701363,47.68948723071996,48.48422423412771,30110000
2017-06-15,47.72278594970703,47.74763842520115,46.738193362054425,47.118412726991195,48552000
2017-06-16,47.64525604248047,47.71136120627652,47.152214585917974,47.60996810269466,51184000
2017-06-19,48.47031021118164,48.673092628257756,48.12140098773185,48.19346710655923,29376000
2017-06-20,48.16066360473633,48.7471464016072,48.12139790556976,48.47477782220242,25946000
2017-06-21,48.6378059387207,48.68552011901645,48.183529629459755,48.25013154177911,23232000
2017-06-22,48.53989028930664,48.73273398121361,48.375376297380726,48.55231273571783,20190000
2017-06-23,49.01056671142578,49.03690942666082,48.43253238261005,48.48422432072491,31280000
2017-06-26,48.31473922729492,49.40321248864205,48.22726260433981,49.20490079644446,30358000
2017-06-27,47.12189865112305,48.07269750808437,47.07219748291285,47.79337444005208,48872000
2017-06-28,47.76404571533203,47.87488079527419,46.52895258083271,47.249632765526236,54912000
2017-06-29,46.611454010009766,47.2993299256707,46.20290492052318,47.28392321002313,64134000
2017-06-30,46.20688247680664,46.96831474402942,46.20340146157118,46.918116835873654,45754000
2017-07-03,45.69892501831055,46.43352157954611,45.492661603942715,46.38282313575352,33896000
2017-07-05,46.335105895996094,46.535404551259695,45.657669315376324,45.9345085854689,41882000
2017-07-06,46.107975006103516,46.52795685719014,45.71831363319675,45.974278230257404,40298000
2017-07-07,46.760066986083984,46.951420452083035,46.21234930509325,46.271992978015966,33266000
2017-07-10,47.26652526855469,47.372392876252725,46.81672349824985,46.81672349824985,29030000
2017-07-11,47.39227294921875,47.4598683530665,46.97428187093191,47.242672709535064,29224000
2017-07-12,48.09456253051758,48.19247462171177,47.566729864468655,47.75658930035425,32042000
2017-07-13,48.15370559692383,48.64326980560254,47.95241343038237,48.25062418792362,30492000
2017-07-14,48.55430221557617,48.58561239179034,48.21831600224731,48.40966945050886,21592000
2017-07-17,48.507083892822266,48.874380275600494,48.25062257407559,48.52497813029755,33210000
2017-07-18,49.05331039428711,49.24714758130937,48.31225609276151,48.377860716820976,28266000
2017-07-19,49.34257888793945,49.48323390590422,49.05629380594814,49.205401093479765,28242000
2017-07-20,49.313751220703125,49.63631393624043,48.93750578766907,49.55281507071252,28368000
2017-07-21,49.39575958251953,49.458880477529426,48.91514057015504,49.15520170323725,29266000
2017-07-24,49.61792755126953,50.00957970688109,49.218323664328956,49.408683637837754,79690000
2017-07-25,48.16265106201172,48.545354174254314,47.902708718218385,48.24565317668973,118672000
2017-07-26,47.977760314941406,48.407184122170335,47.72527674130057,48.34903448259052,44432000
2017-07-27,47.341575622558594,48.18700728527513,46.573681867389034,48.17010653928838,74358000
2017-07-28,47.63084030151367,47.80280927557844,46.98372034301227,47.116924155959005,36276000
2017-07-31,46.993167877197266,47.77299113994113,46.80578838889427,47.71384421575718,45670000
2017-08-01,47.04585266113281,47.439988557436216,46.96633155394233,47.10798006660746,28052000
2017-08-02,47.099525451660156,47.17209210227338,46.348031937254525,47.135806880989065,40788000
2017-08-03,46.734718322753906,47.2168275901239,46.691975396359425,47.17209767886154,22478000
2017-08-04,47.0075798034668,47.094555887744995,46.70986578991445,46.91612541969291,25092000
2017-08-07,47.005592346191406,47.16513888690854,46.893763777390724,47.09356572098968,28916000
2017-08-08,46.92805480957031,47.340581652139385,46.84306571018158,46.93302606327569,30102000
2017-08-09,46.72378158569336,46.90668276666402,46.417615307699585,46.64276645670886,28018000
2017-08-10,45.90419387817383,46.53590329873196,45.814233530178,46.471292172045864,54148000
2017-08-11,46.227264404296875,46.38978763497925,45.78640781721421,45.91016588253807,32334000
2017-08-14,46.6666259765625,46.77149630724283,46.44594931456248,46.67358421552686,23012000
2017-08-15,46.6243782043457,46.87239106751867,46.55280883228659,46.770997963805165,22130000
2017-08-16,46.93203353881836,47.21185331932673,46.72179235184255,46.78193276785576,26906000
2017-08-17,46.106483459472656,46.90916842189231,46.10548996709424,46.86642549788687,33914000
2017-08-18,46.032920837402344,46.273478698493285,45.897237087886175,46.072683282135074,26748000
2017-08-21,45.76900863647461,46.13580831094218,45.656186576179216,46.01255078834272,26024000
2017-08-22,46.739688873291016,46.81722299348547,46.03242844573739,46.071694148022004,35502000
2017-08-23,46.84803771972656,46.98968622099313,46.483225047758886,46.57069787943382,22690000
2017-08-24,46.56523132324219,47.033420265042245,46.259561798110354,46.90419800877822,25892000
2017-08-25,46.247642517089844,46.75609071998389,46.22776129214635,46.680543581980984,23746000
2017-08-28,46.12984848022461,46.46384395338369,46.0294488646157,46.316230695219105,20988000
2017-08-29,46.50857162475586,46.629845951596025,45.69147342901533,45.72328414528893,23172000
2017-08-30,46.90022277832031,47.01105784881013,46.42407828838925,46.50459667378666,22406000
2017-08-31,47.477264404296875,47.57467974549003,47.03044309973657,47.032926830701214,33866000
2017-09-01,47.31572723388672,47.63083872585024,47.230738137985654,47.58809580482241,20858000
2017-09-05,46.79336166381836,47.285906321701574,46.50111187685906,47.06075518378335,29148000
2017-09-06,46.8202018737793,46.94345938279505,46.355983114550675,46.91214920737764,27830000
2017-09-07,47.21135711669922,47.241677594125335,46.597041340634,46.93104058677826,22332000
2017-09-08,46.789886474609375,47.25161776121096,46.72030408618289,47.201916596900006,19998000
2017-09-11,46.883323669433594,47.35002237649428,46.76950433511063,47.07765759349802,26748000
2017-09-12,47.05031967163086,47.12188903589331,46.59554668098976,47.063739401424485,25696000
2017-09-13,47.23869323730469,47.358477324302555,46.95539243880845,46.9931679009843,21908000
2017-09-14,46.72626876831055,47.11891441215151,46.63829539450821,47.018018053094075,28548000
2017-09-15,46.485713958740234,46.8067902506491,46.284918511721116,46.724284871610294,39886000
2017-09-18,46.21036148071289,46.563741420062634,45.99415933222412,46.471794077271916,29474000
2017-09-19,46.563743591308594,46.61742251927126,46.05678562888187,46.39227513669262,24854000
2017-09-20,47.09455490112305,47.21682271307376,46.595548730006996,46.606981475728105,40080000
2017-09-21,47.095054626464844,47.35599047425046,46.68899305001675,47.12388486567421,27414000
2017-09-22,46.881832122802734,47.216824859503745,46.76155508200245,46.857480183711985,21496000
2017-09-25,46.43551254272461,46.7073806008836,45.94992227560057,46.692470630945515,37468000
2017-09-26,46.592071533203125,46.92258977431591,46.47726248823941,46.55529335415292,33454000
2017-09-27,47.70886993408203,47.98372223780968,46.816721417778645,46.85598711601271,46692000
2017-09-28,47.952911376953125,48.02099973187923,47.49267034874831,47.52746154146645,28018000
2017-09-29,48.395751953125,48.49962877874187,48.01205157236572,48.01205157236572,40622000
2017-10-02,48.08511734008789,48.5955562706105,47.81076177106922,48.491679439870545,30782000
2017-10-03,48.31424331665039,48.33213755527643,47.84853807769763,48.08958890524977,21666000
2017-10-04,48.05082321166992,48.429552360111664,47.99266978074486,48.29833932083807,21156000
2017-10-05,48.96583557128906,49.031443989717324,48.2242844963028,48.34953279480503,35618000
2017-10-06,49.38581848144531,49.41663570650591,48.63382813614984,48.70788503358227,31060000
2017-10-09,49.31971740722656,49.72478550771429,49.27945821189523,49.45341418682455,25910000
2017-10-10,49.095558166503906,49.576177180188765,48.76305294387154,49.468322583186556,23268000
2017-10-11,49.98273849487305,50.078166851394,49.10251561595496,49.15718803287934,36300000
2017-10-12,49.98273849487305,50.275481264950706,49.756593842318146,49.892778138435666,30614000
2017-10-13,50.093074798583984,50.43551871786961,50.05281560680634,50.154705451683924,26552000
2017-10-16,50.166629791259766,50.29833957079075,49.77746519854123,50.18054626764828,21420000
2017-10-17,50.24863815307617,50.425578375938926,50.00261608674092,50.07170172216882,20260000
2017-10-18,50.33512496948242,50.51255815955314,49.966334528092496,50.251129359265796,25596000
2017-10-19,49.79336929321289,50.06573787053022,49.56772519116571,49.938002058653076,34284000
2017-10-20,49.95390701293945,50.13183693115107,49.81473846173248,50.052315836702384,32120000
2017-10-23,48.98323440551758,49.989699120837514,48.8619600733232,49.95937864181099,32786000
2017-10-24,49.129852294921875,49.16812450391774,48.56275394240443,49.030946714099606,28902000
2017-10-25,49.277469635009766,49.425082887833135,48.594564950959246,49.019514262275095,30574000
2017-10-26,49.275474548339844,50.025477823508645,49.22825711966671,49.6258739792722,47396000
2017-10-27,51.37538146972656,52.86395532234745,51.03641477344335,51.24218144802035,103682000
2017-10-30,51.348541259765625,51.6815431805618,50.81175966710733,51.15122307954574,46804000
2017-10-31,51.344078063964844,51.73970421186712,51.00908529289403,51.342091079008014,30326000
2017-11-01,51.8192253112793,52.08065790824808,51.39178847565162,51.50709805793904,43262000
2017-11-02,51.83761215209961,51.96435448009985,51.12637776934956,51.68950215361464,26694000
2017-11-03,52.18651580810547,52.21981675969089,51.57319357942401,51.826674416435004,27770000
2017-11-06,51.82320022583008,52.31574874255743,51.78940252364758,52.14228951573862,18294000
2017-11-07,52.30580139160156,52.35649983615923,51.839102680877645,52.16961710305677,26104000
2017-11-08,52.59904861450195,52.81773449442692,52.04039873397368,52.18950222592856,24276000
2017-11-09,52.073692321777344,52.230747522714395,51.483728554154844,52.08760879740241,35892000
2017-11-10,51.896263122558594,52.01952443708699,51.750636852849965,51.88234664485235,19442000
2017-11-13,51.74964141845703,52.12439281004868,51.65321957054558,51.72976019505764,18814000
2017-11-14,51.77151107788086,51.80431528700721,51.15967901886606,51.576680391843176,21012000
2017-11-15,51.511566162109375,51.671605646265384,51.230749101603344,51.44148703151615,18106000
2017-11-16,52.11096954345703,52.274490035252526,51.59059192292787,51.62786684430045,23768000
2017-11-17,51.485721588134766,52.23671840595118,51.37836753153693,52.17707852738205,26712000
2017-11-20,51.42458724975586,51.62538266116448,51.326174632674906,51.49118536148833,17526000
2017-11-21,52.20193099975586,52.206405507755406,51.64725885387292,51.69198876604467,22206000
2017-11-22,52.28244400024414,52.45689670685256,52.0503346096384,52.24466853914704,14538000
2017-11-24,52.51107406616211,52.68751755510971,52.28244568338251,52.40521024796695,16492000
2017-11-27,53.28095245361328,53.332147644739315,52.42409185451936,52.612961573770185,35430000
2017-11-28,52.84756088256836,53.67807886412583,52.412669039919194,53.37937132704396,36424000
2017-11-29,51.559776306152344,52.62290032507497,51.175579167181716,52.494171019872844,55866000
2017-11-30,51.499637603759766,51.895764247889794,51.19645937585446,51.6870170908577,45092000
2017-12-01,50.94795227050781,51.55282230937545,50.54188689077826,51.213358841469756,37762000
2017-12-04,50.2918815612793,51.25958106736146,50.160171772627905,51.08363432372627,38778000
2017-12-05,50.67607879638672,51.524987708121664,49.81723116879461,50.24814522117589,38998000
2017-12-06,51.32816696166992,51.669120636870026,50.46285410152825,50.522994515126356,28710000
2017-12-07,51.917137145996094,52.13333929376345,51.459383626422095,51.494671566423555,30866000
2017-12-08,52.15620040893555,52.506099302378495,51.98124717025866,52.27697418872354,31170000
2017-12-11,52.28493118286133,52.48522987165888,51.89477305955912,52.24218825718403,23254000
2017-12-12,52.125885009765625,52.80829295560057,51.9320478142733,52.1870189208288,33882000
2017-12-13,52.256099700927734,52.45937884739451,52.017032079152166,52.29039414579875,27680000
2017-12-14,52.558284759521484,53.03591943357472,52.365937833184944,52.45987593877657,30962000
2017-12-15,53.28045654296875,53.44199005759562,52.688509529321905,52.87190745967071,63760000
2017-12-18,53.93105697631836,54.00063936001845,53.199444663166986,53.50162939011215,30292000
2017-12-19,53.66714096069336,53.925096338162014,53.293879791141165,53.828177739771355,26350000
2017-12-20,53.35799789428711,53.73921079460599,53.11147526392533,53.723804078197325,28728000
2017-12-21,53.22330093383789,53.55481265145381,53.131353594647145,53.44894883524104,25640000
2017-12-22,53.12439727783203,53.266542530289335,53.06376011376958,53.181056680334756,17788000
2017-12-26,52.974788665771484,53.12439268220596,52.616437504513605,53.113456682829565,18376000
2017-12-27,52.693973541259766,53.095071430402996,52.60351644186565,53.01206931559948,22324000
2017-12-28,52.48274230957031,52.924592341963404,52.355006496115514,52.79586303616386,19884000
2017-12-29,52.35600280761719,52.58711871670307,52.3212116139001,52.45988343452506,23606000
2018-01-02,53.340599060058594,53.47827359576773,52.33711865454856,52.33711865454856,31766000
2018-01-03,54.25063705444336,54.47827192698136,53.351530309717944,53.37637899322715,31318000
2018-01-04,54.46137619018555,54.874896544716236,54.386826340846945,54.52748135414892,26052000
2018-01-05,55.18354415893555,55.34706465804289,54.76157534552589,54.84358396816797,30250000
2018-01-08,55.37837600708008,55.62440188021342,55.169132103543284,55.21883326596616,24644000
2018-01-09,55.30780029296875,55.588617359826586,55.079668657769695,55.588617359826586,26808000
2018-01-10,55.176090240478516,55.30730328085012,54.869927743596634,55.020024722963434,20734000
2018-01-11,55.27102279663086,55.41018757032564,54.99418348782609,55.28394578161047,22424000
2018-01-12,56.19547653198242,56.227780201148285,55.07022510411957,55.174101933927034,38586000
2018-01-16,56.197959899902344,57.10154118551692,55.99716447998305,56.675594615462074,36462000
2018-01-17,56.61546325683594,56.626395465576685,55.83961392031383,56.479278954125064,27830000
2018-01-18,56.45989227294922,56.68951415101649,55.88782266659566,56.627883494848916,27498000
2018-01-19,56.83414840698242,56.84806488480374,56.287428010306584,56.562280343255594,30552000
2018-01-22,57.860992431640625,57.996183243322385,56.750650865316366,56.85005698918704,29550000
2018-01-23,58.45790481567383,58.57420788321382,58.014564544912965,58.182059011878806,39138000
2018-01-24,58.215362548828125,58.99866683391729,58.02202210450494,58.89578349237186,37128000
2018-01-25,58.75463104248047,58.89678009260679,58.24270183066696,58.683558413395254,29984000
2018-01-26,59.02401351928711,59.02401351928711,58.05333730750121,59.02252328067271,42170000
2018-01-29,58.970340728759766,59.54290711177231,58.8500598872143,59.04588786640511,31494000
2018-01-30,58.517547607421875,59.042399746029126,58.3753985732343,58.534945099055044,37338000
2018-01-31,58.75860595703125,58.962385656223866,58.25562199351424,58.837630313770624,36022000
2018-02-01,58.727291107177734,59.018547427996964,58.11943682599137,58.44896156313821,73514000
2018-02-02,55.62639236450195,56.227785189151234,55.22728521753725,56.03494148157566,117842000
2018-02-05,52.80282211303711,55.417144172377625,52.52200884296614,54.70242880178122,83550000
2018-02-06,53.898250579833984,54.044870325821,51.19347157259082,51.39078976175393,76630000
2018-02-07,52.455902099609375,54.00262556399122,52.41663640081931,53.9250914506971,51942000
2018-02-08,50.08512496948242,52.87936401239792,49.93552094259068,52.67757509163033,66792000
2018-02-09,52.001625061035156,52.272499603342936,49.552810596970026,50.98820222766436,98360000
2018-02-12,52.413658142089844,52.96087525770654,51.962862873995164,52.51852846673467,56240000
2018-02-13,52.392784118652344,52.74467381294293,52.03393618570592,52.18701743613438,31586000
2018-02-14,53.31524658203125,53.452921109337275,52.177075979419804,52.40172658937706,41304000
2018-02-15,54.2426872253418,54.378871515106866,53.04337891621364,53.84954486319156,37396000
2018-02-16,54.448455810546875,55.08513653693195,54.25213109968489,54.34308494746052,39948000
2018-02-20,54.85054397583008,55.48175670870799,54.17509428809936,54.312272076437715,33754000
2018-02-21,55.35551452636719,56.471324018175544,55.04537426623569,55.12440241380322,41486000
2018-02-22,55.16416549682617,55.93752732849863,54.928082111462764,55.62490331232586,28010000
2018-02-23,56.06824493408203,56.11347538567801,55.09160390530491,55.599555376091224,25292000
2018-02-26,56.844085693359375,56.86893437749722,56.130363836435095,56.255612125321555,30912000
2018-02-27,55.54239273071289,56.87142387051713,55.50660804578497,56.84408766264965,42964000
2018-02-28,54.866943359375,56.04637048168498,54.82121995858662,55.765553416766714,49292000
2018-03-01,53.251136779785156,55.23225546219297,53.04636358279445,55.146272864478725,55338000
2018-03-02,53.88384246826172,54.020523512211525,52.1924861225471,52.58363773099638,50162000
2018-03-05,54.41167068481445,54.73075614878026,53.29387427666091,53.58513057986181,28648000
2018-03-06,54.71683883666992,54.95193248468045,54.39874686988049,54.7764825024262,23382000
2018-03-07,55.41962814331055,55.47728482807082,54.17061864294365,54.31525141309337,30748000
2018-03-08,56.132354736328125,56.23473753400784,55.526984213425294,55.526984213425294,33862000
2018-03-09,57.695980072021484,57.70393180331851,56.37639462402864,56.63533970119199,42662000
2018-03-12,57.9489631652832,58.5568174599909,57.61446716685053,57.90522295599285,44306000
2018-03-13,56.65571594238281,58.548864981866465,56.390309380649626,58.24220194236929,43140000
2018-03-14,57.10204315185547,57.64230206198943,56.77699290419381,56.94846514785942,41870000
2018-03-15,57.187522888183594,57.77848018486501,56.44448163437811,57.135834743481716,33382000
2018-03-16,56.38285446166992,57.49567969545161,56.23076670320563,57.42311683153487,58656000
2018-03-19,54.67559814453125,55.634841650244105,54.12141895433363,55.55482379637503,63656000
2018-03-20,54.46336364746094,54.94795659840509,53.798349454637815,54.592585906409056,54598000
2018-03-21,54.3739013671875,55.10452019963102,54.03642490488909,54.302828743838,44898000
2018-03-22,52.34357833862305,53.8729043564547,52.169121838622104,53.678570425345335,69312000
2018-03-23,51.021507263183594,53.02101688343725,50.93800839851188,52.25511008579325,49880000
2018-03-26,52.390296936035156,52.64775555992921,50.22776735468965,52.216837714705335,65984000
2018-03-27,50.046852111816406,52.90968380364253,49.583630605618474,52.87787308797283,60816000
2018-03-28,49.95937728881836,50.94397376805064,48.90669245207533,49.796854065221204,77698000
2018-03-29,51.547847747802734,52.090097393652826,49.90271540967147,50.25907960175081,69338000
2018-04-02,50.329654693603516,51.66663753381271,49.41613469259724,51.0746867356014,65068000
2018-04-03,50.630348205566406,50.944466209737804,49.5652372198148,50.50460317144767,51322000
2018-04-04,51.17856216430664,51.32915967311573,49.528458643323226,49.61394448591651,50724000
2018-04-05,51.324195861816406,52.02350079463139,50.89477201803996,52.00759733136736,35836000
2018-04-06,50.19645690917969,51.491189838828895,50.01255843479986,50.85003459740025,40134000
2018-04-09,50.70043182373047,51.918127320917215,50.65619487103844,50.697944300932086,33220000
2018-04-10,51.51604461669922,51.75014101076049,50.46783047064348,51.205904340131994,36620000
2018-04-11,50.94744873046875,51.484727125389504,50.65619620587564,51.29238017832689,34060000
2018-04-12,51.55530548095703,51.92111166189601,50.996659389459715,51.26604371914165,32896000
2018-04-13,51.49317932128906,52.33513003242517,51.200436537008954,52.0324485318383,25410000
2018-04-16,51.99317932128906,52.25808913169154,51.387808777043865,51.96584311334484,29776000
2018-04-17,53.64625930786133,53.92657960441741,52.539398927694535,52.74367535239217,54584000
2018-04-18,53.44894790649414,53.77747534935068,53.206899801362226,53.628868612289025,31126000
2018-04-19,54.14775466918945,54.54835200881911,53.13234484368087,53.13234484368087,39884000
2018-04-20,53.54487228393555,54.41117484780803,53.28542669034655,53.89030046791669,42434000
2018-04-23,53.370418548583984,54.07569196773654,53.016045123310406,53.82618507654327,69590000
2018-04-24,50.82717514038086,52.90719943045034,50.34109190483127,52.64427658819286,128220000
2018-04-25,50.844566345214844,51.494666758373796,50.54734529912214,51.18054875913638,57860000
2018-04-26,51.85451126098633,52.287416080182766,50.71832381239791,51.35301754888472,50926000
2018-04-27,51.26504135131836,52.271505943293725,51.07319495219466,51.96534346498157,40746000
2018-04-30,50.62538528442383,51.60898448440118,50.61146880673603,51.412663558153056,34492000
2018-05-01,51.72726821899414,51.77597588494497,50.2292524820117,50.51205650899594,35326000
2018-05-02,50.99665832519531,51.88781341543905,50.85301904371848,51.39178769183862,34698000
2018-05-03,51.00907897949219,51.22727189409114,50.09406872816757,50.96285883323045,39282000
2018-05-04,52.23672103881836,52.28046124952342,50.599043563333005,50.67657768455419,36892000
2018-05-07,52.657196044921875,52.9325451080232,52.20043603451245,52.38035674327428,34400000
2018-05-08,52.613956451416016,52.943977930669085,52.268528256584716,52.91365745373982,26030000
2018-05-09,54.12290573120117,54.37390286154543,52.788907098984005,52.88781647093076,47160000
2018-05-10,54.94398498535156,55.13981296427099,54.36794137956555,54.42360729228435,36414000
2018-05-11,54.84010314941406,55.11992671814422,54.53394065735139,54.69248990330289,30504000
2018-05-14,55.000152587890625,55.57420922080132,54.91068897029702,54.948957390114536,39338000
2018-05-15,53.92012405395508,54.62837796155574,53.61743877160701,54.51803963368327,35738000
2018-05-16,53.881351470947266,54.3927876738321,53.759087450531055,53.931056423328116,25628000
2018-05-17,53.740699768066406,54.22479600170925,53.500141889838645,53.75064227593559,25738000
2018-05-18,53.16316223144531,53.36644518531905,52.91664339852014,52.98224802432867,35482000
2018-05-21,53.87738037109375,54.339111646189345,53.57867285450965,53.62837401758208,25180000
2018-05-22,53.444969177246094,54.26455484586919,53.29337817393087,54.165152525512354,22226000
2018-05-23,53.97429656982422,54.075689668198244,53.02995934555361,53.18105360479335,23740000
2018-05-24,53.94894790649414,54.03195002150652,53.295370240021555,54.02101781365871,20604000
2018-05-25,53.880859375,54.15372472265519,53.807303016326095,54.003623944134326,22224000
2018-05-29,53.08513259887695,53.74467884739452,52.83711972964403,53.47926848494179,36076000
2018-05-30,53.552330017089844,53.62787714989283,53.00958361016194,53.35401831948754,28686000
2018-05-31,54.672115325927734,55.16913455616344,53.5786745361915,53.77747919472114,79368000
2018-06-01,56.411678314208984,56.56873731934778,55.26902940154813,55.31177611597701,63202000
2018-06-04,57.30830383300781,57.547868216396,56.51108307286517,56.585636713300694,44754000
2018-06-05,57.20790481567383,57.70890179599408,57.030968370303874,57.388822814538955,32964000
2018-06-06,57.005619049072266,57.391306447558094,56.477289652898435,57.29488459793664,34934000
2018-06-07,56.38285446166992,56.95193979444756,55.97032760310479,56.88782540778869,36108000
2018-06-08,56.29787063598633,56.599558658266304,55.826693554733914,56.22331698834874,27284000
2018-06-11,56.70492172241211,57.044885724835886,56.23275497409298,56.309295601269945,24796000
2018-06-12,57.06724548339844,57.09507843620104,56.710881304728694,56.710881304728694,26092000
2018-06-13,56.870426177978516,57.43752830061235,56.828180001023945,57.2705267855548,34302000
2018-06-14,57.659698486328125,57.95194451848806,57.18703119803521,57.26705284091403,35422000
2018-06-15,57.617942810058594,57.848558159897024,57.340606778085906,57.65024647786979,44438000
2018-06-18,58.82619857788086,58.85353478521283,57.2069084370023,57.29090404368984,33038000
2018-06-19,58.583160400390625,58.78792980229084,57.734251476985435,58.15671705790255,47282000
2018-06-20,58.85055160522461,59.71636124084575,58.74916229669811,58.81228318942502,51686000
2018-06-21,58.123409271240234,59.16168075834515,57.82718551562538,58.92212019068908,44966000
2018-06-22,58.115962982177734,58.39976054275453,57.63683419126995,58.22530782139626,34220000
2018-06-25,56.62440490722656,57.45492281895143,55.661179924688234,57.40571840283361,57682000
2018-06-26,56.29338836669922,57.00163844171985,56.113467661475454,56.865954689521296,34688000
2018-06-27,55.514060974121094,56.96883709944549,55.50213148226848,56.46137866105526,34538000
2018-06-28,56.00312805175781,56.36197596160654,54.973801751184695,55.28791596286484,29726000
2018-06-29,56.1229133605957,56.727787184595755,56.01506255470153,56.27798539164283,31562000
2018-07-02,56.76506042480469,56.80880063326617,55.00014775332822,55.43503956330058,23216000
2018-07-03,55.481258392333984,57.15273344483606,55.38931105383634,57.128381506208875,16448000
2018-07-05,56.724300384521484,56.86595266966749,55.82121587531808,55.894776017719494,28594000
2018-07-06,57.409698486328125,57.46536439707299,56.523014092104425,56.74816525807085,21820000
2018-07-09,58.016056060791016,58.048363522473316,57.51655312592899,57.65422765777163,21584000
2018-07-10,58.00910186767578,58.32520689215674,57.78146696538677,58.150754170817635,21334000
2018-07-11,58.22381591796875,58.67013669400245,57.4241114094504,57.436533856497064,33252000
2018-07-12,59.70492935180664,59.74121078339865,58.305322315939264,58.39279894066711,44148000
2018-07-13,59.86198806762695,60.16119232616184,59.408208530023366,59.7814696819007,32612000
2018-07-16,59.46884536743164,60.07520940408758,59.314270089207646,59.831667263492584,26784000
2018-07-17,60.29240417480469,60.57471147349724,58.74766765876039,58.784449627588955,40162000
2018-07-18,60.28396224975586,60.715373079491414,59.86895162955363,60.06626605800832,38948000
2018-07-19,59.59757614135742,60.46139502495324,59.529483992910166,59.97282428515605,38338000
2018-07-20,59.53693771362305,60.177596198903565,59.472819536107494,59.60453311443872,37938000
2018-07-23,60.18902587890625,60.39280557618198,59.24518536290118,59.426600105682446,65446000
2018-07-24,62.532470703125,63.369946826186485,61.83614633145283,63.17113839147794,107600000
2018-07-25,63.41666793823242,63.53098022939205,62.0801818387139,62.25761881344463,51104000
2018-07-26,63.89181900024414,63.98625386066997,62.77352581208553,62.98127947145793,54686000
2018-07-27,62.27104187011719,64.18704884241369,61.85354375291369,64.07174305274853,48362000
2018-07-30,61.13534927368164,62.27103997861898,60.843600001070044,61.88137482826818,43896000
2018-07-31,60.99519348144531,61.69052440966195,60.44698285291209,61.21835387003929,39382000
2018-08-01,61.28197479248047,61.923622997609755,60.881874167423256,61.58615031340765,36994000
2018-08-02,61.68655014038086,61.84957391176269,60.53992711605653,60.5617953261784,34704000
2018-08-03,61.5389289855957,61.9544363004893,61.104533940400906,61.88783439424349,21264000
2018-08-06,61.51457214355469,61.752646272805016,61.15970199533394,61.71040009744222,22114000
2018-08-07,62.41766357421875,62.92661230347746,62.21686813649478,62.22730359897314,42506000
2018-08-08,62.690528869628906,63.20692879166448,62.232771544644955,62.46139993805155,34344000
2018-08-09,62.84608840942383,63.218852803913116,62.629389527873954,62.76010581822668,27326000
2018-08-10,62.25214767456055,62.684058970623695,61.98624439091464,62.58365936933606,26602000
2018-08-13,62.0598030090332,62.92113810994902,61.97978516472233,62.18704207480191,27500000
2018-08-14,62.53197479248047,62.65374206900039,61.60751878189571,62.25165447868079,28080000
2018-08-15,61.24369812011719,62.22580699899296,60.946480859616486,61.84310389471981,37052000
2018-08-16,60.838130950927734,61.81427889871641,60.617951052283665,61.729286007160255,32176000
2018-08-17,60.43008041381836,60.98177204229244,59.84111386124022,60.737736944058355,33092000
2018-08-20,60.73325729370117,60.93007873538917,60.07470841058865,60.6691429128889,22218000
2018-08-21,60.50761795043945,61.270544303831606,60.38932788704819,60.78644804953502,23082000
2018-08-22,60.72331619262695,60.96088976896982,60.29935664300341,60.349057799632504,22296000
2018-08-23,60.69399642944336,61.39032082705827,60.60403607390066,60.63037878971398,24666000
2018-08-24,61.46885299682617,61.50115666730542,60.70692017324613,60.934555064963476,24454000
2018-08-27,62.439029693603516,62.51855458472486,61.66417771112083,61.836146685813,28580000
2018-08-28,61.92163848876953,62.45344892545598,61.777999199931386,62.420644715114406,27330000
2018-08-29,62.855533599853516,62.980785688734734,62.26656703980296,62.37591187450305,36926000
2018-08-30,62.348079681396484,63.09609224870752,61.98873499465223,62.79340696479483,30104000
2018-08-31,61.22282791137695,62.25414128013919,60.92212961363718,62.237244325389085,42308000
2018-09-04,60.204429626464844,61.027496314055135,59.96834627054432,60.76158922832342,41458000
2018-09-05,59.59757614135742,60.38137338388389,58.41665496261756,60.10055631280242,53988000
2018-09-06,58.846580505371094,59.592109346078686,57.83365431938672,59.57123462954581,46854000
2018-09-07,58.52848815917969,59.07322156261215,58.11496780060451,58.25065156129241,32658000
2018-09-10,58.40273666381836,58.97928075780054,58.181563270789376,58.85701294212638,27670000
2018-09-11,59.1447868347168,59.19200426445643,57.949953036237034,58.2059176156046,29254000
2018-09-12,58.230770111083984,59.179578045843876,57.96038851686092,58.747666731679224,35716000
2018-09-13,58.75463104248047,59.0389291427331,58.112482273743545,58.63336050143718,40068000
2018-09-14,58.54786682128906,59.045883312653096,58.32619667965005,59.045883312653096,24176000
2018-09-17,57.645782470703125,58.73872651879689,57.57769032017031,58.53743433642324,34096000
2018-09-18,58.00760269165039,58.71436627590178,57.725295413253896,57.78642931622517,32314000
2018-09-19,58.36347198486328,58.46287430367961,57.585635757879324,58.099555681082926,25962000
2018-09-20,59.22331237792969,59.34408994797862,58.46188015850281,58.68156330010636,29244000
2018-09-21,58.256614685058594,59.472323248929726,58.2536342079212,59.38981787799408,91222000
2018-09-24,58.626399993896484,58.90621978342579,57.23176417814969,57.624906564809926,31150000
2018-09-25,59.338626861572266,59.486240111899036,58.354527150193434,58.85950188678448,33152000
2018-09-26,59.34707260131836,60.0021442889838,58.91665531696712,59.328685409122045,37650000
2018-09-27,60.00810623168945,60.480272923985694,59.54538150813522,59.642300094109935,36274000
2018-09-28,59.994197845458984,60.06228999628742,59.53445353679154,59.845587304549184,35612000
2018-10-01,60.06626510620117,60.84509492878459,59.80085852875213,60.288435802462736,33164000
2018-10-02,60.02202606201172,60.860996223021615,59.6254064733526,59.97381513940344,40180000
2018-10-03,60.215370178222656,60.347079969649705,59.74916438514411,60.23872862571476,26246000
2018-10-04,58.50263977050781,59.935543950524334,57.84558108097483,59.892304280881255,46576000
2018-10-05,58.043392181396484,58.74766830132233,57.371920269286754,58.44945753779413,31852000
2018-10-08,57.451446533203125,58.4425006942056,56.43156213315559,57.65422894717302,46190000
2018-10-09,56.91714859008789,57.73126630687627,56.867447426983105,57.22231759934608,33690000
2018-10-10,54.282447814941406,56.51207586019271,54.25014035520059,56.48125863891177,58980000
2018-10-11,54.211875915527344,55.47033128376875,53.47380203293527,53.63036430862326,67696000
2018-10-12,55.69298553466797,55.9559083373492,54.42508841021045,55.648251838326466,49370000
2018-10-15,54.79338455200195,55.75561220565616,54.583640120536266,55.566746280864315,30074000
2018-10-16,56.31624984741211,56.479770344402105,55.25611009678075,55.342092687724055,38378000
2018-10-17,56.04338836669922,57.00809976615284,55.36793870886157,56.66018784877589,35652000
2018-10-18,54.568241119384766,56.27997555217643,53.99319099503526,56.16317572408403,46152000
2018-10-19,54.929569244384766,55.71337028646515,54.52450115705983,54.85650963326648,41286000
2018-10-22,55.23722457885742,55.75014725195003,54.67211322013965,55.293883980195154,27116000
2018-10-23,55.41316604614258,55.56674782981055,53.628868946211725,54.239206943645506,37686000
2018-10-24,52.5408935546875,55.49816011969358,52.43850696071365,55.4176417338397,49286000
2018-10-25,54.85054397583008,55.557800587725495,53.45690167605003,53.69298504414373,72956000
2018-10-26,53.86445617675781,55.5170435115347,51.80083223157418,52.10401424905125,106438000
2018-10-29,51.428062438964844,55.110976170870074,50.05976953426282,54.5001376923362,81290000
2018-10-30,52.162654876708984,52.23174050803112,50.39625218978006,50.69644990507065,59768000
2018-10-31,54.20391845703125,55.06972807499186,53.09159001933221,53.09159001933221,70916000
2018-11-01,53.97528839111328,54.66713823635072,53.569719802128944,54.24467269413826,40132000
2018-11-02,53.25511169433594,54.5727100888553,53.06475173150938,54.125392047086535,43438000
2018-11-05,52.47180938720703,53.34755777264016,51.39178834623834,53.3068018323822,45358000
2018-11-06,53.15968322753906,53.669128668700814,52.366440246332886,52.43651937753677,28660000
2018-11-07,55.08165740966797,55.16565302173899,53.707399554351824,53.85153558479883,43388000
2018-11-08,54.405208587646484,55.080658221715424,53.8947696834284,55.03493482387229,33694000
2018-11-09,53.52996826171875,54.09308888011312,52.895771222007895,53.87788021518588,34860000
2018-11-12,52.155208587646484,53.384837472901864,51.7073975666727,53.33662654677747,34002000
2018-11-13,52.08612060546875,53.0155478916884,51.70987897528576,52.42608459607986,25750000
2018-11-14,52.414649963378906,52.9718095688696,51.745165052074334,52.68403427403734,34666000
2018-11-15,53.23324203491211,53.62190988889463,51.754110164331074,52.259581623322696,41584000
2018-11-16,53.095069885253906,53.30232679314335,52.4305524480331,52.94397562922517,35366000
2018-11-19,51.06474304199219,53.08165000130302,50.83860219672047,52.852521095161805,45684000
2018-11-20,51.2153434753418,51.55828794293747,49.81176247305151,50.06424604702752,54458000
2018-11-21,51.860477447509766,52.421114306686256,51.66315924039232,51.95391502806133,29698000
2018-11-23,51.19795227050781,51.83910753633079,51.119420865486646,51.36693698964655,14178000
2018-11-26,52.48224639892578,52.53492803772469,51.67856416660764,51.88880535148972,31558000
2018-11-27,52.30033493041992,53.02002155502751,51.9633590062163,52.25361803772543,33048000
2018-11-28,54.264060974121094,54.317243152226396,51.83661780783403,52.557794686631496,46042000
2018-11-29,54.40272903442383,54.679568341329265,53.7774772575212,53.853521136336674,31004000
2018-11-30,55.1517333984375,55.1517333984375,53.83612579792065,54.454916063552986,59668000
2018-12-03,55.48523712158203,56.41168013704425,55.25511471030101,56.270528380695694,57532000
2018-12-04,52.80680465698242,55.37987426466265,52.722809041444044,55.31774685890304,45630000
2018-12-06,53.582645416259766,53.649247324039486,51.81325827207042,51.93850656482629,47436000
2018-12-07,52.017032623291016,53.928072003137906,51.65868145593713,53.29188805078406,42682000
2018-12-10,52.345069885253906,52.66415537070032,51.34208623552921,51.83612117957288,33652000
2018-12-11,52.76604461669922,53.20093642324051,52.19198803877761,53.0289674437618,33852000
2018-12-12,53.3664436340332,54.26107592768427,53.27896701020894,53.532944612640854,28960000
2018-12-13,53.356998443603516,54.09656630466222,52.932049142359624,53.46286605323916,24986000
2018-12-14,52.272003173828125,53.26653828335759,52.15570010893678,52.68502675085628,36358000
2018-12-17,50.976776123046875,52.802325939208714,50.52846458647878,52.038406144796824,49932000
2018-12-18,51.85948181152344,52.66862824640263,51.21683256090122,51.391785806033056,43640000
2018-12-19,51.46434783935547,53.464850836513335,50.66762765563054,52.05232087345232,58264000
2018-12-20,50.87389373779297,52.05978237536117,50.09258022831302,50.99417078022154,53674000
2018-12-21,49.26702880859375,51.57419111409599,48.76702912534208,51.29437133352757,104656000
2018-12-24,48.93999481201172,50.30431019564692,48.59158232346509,48.922597318515145,36360000
2018-12-26,52.08015441894531,52.109974355072794,49.336606536559174,49.60201686074165,46318000
2018-12-27,52.33115768432617,52.353025894443384,50.04983733771138,51.004117186833554,45996000
2018-12-28,52.02200698852539,52.89427434837769,51.78940084244917,52.65918447132302,34398000
2018-12-31,51.936519622802734,52.832645941703156,51.34407206665135,52.576180817900095,33110000
2019-01-02,52.41962432861328,52.72330310283759,50.958386606132336,51.05381496390382,31868000
2019-01-03,50.96782684326172,52.9951693589422,50.81375210348746,52.2203173605121,41960000
2019-01-04,53.582149505615234,53.67807460737884,51.53393225189304,51.81723304953154,46022000
2019-01-07,53.47529220581055,53.81226813556225,52.815249239588354,53.72628554146417,47446000
2019-01-08,53.94497299194336,54.34159257564361,53.09904460311244,53.976283168363004,35414000
2019-01-09,53.76008224487305,54.25660469889554,53.398250052624014,54.07519375256941,26998000
2019-01-10,53.61992263793945,53.66863030598773,52.91664003226324,53.42658220424713,26598000
2019-01-11,52.90620422363281,53.348551026160074,52.50660034597815,53.17608529611614,30864000
2019-01-14,52.26206588745117,52.606997330312744,52.11494938874068,52.35301973280183,28490000
2019-01-15,54.00162887573242,54.08910549106606,52.40768807629325,52.58512503763994,37518000
2019-01-16,54.150733947753906,54.7894054030749,54.07618410561596,54.175089676952894,38280000
2019-01-17,54.628379821777344,54.70690743569308,53.840104245534214,54.07519792497544,24896000
2019-01-18,55.03493881225586,55.56674921547568,54.63632843494677,55.09905319828651,44892000
2019-01-22,53.609981536865234,54.62092068438932,53.225287644057936,54.473303645916225,39632000
2019-01-23,53.89726638793945,54.32171898451165,53.060286896463175,54.01903367950265,25194000
2019-01-24,53.87688446044922,54.07569290777785,53.18205028317994,53.80282756490805,29114000
2019-01-25,54.747161865234375,54.83910920293637,54.26455589292032,54.38532967656469,23260000
2019-01-28,53.67111587524414,54.34258778945916,53.4101800343555,54.17857433377555,29334000
2019-01-29,53.18403625488281,53.913164865947216,52.98324082657302,53.72976313827113,19704000
2019-01-30,54.57221221923828,54.64825609517573,53.51107517932295,53.54685986353666,29452000
2019-01-31,55.958892822265625,56.04736293704884,54.93304750519683,55.280462680128174,40232000
2019-02-01,55.59756088256836,56.381858627460545,55.380365254077915,55.779965319128216,33116000
2019-02-04,56.73076629638672,56.7764934898673,55.54239393164177,55.616947572161024,78408000
2019-02-05,57.25014877319336,57.294882472965135,55.84507755903426,56.144778558878485,82296000
2019-02-06,55.809791564941406,57.356018378787034,55.58464040361344,57.120928501583286,48256000
2019-02-07,54.965850830078125,55.268035554435876,54.35352206680481,55.259587077620814,38298000
2019-02-08,54.790401458740234,54.92559225712525,54.38583013984382,54.41763706278934,21766000
2019-02-11,54.77748107910156,55.33961196875683,54.67211400591193,54.85849621275027,18498000
2019-02-12,56.04289245605469,56.30531853249016,55.21932900400153,55.21932900400153,35036000
2019-02-13,56.09507751464844,56.80184115365853,55.964361222221704,56.31426392249081,28042000
2019-02-14,56.12340545654297,56.467840146089316,55.52151595160189,55.91465830892562,21106000
2019-02-15,55.64775848388672,56.62539665969507,55.50312571709419,56.62539665969507,27826000
2019-02-19,55.98971176147461,56.14527674241209,55.499154041695924,55.499154041695924,21980000
2019-02-20,55.69548034667969,56.2094003549631,55.25611777778465,56.107510496537415,24090000
2019-02-21,54.88135528564453,55.62390360025558,54.57171178146977,55.60551261596442,33272000
2019-02-22,55.49517059326172,55.5294650367333,54.69696021674572,55.15421693506325,29436000
2019-02-25,55.533447265625,55.934541366691754,55.373407780533796,55.762075643177525,26208000
2019-02-26,55.766048431396484,55.98622832726155,55.00511293009384,55.38632580000009,35026000
2019-02-27,55.809791564941406,55.95094332372058,55.0975636946304,55.36843825772495,22092000
2019-02-28,55.99169921875,56.36148315388915,55.58712788209558,55.616451075459175,27422000
2019-03-01,57.08364486694336,57.15720500912688,56.21286782015024,56.21286782015024,34086000
2019-03-04,57.32719421386719,57.928587035120316,56.57321308938495,57.383853618112944,35490000
2019-03-05,58.110984802246094,58.473810471687365,57.30730639690354,57.45541638324078,40094000
2019-03-06,57.899757385253906,58.38683408669554,57.80581926828377,58.238724091509795,23602000
2019-03-07,57.1994514465332,57.832158162363484,56.74517519136274,57.67907692345504,30086000
2019-03-08,57.15571594238281,57.328678406128475,56.17310652773321,56.35700499098433,23694000
2019-03-11,58.611488342285156,58.64379201226206,57.23523975938272,57.2566112212902,30032000
2019-03-12,59.5056266784668,59.926105281622945,58.7625853549063,58.7625853549063,42220000
2019-03-13,59.595584869384766,59.99618223368752,59.53842872164201,59.93703910117616,25888000
2019-03-14,59.27103042602539,59.87590422419613,59.206419294488974,59.593596921434546,27302000
2019-03-15,59.16019821166992,59.727793321698805,58.99667770226494,59.54290514143379,51886000
2019-03-18,59.07322311401367,59.39131512250907,58.72183014923705,59.12988251833547,24442000
2019-03-19,59.76457595825195,59.81179339223802,59.11844943667928,59.23077475225392,29788000
2019-03-20,60.9559211730957,61.13286139372059,59.62192265620457,59.71188300497026,41508000
2019-03-21,61.43803024291992,61.45343695748071,60.46635685395996,60.63633883614469,28150000
2019-03-22,60.022525787353516,61.31378150829315,59.94051716103603,61.07620789863656,34422000
2019-03-25,59.512088775634766,60.11149461141188,59.1452890951039,59.62044012185768,27576000
2019-03-26,59.1373291015625,60.02251935764003,58.73573828229003,59.90025155055996,30752000
2019-03-27,58.54935836791992,59.24071147919988,57.86446295678701,59.24071147919988,29428000
2019-03-28,58.264068603515625,58.51158471179254,57.82470608677511,58.42460862674263,22402000
2019-03-29,58.49369812011719,58.845587828816846,57.97132966139092,58.65721483924721,30890000
2019-04-01,59.591609954833984,59.65224332496026,58.96437120232001,59.0230175877092,27706000
2019-04-02,59.91765594482422,59.93107567621951,59.20691830294427,59.64479060109051,18288000
2019-04-03,60.17958450317383,60.666164466567324,59.894793462324806,60.27351882975979,22180000
2019-04-04,60.6090087890625,60.66368120676134,60.091611597681194,60.20344016408128,21022000
2019-04-05,60.21139144897461,60.65572902603448,60.14081556947198,60.601553354937664,20012000
2019-04-08,60.05384063720703,60.33564741444368,59.8759069044803,60.194495652722175,21750000
2019-04-09,59.7760009765625,59.99767111583185,59.56178582196254,59.736242322310915,19668000
2019-04-10,59.96288299560547,60.08664105619604,59.675111471929334,59.89529138393691,15510000
2019-04-11,60.11894607543945,60.275508339064885,59.86795274101707,60.084651628815045,16998000
2019-04-12,60.772037506103516,60.78794096972742,60.30285120159393,60.418653747042306,24312000
2019-04-15,60.960899353027344,61.098573891627304,60.365968034423126,60.83962502318726,23796000
2019-04-16,61.22829055786133,61.43057621075263,60.88683634975008,61.13335895436465,22622000
2019-04-17,61.63733673095703,61.88385933701121,61.277495328998675,61.48127122155305,30366000
2019-04-18,61.70344543457031,61.92561232369616,61.60105884027297,61.87889163822756,24750000
2019-04-22,62.31428146362305,62.34310791100343,61.30085854582616,61.464875798521646,19084000
2019-04-23,63.150760650634766,63.3416173553569,62.22531115672105,62.45742054543492,31868000
2019-04-24,62.62690734863281,63.32025130503679,62.61498164753522,63.15076604708511,23396000
2019-04-25,62.98923110961914,63.26060240645666,62.525016122821874,63.13634760795499,31344000
2019-04-26,63.49022674560547,63.56428363980847,62.87293049039804,63.28943131709899,27228000
2019-04-29,64.42363739013672,64.46191339622658,63.206438403133006,63.64381400947569,72368000
2019-04-30,59.590614318847656,59.69101013183802,58.79737136238648,59.17659724490422,133178000
2019-05-01,58.31625747680664,59.605029422639205,58.2347455994782,59.518049545352284,74340000
2019-05-02,57.977787017822266,58.61745200047962,57.57122491902818,58.28047228612896,45098000
2019-05-03,59.1229248046875,59.214872150973314,58.32769477638296,58.519541200444245,41588000
2019-05-06,59.317256927490234,59.41516901737094,58.20890238416024,58.25065181716387,31774000
2019-05-07,58.591609954833984,59.38236545955095,57.90274051076028,58.93703816929291,36604000
2019-05-08,58.19001388549805,58.860492284010654,58.03345162802254,58.51357006994903,25520000
2019-05-09,58.050350189208984,58.353532205311865,57.38782350297091,57.78345339601038,29556000
2019-05-10,58.0339469909668,58.463370769969906,56.97678775047905,58.093590657144325,31650000
2019-05-13,56.49070358276367,57.25512011382911,55.939512505261376,56.92062792119056,45626000
2019-05-14,55.90770721435547,56.9022424575342,55.8416020465189,56.775503914277074,40392000
2019-05-15,58.191009521484375,58.563773925811,55.73573343156054,55.792889578476384,59302000
2019-05-16,58.87192153930664,59.3520437756475,58.074207862843735,58.24269582113758,35308000
2019-05-17,58.090606689453125,58.960886997443396,57.973310133064594,58.44100612014652,25362000
2019-05-20,56.89179992675781,57.30631374647477,56.56774320466191,57.30631374647477,30602000
2019-05-21,57.37788772583008,57.55482796596678,56.82470584224468,57.379874710653525,20562000
2019-05-22,57.447967529296875,57.842103416612936,57.206912898195455,57.219339137398215,18826000
2019-05-23,56.92559814453125,57.15969453289888,56.320231368456874,56.96188336912491,25214000
2019-05-24,56.591102600097656,57.37390631554927,56.49666773960876,57.256609755177315,18554000
2019-05-28,56.63832473754883,57.47977869909735,56.594087780673476,56.73375309831731,20948000
2019-05-29,55.66316604614258,56.411675271086224,55.266045943197845,56.297359194587564,36230000
2019-05-30,55.73622512817383,56.004119183868134,55.46236632684473,55.67360098694136,18088000
2019-05-31,54.995174407958984,55.338115072250766,54.83861214889731,54.952431485459876,31582000
2019-06-03,51.62737274169922,53.031947213487015,51.04536444059868,53.0284699902267,96890000
2019-06-04,52.410179138183594,52.60650385602176,51.49268131295462,51.913159911998946,60512000
2019-06-05,51.920616149902344,52.5254899885403,51.34208882056355,52.43552962777268,46988000
2019-06-06,52.07569122314453,52.18702305362188,51.46684337924349,51.99865384344501,29020000
2019-06-07,53.100040435791016,53.35153431034643,52.24417329391859,52.399742066403405,43828000
2019-06-10,53.815250396728516,54.415649670314416,53.443479495911205,53.528965340631075,28510000
2019-06-11,53.72976303100586,54.8714184965475,53.65670342136105,54.52250928067333,33508000
2019-06-12,53.63334274291992,53.80332094013133,53.1611722361032,53.67558891913757,23670000
2019-06-13,54.22529220581055,54.50262825968803,53.80581090164387,53.91217146626431,20814000
2019-06-14,53.99119567871094,54.41167426609969,53.751635087867356,54.162171167512795,24582000
2019-06-17,54.368431091308594,54.73572747687631,54.075688341187664,54.130360754384945,19770000
2019-06-18,54.932552337646484,55.60551449922961,54.71137894031025,55.24368609087973,34526000
2019-06-19,54.89626693725586,55.14080257257905,54.474794859806764,55.03195448592801,26714000
2019-06-20,55.32817840576172,55.80134242367074,55.020025129899395,55.750643976635985,24018000
2019-06-21,55.93305587768555,55.992695760051454,55.15521954821235,55.16217778728544,50774000
2019-06-24,55.502132415771484,55.843586634118445,55.333644456330184,55.666149659659446,24236000
2019-06-25,54.05481719970703,55.45243346782813,53.906703411342114,55.42162003607561,31644000
2019-06-26,53.69397735595703,54.429567444449454,53.36445641543013,54.22479425882997,34698000
2019-06-27,53.51057434082031,54.0985473344053,53.471805390579675,54.01355824190301,24078000
2019-06-28,53.817237854003906,53.817237854003906,53.36991981989572,53.54039855661794,33672000
2019-07-01,54.672115325927734,55.09905542107749,54.44000591963228,54.723803475397816,29196000
2019-07-02,55.29835891723633,55.31277214077782,54.65571343633196,54.9121747748696,20630000
2019-07-03,55.814762115478516,56.06327172075406,55.41018699164333,55.59159794174689,20154000
2019-07-05,56.295867919921875,56.394276742115956,55.541890709310685,55.63483153205948,29794000
2019-07-08,55.50661087036133,56.02450481569408,55.25661101737113,55.957902904275436,29888000
2019-07-09,55.879371643066406,56.05680861855658,55.027478495807806,55.18503424841219,29472000
2019-07-10,56.70541763305664,56.77649025421619,56.19597220915629,56.278477576023356,30710000
2019-07-11,56.86296844482422,57.31823819191629,56.63682760169875,56.96634852440786,26004000
2019-07-12,56.92559814453125,57.03295599579009,56.588622204648225,56.8058178462279,21878000
2019-07-15,57.18255615234375,57.191004629187525,56.660187739162524,56.925594288197274,21164000
2019-07-16,57.32917404174805,57.5836483748254,56.99467807444977,56.99467807444977,25352000
2019-07-17,56.99517822265625,57.57668974283653,56.98921347689648,57.20293187217069,19538000
2019-07-18,57.02003479003906,57.066258732102014,56.30532315558729,56.75959567693261,25450000
2019-07-19,56.24020767211914,57.23573632309783,56.225297702645705,57.123411013906015,23184000
2019-07-22,56.62092208862305,56.661181280152384,55.92509825461783,56.43503663812294,28914000
2019-07-23,57.0602912902832,57.10055048386002,56.30482374981832,56.83166290577468,20648000
2019-07-24,56.64677047729492,56.93156151523323,56.08911410197109,56.29339054536658,27192000
2019-07-25,56.45840072631836,56.83862011663091,55.85054644800487,56.60800095955473,54762000
2019-07-26,61.88982391357422,63.04141422914037,61.033956824885394,61.033956824885394,121216000
2019-07-29,61.72182846069336,62.07719914363064,61.14329741131731,61.754632666740186,41382000
2019-07-30,61.03396224975586,61.47680580214959,60.900758428130764,60.98425729377027,28616000
2019-07-31,60.546878814697266,61.37739671511405,60.04886612215482,60.87839053021284,39960000
2019-08-01,60.2277946472168,61.44648368974345,59.990217249860876,60.518550430611995,35426000
2019-08-02,59.45940399169922,60.114471912668485,59.14528597027398,59.79141245984074,34910000
2019-08-05,57.39329528808594,58.493201370792875,56.79687372406487,58.298863634719226,47840000
2019-08-06,58.20492935180664,58.71785204895546,57.730275072882854,57.92858677882143,36014000
2019-08-07,58.444984436035156,58.64180209098522,57.198955463676945,57.544880390281335,30686000
2019-08-08,59.9499626159668,59.95443333173567,58.350056875575355,58.96784988193449,30116000
2019-08-09,59.09061050415039,59.86397223339643,58.891305325922744,59.641805355786474,20418000
2019-08-12,58.374908447265625,58.92709685537954,58.08763366127801,58.64827054710653,22064000
2019-08-13,59.47977828979492,59.91218636833027,58.29985820219419,58.36744981163963,28434000
2019-08-14,57.86545944213867,58.78693114969416,57.70740694882523,58.45293571745769,35430000
2019-08-15,58.11744689941406,58.4703300654462,57.803332685891704,58.073213739102385,28506000
2019-08-16,58.60900115966797,58.839123572072,58.30035492970726,58.68753256113595,24916000
2019-08-19,59.6641731262207,60.109007440563595,59.16516693382221,59.23623955809746,24450000
2019-08-20,58.82371520996094,59.54290512828572,58.79986001610987,59.41119533600739,20206000
2019-08-21,59.22380828857422,59.67013280356329,59.041900608794975,59.434546204519584,14152000
2019-08-22,59.220829010009766,59.581663900001665,58.594087040993585,59.33414780456743,17352000
2019-08-23,57.33514404296875,59.42709775840229,57.157210312770914,58.9052260605034,36254000
2019-08-26,58.20989227294922,58.243689972615414,57.398262110652304,57.626890485607305,21166000
2019-08-27,58.1920051574707,58.89677805318486,57.880871396219,58.79737572515166,23460000
2019-08-28,58.33762741088867,58.57371076768541,57.666652262956454,57.89627412759974,16810000
2019-08-29,59.356021881103516,59.6020439547309,58.910690833802754,58.96735023306509,19636000
2019-08-30,59.171630859375,59.6597048637771,58.93256321522456,59.6597048637771,18064000
2019-09-03,58.128883361816406,59.099559555562244,57.83862432146424,58.740214874468876,25908000
2019-09-04,58.76109313964844,58.89081595168555,58.22729571277685,58.62093486491836,21312000
2019-09-05,60.2481689453125,60.338129295677085,59.27897926776934,59.327190188968764,26394000
2019-09-06,59.956424713134766,60.28594566668328,59.804333160477945,60.096582981087124,18972000
2019-09-09,59.90423583984375,60.6636811485819,59.30284303768903,59.99419619746917,31854000
2019-09-10,59.925601959228516,60.139320356802806,59.44398949746394,59.447967258665045,27922000
2019-09-11,60.636348724365234,60.75911329863197,59.75562903265274,59.83565067931686,23522000
2019-09-12,61.3803825378418,61.75065942449974,60.76357923761377,60.808809684771475,31644000
2019-09-13,61.631874084472656,61.6825725329011,60.98823509873244,61.23823494962539,23676000
2019-09-16,61.21437454223633,61.58167092917857,60.894291792363504,61.15522762142605,28218000
2019-09-17,61.12739944458008,61.3818738014711,60.802845953896224,61.21437932504866,20806000
2019-09-18,61.265071868896484,61.443502339484084,60.460896677750064,61.14529157551807,17440000
2019-09-19,61.56825256347656,61.84608535209669,61.2481735984651,61.248670344637546,16554000
2019-09-20,61.12540817260742,61.76954385483894,60.814274435063915,61.314274098261336,37692000
2019-09-23,61.36646270751953,61.614475554158524,60.824213077225586,60.96288109631803,20798000
2019-09-24,60.553340911865234,61.98376136522023,60.171134538545694,61.630381438415114,35804000
2019-09-25,61.92561340332031,62.02899349179828,60.099563004341356,60.43803297087269,26798000
2019-09-26,61.744197845458984,61.86249169418074,61.223820186535285,61.73674286063442,23166000
2019-09-27,60.932071685791016,61.87839594392211,60.39777375084346,61.77103809395273,34122000
2019-09-30,60.69300079345703,61.004631280646926,60.309304191922834,60.666161332403156,24470000
2019-10-01,59.94051742553711,61.27551336157713,59.918152470612476,60.760103154173756,24504000
2019-10-02,58.54488754272461,59.58067540937869,58.28196471051203,59.468350097700934,33030000
2019-10-03,59.11695861816406,59.19498948445339,57.810296155684455,58.81427333097324,28368000
2019-10-04,60.187034606933594,60.26158824189356,59.193492998838074,59.358503729671604,24282000
2019-10-07,60.05234146118164,60.582164852358446,59.85900102871217,59.99021406310802,17040000
2019-10-08,59.1517448425293,59.98375296078499,59.119437381895345,59.58116863207775,20086000
2019-10-09,59.761592864990234,60.062787922436016,59.54886793073805,59.708414475394115,15948000
2019-10-10,60.112979888916016,60.41864563213908,59.535942848272576,59.572721024946645,12842000
2019-10-11,60.42312240600586,61.071235885390955,60.320239064738836,60.83664275584557,22330000
2019-10-14,60.52550506591797,60.92858613558831,60.232762315190115,60.33266138084892,13296000
2019-10-15,61.7417106628418,61.98475225522883,60.68206767309872,60.7108941184029,27584000
2019-10-16,61.77948760986328,62.33564993662914,61.557316934906666,61.720340687385495,22986000
2019-10-17,62.266563415527344,62.81080003440779,62.12093715712119,62.1969810323966,20958000
2019-10-18,61.849571228027344,62.53048514943739,61.6373430450912,62.36050693816853,31624000
2019-10-21,61.843109130859375,62.30185614866382,61.6298874575843,62.06279229677646,18094000
2019-10-22,61.690025329589844,62.06427997334775,61.62292667490636,61.85304529361911,22862000
2019-10-23,62.50662612915039,62.52700409844148,61.640820287258634,61.640820287258634,21282000
2019-10-24,62.5801887512207,62.768557944103456,62.24420251369399,62.5801887512207,20224000
2019-10-25,62.838138580322266,63.02203705227276,62.08515478402361,62.226803286399225,27104000
2019-10-28,64.06477355957031,64.57471570597735,63.23624649813847,63.36994325749317,65428000
2019-10-29,62.6572265625,63.658223251366195,62.40622942701032,63.4196523548933,52654000
2019-10-30,62.659210205078125,63.023029380809774,62.15970727567478,62.38336439822421,29204000
2019-10-31,62.56477355957031,62.94847394733398,62.10155207412913,62.62441722679503,31904000
2019-11-01,63.2332649230957,63.270543637067256,62.61000395847159,62.91268921789087,28812000
2019-11-04,64.0960922241211,64.23973150075466,63.42511706354881,63.42511706354881,30632000
2019-11-05,64.18704986572266,64.47532192839282,64.08466705953373,64.17512037282376,25148000
2019-11-06,64.1656723022461,64.26408112941617,63.731281056665985,64.11994890374051,24626000
2019-11-07,64.95742797851562,65.73824472341596,64.30185952700019,64.32819845058032,45140000
2019-11-08,65.059814453125,65.46289935589697,64.68804352144514,64.68804352144514,30392000
2019-11-11,64.52700805664062,64.85603603044459,64.40722776810173,64.81129854012605,17234000
2019-11-12,64.47382354736328,65.0772070950342,64.32621030253395,64.5414189466216,28852000
2019-11-13,64.42263793945312,64.73774947223457,64.22233924649787,64.27353065074034,20538000
2019-11-14,65.0672607421875,65.3938087652161,64.31129653262157,64.36398195962653,28948000
2019-11-15,66.27950286865234,66.27950286865234,65.20345201258141,65.36051481813818,39286000
2019-11-18,65.59858703613281,66.29839252295233,65.41568582859419,66.2198611134046,27984000
2019-11-19,65.23824310302734,65.93605391915624,65.19748716547706,65.93605391915624,21864000
2019-11-20,64.70494842529297,65.26906252674067,64.07621939645145,65.1771151817028,28892000
2019-11-21,64.61945343017578,65.1651764686208,64.15274715619834,64.5752164796873,25546000
2019-11-22,64.29788970947266,64.95544518818183,64.08367454002696,64.76160798943289,27776000
2019-11-25,64.89281463623047,65.12989528987278,64.39430897341687,64.42661643589459,23590000
2019-11-26,65.25862121582031,65.30881912263845,64.81329396270641,65.10503943443732,21910000
2019-11-27,65.21538543701172,65.48924807889492,65.08318268512703,65.37890974495903,18808000
2019-11-29,64.8157730102539,65.1070255237654,64.77303008852307,64.94052834426245,12802000
2019-12-02,64.0588150024414,64.88287517138015,63.63733915700964,64.73972885410575,26538000
2019-12-03,64.35106658935547,64.47482844123603,63.47184097662992,63.55185882693887,25270000
2019-12-04,65.55384826660156,65.81876186354188,64.76408252143041,64.91567731943906,35506000
2019-12-05,65.95246124267578,66.00315969006239,65.32423277802882,65.95444822744994,24408000
2019-12-06,66.57025146484375,66.72333270908553,66.16468665442424,66.24022999224402,32968000
2019-12-09,66.74917602539062,67.47284037150558,66.40523808970917,66.54390989747384,30842000
2019-12-10,66.74421691894531,66.99819453729737,66.30236305647024,66.59759715437782,17606000
2019-12-11,66.81180572509766,67.09212224103928,66.65524346777666,67.01309788910726,20480000
2019-12-12,67.02255249023438,67.32523401656792,66.51112377609971,66.76012637072549,29114000
2019-12-13,66.94203186035156,67.16469551991425,66.68308676525251,66.99322326709708,33170000
2019-12-16,67.62940979003906,67.77006101340723,67.12791605573283,67.34610519065691,28128000
2019-12-17,67.34063720703125,67.80982347830479,67.13586401156594,67.71439511940919,32948000
2019-12-18,67.19252014160156,67.56627803577307,67.12045781766801,67.44550425039715,23330000
2019-12-19,67.41767120361328,67.47185066493435,67.03546483292489,67.19252004912002,28922000
2019-12-20,67.1582260131836,67.79341649620028,67.13387407430272,67.74868658791023,50090000
2019-12-23,67.12891387939453,67.68656651461396,66.99819757170604,67.53149826540843,19936000
2019-12-24,66.82074737548828,67.19749332019242,66.80783197512531,67.10802592261055,13468000
2019-12-26,67.71736907958984,67.75365809281168,66.87442497706247,66.92611691313772,23662000
2019-12-27,67.32820892333984,67.94500839533953,67.24669704918452,67.79341360072743,23212000
2019-12-30,66.58615112304688,67.44549920116268,66.49321029862132,67.43605723246338,19994000
