Date,Close JPM,High JPM,Low JPM,Open JPM,Volume JPM
2020-01-02,120.15469360351562,120.1632180939326,118.59623223126029,119.04758840525965,10803700
2020-01-03,118.56909942626953,119.33190431938809,117.48917736531554,117.84915138563353,10386800
2020-01-06,118.47480010986328,118.50909081744348,116.99204741980967,117.04347040310691,10259000
2020-01-07,116.46067810058594,118.15770221582888,116.40925510892329,117.66059149963141,10531300
2020-01-08,117.36917877197266,117.91771244685515,116.22068843363658,116.3063890552303,9695300
2020-01-09,117.79772186279297,118.47481301340628,117.45488014001609,118.32054404671254,9469000
2020-01-10,116.6235122680664,117.63486585734273,116.4006618935608,117.6005882263815,10190900
2020-01-13,117.59197998046875,117.59197998046875,116.35777632137136,116.7263294231073,12355200
2020-01-14,118.9633560180664,120.64323466458113,118.0119915015953,118.2262626712683,24906000
2020-01-15,117.18062591552734,118.79194940093744,116.69208133951783,118.14913585023557,16293400
2020-01-16,117.63485717773438,118.19195691674594,117.28344936546053,117.80627147604004,10783800
2020-01-17,118.44908142089844,118.52621589115736,117.69485591491282,117.88340248285502,14697700
2020-01-21,117.28348541259766,118.33770917343537,117.15492791887436,117.58347033538757,8474200
2020-01-22,117.14632415771484,117.76342615445343,116.88920922413539,117.62630254923569,7549100
2020-01-23,117.02632904052734,117.1977564281288,115.46644182232755,116.31496030989008,9345700
2020-01-24,114.12081909179688,116.93205577577645,113.40945032120734,116.88063278783737,15166400
2020-01-27,113.16090393066406,113.94085422935828,111.17247401577143,111.6524394063291,12860500
2020-01-28,115.21788787841797,115.68072093184419,113.54657535898865,113.85512636858132,13062800
2020-01-29,115.0464859008789,116.16926486573006,114.58366587586939,115.5435966406748,9326000
2020-01-30,116.46923828125,116.67494331545183,113.72656988226491,113.72656988226491,9048900
2020-01-31,113.44373321533203,115.56073350417213,112.68092834335027,115.26932784028581,12785200
2020-02-03,114.30939483642578,115.05506750059519,113.70087195616549,113.70087195616549,10021100
2020-02-04,115.95498657226562,117.07777854644993,115.77500610392177,116.17783697050565,9157100
2020-02-05,117.9262924194336,118.0462837662004,116.57209688987906,117.05207535502224,10150700
2020-02-06,117.94345092773438,118.52626236899232,117.51490848748799,118.4834185874296,8992300
2020-02-07,117.5662841796875,117.99482644749044,116.82062481869349,117.18916489152939,6379800
2020-02-10,118.05486297607422,118.14914282553293,117.20634433094577,117.37775867230455,5960700
2020-02-11,118.27769470214844,118.98051046988373,118.08913501217435,118.50053202753813,6578600
2020-02-12,118.27769470214844,119.38332826783711,118.10628036891981,118.79195077990964,7958000
2020-02-13,118.1748275756836,118.56907916376808,116.90633296496686,118.06340239388568,7447500
2020-02-14,117.81488037109375,118.44054860265763,117.36919262076525,118.14056369649738,6627600
2020-02-18,116.25495910644531,118.02913057437485,115.74928231167189,117.712000367049,8996400
2020-02-19,117.84059143066406,118.61196250353073,116.85493608413897,117.34348068754353,7071200
2020-02-20,117.84059143066406,118.5862510063069,117.01778428527382,117.56631802284201,7422800
2020-02-21,116.4006576538086,117.35202208473207,115.63785288148783,117.0349049671153,9772800
2020-02-24,113.2723159790039,114.1636783039026,112.10668027532128,112.65521395481461,13618400
2020-02-25,108.21551513671875,113.33230525960586,107.64126342291232,112.27809474939228,20797200
2020-02-26,108.54119873046875,110.52106216447565,108.28407072180221,108.7897540617699,24825600
2020-02-27,104.02437591552734,107.66698601387343,103.96438024605726,105.34428718290667,23005500
2020-02-28,99.51611328125,101.55597268212138,96.55917343699487,100.72459940802773,45931400
2020-03-02,104.15290832519531,104.20433784310369,98.10189368720016,99.96176553215957,27355400
2020-03-03,100.24462127685547,105.37855657099884,99.62751927400636,103.6815326022008,32547700
2020-03-04,102.72161102294922,103.0130232525561,98.30762303593096,101.41884501616474,25795900
2020-03-05,97.68195343017578,99.79038120444945,96.49060610900942,99.13899494066995,25025600
2020-03-06,92.63372039794922,94.55358838730014,90.01103664334057,91.07382643053205,38159400
2020-03-09,80.08599853515625,85.04851986139711,79.70887916489487,82.76867136159868,40352000
2020-03-10,86.30842590332031,86.80553659424817,81.0630717711653,84.8513845419522,31102700
2020-03-11,82.24585723876953,85.7513374973012,81.03737106202611,83.7371829709986,38127000
2020-03-12,75.46630096435547,83.10292128111817,73.98354174256474,76.78620548208808,49725200
2020-03-13,89.05967712402344,89.12823893251701,78.85179488640419,82.27156111630795,38543300
2020-03-16,75.73198699951172,80.54880424715114,72.46649714457175,73.02359683875791,38589700
2020-03-17,80.36026763916016,83.51433976691497,74.99491529671599,77.90043206337431,35239800
2020-03-18,71.90082550048828,77.81471046025548,68.87531795377491,75.14060419401179,41525600
2020-03-19,73.10932159423828,75.51772731335181,65.9183820677639,69.90382036819449,32175100
2020-03-20,71.56656646728516,76.67479006757104,70.6923430235436,73.96640604228189,30150800
2020-03-23,67.73539733886719,71.78083784326483,66.92973569326892,70.86375754969445,32536600
2020-03-24,75.79199981689453,77.22332968773146,71.05232250126113,72.76649189072926,34363200
2020-03-25,78.62039947509766,81.55162821604002,72.45795705186232,76.48625340071021,38111700
2020-03-26,84.09716796875,84.48285353624318,80.17171778018684,80.63454438460174,29826300
2020-03-27,78.10613250732422,81.28591621002815,77.60902831184869,79.87173157489967,30041500
2020-03-30,80.13742065429688,80.64309749615822,76.53766747581508,77.69473053039584,21656900
2020-03-31,77.163330078125,80.7116600099048,76.57193957648272,78.89464473488994,23379300
2020-04-01,72.30368041992188,74.18926452518073,71.35231568763038,72.93792139510333,28029600
2020-04-02,75.00347900390625,75.34631416920638,71.10374125931149,71.57514042897877,24018000
2020-04-03,72.78655242919922,75.7569020779804,71.67807830435527,74.47523238109173,21199400
2020-04-06,77.47154235839844,78.7965073310302,75.94739657879585,77.06452559279553,26820800
2020-04-07,78.49341583251953,81.83614128554626,78.26825634516398,81.792839097098,22563800
2020-04-08,81.6629409790039,82.147893747783,78.4154752445311,79.75775711725495,22903300
2020-04-09,88.98925018310547,90.40081334354497,83.90587988209482,83.93185855882255,42055900
2020-04-13,85.03166198730469,89.29233630116434,84.26093049338652,89.29233630116434,26911900
2020-04-14,82.70214080810547,88.331082329076,81.0913970135457,87.48240823884,46151300
2020-04-15,78.62332916259766,79.69715622748313,78.05177189140844,78.93508647288496,30118600
2020-04-16,75.62698364257812,78.4327921884123,75.38450725808438,78.13835846638015,32449600
2020-04-17,82.42503356933594,82.87534603648518,78.77055005217021,79.67118159345651,30191900
2020-04-20,79.42001342773438,82.01798576075932,78.33752495564065,80.07816826872325,23679400
2020-04-21,77.11650085449219,79.13425485433036,76.49298628010956,76.74412446184628,23035000
2020-04-22,77.36763763427734,79.55860055193553,77.22908250119688,78.53673084339091,16662400
2020-04-23,77.41094970703125,79.0476724802427,77.29837323410248,77.71404529336888,16638800
2020-04-24,78.55406188964844,78.8917979330899,76.6315603457579,78.49344276920993,15809200
2020-04-27,81.9400634765625,82.81470955137574,79.27280984922453,79.61920753966872,22870200
2020-04-28,82.52029418945312,85.17888664977856,82.29513464946483,84.70258889345483,20238900
2020-04-29,84.7458724975586,86.1227948977431,84.23493441588325,85.80238248378106,20462600
2020-04-30,82.92729949951172,83.86256475244474,81.8794511888,82.78873776901085,19127600
2020-05-01,80.75366973876953,81.17800352604618,79.53261912149945,80.97016751286812,18547700
2020-05-04,79.79242706298828,80.2514013328022,78.6320020492692,79.68850574252558,15725900
2020-05-05,79.67117309570312,81.58501243918536,79.58457531590956,81.10005958675174,18064100
2020-05-06,78.17300415039062,80.32932648328351,77.87857038367481,79.80973320808758,20978000
2020-05-07,78.98703002929688,80.45921853901689,78.44145813505736,79.09960646896926,16771900
2020-05-08,80.2773666381836,81.47243849996454,79.76643509674594,80.36397102763641,20487800
2020-05-11,77.9132080078125,78.900437177195,77.35897431998326,78.900437177195,31907600
2020-05-12,75.36720275878906,78.62333107488153,75.25462629672012,78.0690973113323,27962900
2020-05-13,72.76922607421875,75.21998230444744,72.22365409723326,74.80430369794377,35451600
2020-05-14,75.7915267944336,76.30246490241464,71.35765725608933,71.63477410223584,35152500
2020-05-15,74.38864135742188,75.58370676993889,73.86904798706614,75.21133030990278,26099000
2020-05-18,78.32887268066406,78.93507026261604,76.10327637688061,76.8047334844681,30504400
2020-05-19,76.78742980957031,78.9783862513806,76.71814893538958,77.9825017647307,19597300
2020-05-20,79.09095001220703,80.00889824651105,78.25959954599064,78.55403327888583,20552400
2020-05-21,78.0864028930664,79.4633319483202,77.65340741519825,78.1730006672427,14621400
2020-05-22,77.48020935058594,78.25094074760192,76.83071615487674,77.94784524433493,13557900
2020-05-26,82.97927856445312,84.43414408058271,80.19944753679258,80.4419240216494,41233900
2020-05-27,87.78550720214844,88.83335548533445,85.5599106685909,88.39169823969843,39402000
2020-05-28,86.47786712646484,89.15377631028342,86.07951203471454,89.14512115677981,24713900
2020-05-29,84.26956939697266,85.88897470145575,83.81059529325454,85.43866235638873,26526400
2020-06-01,85.3866958618164,86.17475070088484,84.33018597545404,84.6506049661169,15176800
2020-06-02,85.6724853515625,86.96281002318767,84.80649439748099,86.8415718181752,21195000
2020-06-03,90.29685974121094,90.85975509465356,87.51703000656293,87.96734893211129,25941100
2020-06-04,92.17609405517578,92.32331095531195,89.01522524425899,89.9071950129505,26784700
2020-06-05,96.32417297363281,100.25576593771169,94.85198444490668,99.52833673600114,42231000
2020-06-08,98.24666595458984,98.887503984093,96.93902443941151,98.21203213238789,24881800
2020-06-09,95.72663879394531,96.67056574219743,94.4016737198736,95.82189832540021,17031100
2020-06-10,91.84699249267578,95.70065595150032,91.66513519700337,95.65735376382231,24913300
2020-06-11,84.1829833984375,87.96736640565227,83.60277102044648,86.62507772750642,36259200
2020-06-12,86.4865493774414,87.57769360627744,84.28693078769405,87.21397886333209,24856800
2020-06-15,87.68157958984375,87.83745821783849,83.02255087509107,83.49884191114042,22153600
2020-06-16,88.38304138183594,91.51793125256943,86.00156607697411,91.2494761506209,22193600
2020-06-17,86.1488037109375,88.79873455267051,85.9149823972621,88.79007279109298,15639800
2020-06-18,85.68115234375,87.04941311345088,84.97969513535391,85.44733107195562,16591900
2020-06-19,84.70258331298828,87.11869915890884,83.7673179911702,87.05808004909667,40371200
2020-06-22,83.78462982177734,84.82381638607434,83.60277250337472,84.21762532473227,16216900
2020-06-23,84.8065185546875,86.57314139707613,84.73723767294948,85.70715019631632,15381400
2020-06-24,81.9747085571289,83.86256253283476,81.67160643142728,83.784626516731,22919800
2020-06-25,84.83248138427734,85.04897914401886,81.62831718289782,81.70625320505086,25743600
2020-06-26,80.18209838867188,82.58955876451394,79.67116690271455,82.36439926896307,41896300
2020-06-29,80.53714752197266,81.82747201403535,79.82703530272502,80.88354517679764,18499700
2020-06-30,81.45511627197266,81.97471618898639,80.16479145389329,80.38995097746675,19137000
2020-07-01,80.76231384277344,82.88398892228648,80.56313302707467,82.1738766427732,18755700
2020-07-02,81.024658203125,83.03584248545351,80.38632159460978,82.84346688641142,27845600
2020-07-06,83.0708236694336,83.24570694545308,81.74169342612517,82.57239899427177,18625300
2020-07-07,80.72734069824219,82.28382432447437,80.44752349208099,82.03898510300438,25757200
2020-07-08,81.58428192138672,81.61925323354211,80.2726375604086,80.70110618367835,18762200
2020-07-09,79.81793975830078,82.30132350726635,79.38072492029838,81.77666036456826,25600800
2020-07-10,84.18133544921875,84.679760059057,80.33385051008696,80.44752395746464,28954200
2020-07-13,85.3880615234375,86.80463336749851,84.14637295079639,86.33244720039096,32079200
2020-07-14,85.87774658203125,87.39925250801696,84.50489211524716,86.01765854695253,42731700
2020-07-15,87.20687866210938,88.57098688657796,86.26249296607607,88.22121366530236,22508400
2020-07-16,87.45172119140625,88.50978038865553,86.17505455659216,86.37616966318483,16886900
2020-07-17,85.83401489257812,87.51291816558798,85.81652256417279,87.44296219470375,16137700
2020-07-20,85.0820083618164,86.03513348644182,85.04703037494454,85.19568181562336,14458100
2020-07-21,86.92704772949219,87.48668212685033,85.37930363729211,85.4405134410229,17798100
2020-07-22,86.2974624633789,87.55663659614703,85.28312088863125,87.13691410901387,14271200
2020-07-23,86.5510482788086,86.87458297434844,85.6678724787498,86.13131911826156,12870200
2020-07-24,85.93894958496094,87.26808646085051,85.64164669013013,87.09319651856549,12744200
2020-07-27,84.73223876953125,85.37056871083738,84.09390215685599,85.2656414171263,11959100
2020-07-28,85.09949493408203,85.59791957746704,84.38246287392519,84.38246287392519,11754300
2020-07-29,87.16315460205078,87.18938642618522,84.81968268974731,84.88089250318411,12743500
2020-07-30,84.83715057373047,85.46674090652323,83.98895952849524,85.29185766802209,14834800
2020-07-31,84.50486755371094,84.75845291289832,83.2894110650537,84.36496230082312,14535000
2020-08-03,84.03266906738281,85.31808143022754,83.81406170421513,84.83714256271173,12962800
2020-08-04,83.55176544189453,83.90153200547223,83.09705823505222,83.86656068621011,13366200
2020-08-05,85.00330352783203,86.10508672956465,83.70040524717508,83.8315710259428,15260900
2020-08-06,85.02952575683594,85.78153568747403,84.4174277534644,85.32683526659345,10482100
2020-08-07,86.90081787109375,86.997005668136,84.43492647796403,84.75846785632146,14743700
2020-08-10,88.00260925292969,89.2268122336791,87.46920657325579,87.53916255418308,14989900
2020-08-11,90.78328704833984,92.82945592216707,90.5122159885361,90.8182650353095,31518600
2020-08-12,90.01380157470703,93.06555956727475,88.93825003515597,92.8294664676204,19240800
2020-08-13,89.51536560058594,90.38104908541018,88.8770290211943,89.191824228652,13598600
2020-08-14,89.55035400390625,90.33733544272589,88.68466374701336,88.7546197282234,12134400
2020-08-17,87.18937683105469,89.19182146650417,87.03197923220023,88.75460665539384,14988000
2020-08-18,85.97392272949219,87.36426933900461,85.79903946842956,87.36426933900461,13246500
2020-08-19,86.175048828125,87.95887952926881,85.99141272197254,86.4985835445375,13533000
2020-08-20,85.14322662353516,85.72034678579217,84.64480193602566,85.04703881793073,13672600
2020-08-21,85.09949493408203,86.19253201794116,84.76721406228167,85.0557707821801,12228300
2020-08-24,87.49543762207031,87.62660341730299,85.1869436429052,86.0876052074031,17898300
2020-08-25,87.88018798828125,89.17434692589927,87.26808984497033,88.55349594592326,13648900
2020-08-26,86.6472396850586,87.67906704452648,86.61226836628363,87.3905103007314,12052400
2020-08-27,89.49787139892578,89.76020295677426,86.56853346933808,86.56853346933808,22163900
2020-08-28,89.86514282226562,90.28487203930375,89.02569105955897,90.18868423271938,13756700
2020-08-31,87.6091079711914,89.34922109087502,87.46044986180375,89.2967574471904,14219400
2020-09-01,87.56538391113281,88.20372048588732,86.60351263816344,87.04947362405031,11595600
2020-09-02,88.88577270507812,89.13935809686257,87.05821131993123,87.39923833993166,14475700
2020-09-03,88.6059799194336,91.80638975975545,88.00262117707872,90.34609348472162,23281200
2020-09-04,90.52095794677734,91.99874624748564,88.64093946338681,90.98441128321919,26325500
2020-09-08,87.37300872802734,90.56467827388455,86.98826421987407,90.04876798440615,22108600
2020-09-09,88.2037124633789,88.92074443852461,87.05820519877473,88.14250266079458,13434000
2020-09-10,87.2943115234375,89.55908106182746,87.1281677589768,88.6671657750444,15922800
2020-09-11,88.37860107421875,88.63218646357204,87.08444230637582,87.41672983032701,13784300
2020-09-14,89.6028060913086,90.46848956511955,88.6409348235888,88.76335443922393,19017400
2020-09-15,86.8133773803711,89.93509106454988,86.69095775913813,89.83016377284677,23683000
2020-09-16,87.1806411743164,88.43107595165559,86.3586817668928,86.94454808326383,19270600
2020-09-17,86.18379974365234,86.86585392648905,85.440535741109,86.3062193830656,18290100
2020-09-18,86.00015258789062,86.99700183019809,85.20442509544492,85.59791575953574,20121600
2020-09-21,83.34188842773438,83.98897117694203,82.0389901075083,83.24570063180808,28378800
2020-09-22,82.4324951171875,83.64795868874097,81.9078385663278,83.03585381992966,19257000
2020-09-23,81.09459686279297,83.37685858571233,81.02464756708002,82.8784339951534,19952700
2020-09-24,81.024658203125,82.45872235969632,79.90538259700455,80.72734863968655,18366500
2020-09-25,81.73294067382812,81.95154808691898,80.3338545643204,80.49125216860058,13293100
2020-09-28,84.08515167236328,84.75845951402013,82.5024295949542,83.12327379661313,20894100
2020-09-29,83.37686157226562,83.97147397101809,82.48494630982118,83.97147397101809,12848200
2020-09-30,84.18133544921875,84.99455525173047,83.2981663482884,83.37686181077254,16400600
2020-10-01,84.79344177246094,85.49298146938231,83.9714757904255,84.92460755043638,15778700
2020-10-02,85.59791564941406,86.21001371973868,83.14951002537836,83.28942196794891,15149600
2020-10-05,87.4071273803711,87.59246074624937,86.07448453055224,86.77169484977472,13871900
2020-10-06,86.50694274902344,89.0133707128966,86.05685024630864,88.31616028327318,19220400
2020-10-07,88.01608276367188,88.56325552723976,87.08058189918292,87.33652037028918,16358500
2020-10-08,89.82530212402344,89.94885771081037,88.16612229197422,88.70447452009209,15659000
2020-10-09,89.31343841552734,90.11655658237153,88.35146881342217,90.01947621641729,13689100
2020-10-12,90.40779113769531,90.9020135225876,89.00454296162616,89.22517891677806,16058000
2020-10-13,88.94276428222656,91.0961733378202,88.4838444626988,90.90201262188636,21697300
2020-10-14,88.44854736328125,89.95769656675286,88.3426396753397,89.16340574037955,15204100
2020-10-15,89.77235412597656,89.82530459797947,87.40713653290995,87.46008700491285,17171200
2020-10-16,89.58700561523438,90.31069112128056,88.88979534071967,89.49875259903821,13275000
2020-10-19,88.07787322998047,89.90473861206138,87.86605787171399,89.6664480173303,11725700
2020-10-20,88.58092498779297,89.81648094011233,88.36028903441095,88.52796778035432,11257100
2020-10-21,87.69837188720703,89.12808840442284,87.66306933041137,88.57208828475827,10730500
2020-10-22,90.79611206054688,91.11382839639427,87.64543067445645,87.65425799858428,14837200
2020-10-23,91.61687469482422,92.18170221881186,90.84023853266,91.34328825662635,15087600
2020-10-26,89.34873962402344,90.63725286782451,88.47502307695959,90.59312971423515,12410700
2020-10-27,87.66307067871094,89.06631198323109,87.51303985997752,88.70447255374025,10391700
2020-10-28,85.20077514648438,86.75405404480875,84.78597850318685,86.04801634558645,16389500
2020-10-29,85.75679016113281,86.47165530721388,84.05348014465926,84.83012309513985,14208800
2020-10-30,86.52459716796875,86.85996139654779,84.92719500385343,86.40986889502,15194500
2020-11-02,88.4749984741211,89.03099853431915,86.3657197474149,87.71601041737698,15011600
2020-11-03,91.26386260986328,92.43764081113707,90.62842996158787,90.91966431431808,17482600
2020-11-04,88.4749984741211,90.08122760352232,87.31004115755837,89.13690619337886,18886500
2020-11-05,92.09343719482422,92.75534499459526,89.13691703583504,89.18986750516895,17837400
2020-11-06,90.86671447753906,92.75535778805185,90.36366474965996,92.69357998755004,12552800
2020-11-09,103.16938781738281,104.93447569541065,97.38872232353125,99.86867537078798,47792400
2020-11-10,102.8340072631836,103.65477331958992,101.21895712203425,103.56652028053796,20539300
2020-11-11,101.29837036132812,103.22231600211983,100.5746847569904,103.16053820906446,14443400
2020-11-12,100.05400085449219,100.57469850524033,98.89786380745203,99.3126605032143,22063000
2020-11-13,100.68058776855469,101.36897078308745,100.23048859240859,101.22776055791451,11847900
2020-11-16,103.52239227294922,104.67852251684623,102.1367987516576,103.954836857317,19858600
2020-11-17,102.47216796875,102.76340905809693,101.12187694231007,101.83673531318408,14553200
2020-11-18,101.7131576538086,104.67850491452513,101.66902777713516,103.55767068644852,12571200
2020-11-19,101.98677062988281,102.2162339285262,100.22168283506574,100.76886247543824,10202500
2020-11-20,101.113037109375,102.06618597480664,100.68941314698056,100.9894815231088,12718900
2020-11-23,104.02545166015625,104.29021078953723,101.9955980018574,102.4192220354528,13209200
2020-11-24,108.83528137207031,108.99413949653791,105.64929829427885,105.96701454321405,20121600
2020-11-25,107.69681549072266,108.00570446447105,106.32004936014435,107.11434010212209,11715600
2020-11-27,106.98197174072266,107.97924391540408,106.8584161344179,107.67035489964218,5983600
2020-11-30,104.03425598144531,106.5406837605849,103.93717562920516,105.90525117620375,14411800
2020-12-01,105.6758041381836,107.29968840684317,105.5787237710383,106.20532912870988,12668900
2020-12-02,107.70565795898438,107.94394184844708,105.26100759454273,105.64050173944673,10811300
2020-12-03,106.9996109008789,107.57326573079874,106.22297476289937,107.53796316998944,12904400
2020-12-04,107.97042083740234,108.80884160832994,107.39677267125943,108.09398318184208,13583700
2020-12-07,107.56444549560547,107.82038402838256,106.0905988343869,106.92019223488677,9724300
2020-12-08,107.67034149169922,107.96158255598236,106.57598908644476,106.82310026828209,9592100
2020-12-09,106.83193969726562,108.81766343339864,106.29358739014087,108.70292841934797,13073900
2020-12-10,106.14354705810547,106.59364631193158,105.51694172562514,105.89643585467945,13668400
2020-12-11,105.51692962646484,105.92289894743905,104.4667071323287,104.96975680541352,9981600
2020-12-14,104.40494537353516,107.15847801404693,104.23725987899482,107.08787288652725,12112400
2020-12-15,106.18765258789062,106.6995295251628,104.68733106363634,105.27863369810224,12590200
2020-12-16,106.49656677246094,106.8584129897589,105.78170839512396,106.1700298510973,11169400
2020-12-17,105.61402893066406,107.18495602558893,105.53460321010697,107.01727725998761,11618000
2020-12-18,105.09332275390625,105.79935379044714,104.37845766031678,105.14627322999614,28954800
2020-12-21,109.03828430175781,110.31797006115742,106.86722072567264,108.7029133634762,28323600
2020-12-22,107.37909698486328,109.01180158389401,107.32614651424564,108.89707331979763,11788200
2020-12-23,110.37974548339844,111.65943121530222,107.97922542912224,108.35871950730964,14973200
2020-12-24,109.89434814453125,110.8033738907517,109.05593424972825,110.39739782806798,4164900
2020-12-28,110.6180191040039,111.77415587714202,110.13262413100514,111.0416430234121,8072600
2020-12-29,110.32678985595703,111.44761739265819,110.22088218794607,111.37701228065089,8389200
2020-12-30,110.63568878173828,111.0681333485521,110.22971945099628,110.75041704914102,7398000
2020-12-31,112.14484405517578,112.37430733597853,110.15912044039541,110.39740431152804,8580200
2021-01-04,111.08577728271484,112.84203734995936,110.12380115413005,112.52432108118586,16819900
2021-01-05,111.69022369384766,112.26800972604126,110.01908829108679,111.10354676774693,13731200
2021-01-06,116.93475341796875,118.01921209226016,113.6724864995671,115.45029260790517,24909100
2021-01-07,120.7748031616211,122.83705706598289,119.93035112252937,120.61480771914489,21940400
2021-01-08,120.90812683105469,121.2014653253229,119.21920946074052,120.86367913855378,12035100
2021-01-11,122.71259307861328,122.84592259383729,119.21032646772622,119.6281103668035,15937900
2021-01-12,124.64147186279297,125.9214891372215,123.40590226996811,123.94813143306553,18033500
2021-01-13,124.75704956054688,125.14815394501903,122.75702569660635,123.19257776853871,14816800
2021-01-14,125.4859390258789,126.89040184378749,124.44592825310156,124.88149388485813,18565600
2021-01-15,123.2370376586914,125.91262052095655,121.78812699790548,122.1614631951845,27881000
2021-01-19,122.7037124633789,125.0681889946871,122.5081670017044,124.32151647854771,19843800
2021-01-20,120.86371612548828,122.81929312219421,120.39260028057616,122.5081863065453,16028800
2021-01-21,119.85033416748047,121.03257225789449,119.3970002563495,120.61478836265302,13411700
2021-01-22,118.92586517333984,119.46809444296224,117.51251813996583,117.94808380360703,12933200
2021-01-25,117.44140625,118.37475350645315,115.61027531529,117.45918803909814,14212800
2021-01-26,116.96139526367188,118.37474218232137,116.74805450549604,118.00140602816093,11307800
2021-01-27,113.65470123291016,115.42361628607573,113.20136054665392,115.1924937138195,17603900
2021-01-28,115.65472412109375,117.48585507345447,114.65916093849711,115.46804924259133,13761800
2021-01-29,114.37471008300781,117.08585657994841,113.94804207213026,116.61474087629513,14808100
2021-02-01,115.21916961669922,115.61918531462176,114.20582454659575,115.02361060636939,11080700
2021-02-02,118.76586151123047,119.45920202898901,116.64139227070775,117.28140098918178,12253600
2021-02-03,120.12588500976562,120.67699839211176,118.67697439852961,118.80141979336682,10600800
2021-02-04,122.890380859375,123.25483298371756,120.41924083205934,120.41924083205934,12419500
2021-02-05,122.6503677368164,123.99261486520305,122.11703609438219,123.90371947636467,10051300
2021-02-08,124.57035827636719,124.71258543207793,122.82810952773079,122.84589131307666,10136400
2021-02-09,124.07261657714844,124.42817101690103,123.1481533321398,123.93927348959188,8614800
2021-02-10,124.14373779296875,125.21929885549294,123.59261074495309,124.44596044165048,10323200
2021-02-11,123.79702758789062,124.93481777480753,122.86368047237298,124.14369782353673,9201000
2021-02-12,125.55707550048828,125.87707991687152,123.55705128897608,123.60149898416059,8324600
2021-02-16,128.5792999267578,129.1748744937451,126.57927616566288,127.60151867056224,12130600
2021-02-17,128.97933959960938,129.22823040679958,127.21930859565214,127.95709690394158,10810100
2021-02-18,129.41490173339844,129.59267895748513,127.4682092553471,128.00155449113996,10587800
2021-02-19,131.57492065429688,132.30381126253837,129.65489429129326,129.65489429129326,11969800
2021-02-22,132.81051635742188,133.50385708493332,130.48158976371016,130.55270337211311,11488400
2021-02-23,133.87718200683594,135.38830875757338,132.97050053098036,134.67718629736376,16234400
2021-02-24,136.23275756835938,136.67720740018513,133.4327290532701,133.4327290532701,15061400
2021-02-25,134.38381958007812,137.69052679730055,133.85937213157192,137.13052933683204,18127700
2021-02-26,130.8193359375,134.10826132828632,130.23265902054882,133.60159567348651,19829200
2021-03-01,133.7793731689453,134.56160906003015,131.98379240237776,132.9082554670289,14845500
2021-03-02,133.3438262939453,134.9171824094661,133.19271498709767,133.40605577745816,14221700
2021-03-03,135.92164611816406,137.76166130517868,134.06384914070298,134.42828768189742,14324100
2021-03-04,133.8327178955078,137.22832078386452,132.10825054915125,135.65496473769483,20093900
2021-03-05,134.1438751220703,136.437238285818,131.53050748050816,136.19723153657347,18465100
2021-03-08,135.92164611816406,138.18834289470172,134.00161965590638,135.53052810953395,17133300
2021-03-09,134.96165466308594,137.11279049410518,133.17497099559748,134.6683161092832,16238800
2021-03-10,137.89500427246094,138.81056980847097,134.67717838095317,135.03274637192385,14342200
2021-03-11,137.17498779296875,138.80166206589328,136.32163824005414,136.9883129158049,11771500
2021-03-12,138.8016815185547,140.11726282882015,137.84168178683964,139.4328062680027,12849500
2021-03-15,138.10833740234375,139.48613460369765,136.8549991757944,138.97946884478037,12101100
2021-03-16,136.4549560546875,137.42386680868665,135.28161577896543,136.97051938737124,12805600
2021-03-17,137.8594512939453,139.4505893534032,136.04610187289762,138.08167621906813,13952400
2021-03-18,140.13504028320312,143.72620287188585,139.65504038574312,140.09060614649175,21898500
2021-03-19,137.90390014648438,138.61502262553896,134.39274901284801,138.23278869808968,54418800
2021-03-22,134.19720458984375,136.86390400372917,133.8772001176361,135.823892859938,19944800
2021-03-23,132.8549346923828,135.2193972223636,132.41048491075418,133.62827297208673,17076300
2021-03-24,133.8860321044922,136.16161254818184,133.21047339887474,133.3349187805287,13079800
2021-03-25,135.60162353515625,135.97495970330732,132.7393660158012,133.3349270623896,15608300
2021-03-26,137.8594512939453,138.1794557286635,135.60165202265196,137.15722649851173,16754400
2021-03-29,135.7172088623047,136.65055632312152,134.25941379827418,135.21942716681144,17570300
2021-03-30,137.3171844482422,138.55275415208877,136.78385291166003,137.29941622482664,13184300
2021-03-31,135.31716918945312,137.3260907713222,135.21938970039287,136.2505163916593,16736700
2021-04-01,136.6327667236328,136.70386675741094,134.7127402868598,135.02384701611751,16561500
2021-04-05,137.35702514648438,138.537289988232,136.44501719795406,138.05444940991035,13508000
2021-04-06,136.39137268066406,137.94717278640667,135.78336731456554,136.61490647292146,13071600
2021-04-07,138.5283203125,138.79656352435893,136.48969373183846,136.89206537133512,16903500
2021-04-08,138.69821166992188,139.0469237612015,136.18569459641782,137.6967848731018,12335500
2021-04-09,139.7354278564453,140.41496559902774,138.56411309594606,139.31518328144534,12122400
2021-04-12,139.44033813476562,140.60271626019448,139.10057614247066,139.10951258004656,12273400
2021-04-13,137.77723693847656,138.76972717618744,136.2929698003837,138.36736921893498,16113600
2021-04-14,135.20216369628906,137.5447931056493,134.9517933363023,135.4346338921266,19939600
2021-04-15,136.0605010986328,136.0873240531744,133.51222491327405,135.23789865805483,17694100
2021-04-16,137.0708770751953,138.15277261791786,136.52545426363108,137.58052685196648,13773400
2021-04-19,136.4897003173828,137.5894961747273,136.10522882178714,137.17818807757604,11900200
2021-04-20,133.46754455566406,135.6849956897781,132.91317153957183,135.67605925078664,13716700
2021-04-21,134.60305786132812,134.66565385131614,131.2500520855103,132.14418695906173,12236700
2021-04-22,131.76864624023438,134.38846840080691,131.67029086266854,134.32587241353102,15256100
2021-04-23,134.29014587402344,135.13063500729734,131.16067318663568,131.59879063108232,14041900
2021-04-26,134.6209259033203,136.31979011596187,134.45998819700785,134.8176366399779,10799100
2021-04-27,135.23794555664062,135.52407536219712,134.21863200033067,134.56734417371513,12821200
2021-04-28,136.11416625976562,136.70429862997995,135.3720325778447,136.2929905298077,8943700
2021-04-29,138.76080322265625,138.841272092663,136.98146978425902,137.28547238878426,12976900
2021-04-30,137.5269012451172,138.13492013561824,136.8115905212289,137.7862080336926,11705100
2021-05-03,137.12451171875,139.0200731045971,136.91886453753798,138.45677746532814,11801100
2021-05-04,139.02008056640625,139.16314541467358,136.0336734867538,136.68638809727804,12977700
2021-05-05,140.84414672851562,141.5236844058288,138.2600971662968,139.4850577304722,10506700
2021-05-06,143.67855834960938,143.79480026794354,140.52226282481345,141.33592896631728,13542400
2021-05-07,144.17031860351562,144.40278876978147,140.39706817081338,140.5758924251268,14257800
2021-05-10,144.15245056152344,146.39672457415693,144.0630316011976,144.40280727833445,14014300
2021-05-11,141.75616455078125,145.19858994401613,141.3090970266426,144.02727521371975,15451700
2021-05-12,140.78150939941406,143.7589796640391,140.40597445298565,142.7128436754,14381700
2021-05-13,144.40277099609375,145.25219633209377,140.98716949242464,141.43423689488932,15395000
2021-05-14,146.64706420898438,147.04048575912242,144.8409214828651,145.19856999567267,10584000
2021-05-17,147.23719787597656,147.3981492585981,145.77081713063637,146.0748197336348,9886800
2021-05-18,145.16282653808594,147.97934640504445,145.06447113975372,147.2461491368557,11098100
2021-05-19,144.05410766601562,144.11669002894143,141.84559285976906,143.95575225848737,13278900
2021-05-20,143.8037109375,144.72466875033132,142.63239645574842,143.8037109375,10426000
2021-05-21,145.44003295898438,145.94074648133258,143.90211934410334,144.2597679619463,10249000
2021-05-24,146.22683715820312,146.84379251334823,144.95716704972992,146.06589940125284,9440300
2021-05-25,144.71572875976562,148.15813969459552,144.45642201684166,146.50399843294943,12609100
2021-05-26,144.69786071777344,146.40566174813407,144.23290672322454,146.25366044371583,13058300
2021-05-27,146.95114135742188,147.3087900184591,145.35958162198907,146.59347905296278,15707500
2021-05-28,146.85272216796875,147.47861387474242,145.97646013506963,147.2461300669294,10291300
2021-06-01,148.47113037109375,149.24008707324407,147.96146683486256,148.3101789647087,9445400
2021-06-02,148.4800262451172,149.71393666442867,148.00613588129184,149.55298530201583,10498600
2021-06-03,148.57839965820312,149.54406701966565,147.22826082573914,147.89886202313676,13354400
2021-06-04,148.81985473632812,149.02550199816585,147.5591209157631,148.6142074744904,8510800
2021-06-07,148.1223602294922,149.40991640263087,147.65740635732254,149.32049747372452,7267200
2021-06-08,147.53228759765625,148.21182534405114,145.88708233159375,147.0762836203487,10370700
2021-06-09,145.69032287597656,146.83481430007407,145.10019064821608,146.76328188064124,12377400
2021-06-10,143.41925048828125,147.74687431598767,143.33878161160976,146.96003113941967,12119400
2021-06-11,143.3208770751953,144.13454310837267,142.2210949686794,143.44605541542137,13683800
2021-06-14,140.88885498046875,143.35666260721075,140.075188876368,143.1957112166531,19917900
2021-06-15,138.75186157226562,140.30766137067712,137.8130307449762,140.11095058087508,24485500
2021-06-16,139.7264862060547,140.93356032128352,136.90101621160215,138.34951060724393,25321200
2021-06-17,135.69390869140625,140.7904885804228,135.23790480007375,140.46859946788928,29722400
2021-06-18,132.26043701171875,133.8519960932788,131.93854789166076,133.49434757917714,43595700
2021-06-21,134.50469970703125,135.19318736563076,133.24397993030598,133.29762583866682,18664800
2021-06-22,134.30799865722656,134.98753621558683,132.92208694369646,134.6567106947741,14251200
2021-06-23,135.12168884277344,135.94429147867052,134.20073080239854,134.29908620687638,12733300
2021-06-24,136.36451721191406,136.90994008074668,135.21108912191286,135.83698086235603,13733200
2021-06-25,137.74151611328125,138.14387418318927,135.61347019039047,136.43607285252344,15484900
2021-06-28,137.99185180664062,138.1259665950162,136.01580751626676,137.4285424086294,14125800
2021-06-29,137.82192993164062,139.76220070351306,137.3480396052273,138.59088636300416,14528700
2021-06-30,139.07374572753906,139.55658624643382,137.43749075633116,137.47325015164122,12531000
2021-07-01,140.45071411132812,140.50436002329147,138.96644687773437,139.71751693205312,10479400
2021-07-02,140.3157958984375,140.57659689899137,139.4974411646149,140.24385126801005,11424000
2021-07-06,137.95968627929688,140.09099307185,137.00644381042565,140.09099307185,15083400
2021-07-07,138.1215362548828,138.74204670152014,136.28699615885705,136.7006606419249,12271800
2021-07-08,135.7384490966797,137.16831284044406,134.92908216323835,136.34097003797592,17834600
2021-07-09,140.08201599121094,140.42373590601454,137.2132867060306,137.63595292358596,13694500
2021-07-12,142.08738708496094,143.13056359988568,138.436283004759,138.8049940746602,19940400
2021-07-13,139.97409057617188,141.53885572910312,138.0406279857084,140.33381380088832,22671700
2021-07-14,139.49746704101562,141.43993125677287,137.5460148905509,140.24387728286783,14622800
2021-07-15,139.80323791503906,140.76546838480738,138.22048316545678,138.4003379173535,11539300
2021-07-16,136.61077880859375,140.5406611202064,135.81041341574257,140.2528962316731,14002700
2021-07-19,132.1682891845703,134.73126413005997,131.0351918383957,133.58916512649398,22172900
2021-07-20,134.63232421875,135.90030903838408,131.59272838122195,131.76359518468584,15385200
2021-07-21,137.465087890625,138.1755189784023,136.11615663972472,136.736667210665,12356700
2021-07-22,135.72946166992188,137.98668217483743,134.86615331685397,137.48308334854133,9913300
2021-07-23,135.4686737060547,137.44710353839187,135.11795211633145,136.22407194206798,9666100
2021-07-26,136.37693786621094,136.65572850541665,135.0459962671323,135.06398585850891,8208000
2021-07-27,136.19708251953125,137.13234915847445,134.7132637053717,135.2528279459581,11218700
2021-07-28,136.42190551757812,137.38414969044712,135.68449693270267,136.95248182794478,9217300
2021-07-29,137.59097290039062,138.37334855132147,136.61075292268976,137.71687258815004,9063500
2021-07-30,136.49388122558594,138.19353437014962,135.97229273121707,137.21331410478578,9805200
2021-08-02,135.94528198242188,138.89494371659205,135.85536147076834,136.71866973723706,10203200
2021-08-03,137.4920654296875,137.87876619043868,134.46147094345687,136.6467329835246,10394800
2021-08-04,136.0082550048828,137.9237281695213,135.71148846454972,136.01724294051505,10155000
2021-08-05,137.7259063720703,138.2115294165498,136.70071893844195,136.9435304606817,9151500
2021-08-06,141.63778686523438,141.92556546322172,139.48849020390696,139.56043485340382,13328800
2021-08-09,141.48492431640625,142.5820563215432,140.19893587148266,141.6557911614417,9516900
2021-08-10,143.22052001953125,143.868008106939,140.56762468136682,140.9543254356422,8667000
2021-08-11,144.92916870117188,145.2349231408109,143.0586491589677,143.88599196612844,9156500
2021-08-12,145.49569702148438,146.01728534081755,144.38058946887352,145.57664331323537,8844200
2021-08-13,143.8679962158203,145.82844990788922,143.49929880593996,145.49570423472724,8980900
2021-08-16,142.9237518310547,143.01368606737984,140.990289248405,142.93275348790993,8755800
2021-08-17,141.1970977783203,142.8607848162637,139.63234661691783,141.7007102061882,9347200
2021-08-18,139.91114807128906,142.09641006558167,139.6953141357138,140.5676240908615,8065500
2021-08-19,138.74205017089844,139.89313687209776,137.5999514031956,137.734852737858,9517700
2021-08-20,139.13775634765625,139.29962150322518,137.73487011124178,138.8050243798506,6974100
2021-08-23,140.91835021972656,141.26907180011122,139.6053981380972,139.68633072079248,7934600
2021-08-24,141.79061889648438,142.581996066618,141.0711863529115,141.188098086327,7670900
2021-08-25,144.71336364746094,145.48675155747188,141.90759063534696,142.54607716775072,11335000
2021-08-26,145.45977783203125,147.3302977963925,144.92019975156606,145.91840959499825,11027500
2021-08-27,146.62884521484375,146.72776739924666,145.01911273429127,145.45976859609317,8780200
2021-08-30,144.2816619873047,147.02449109898262,143.77806327605282,146.7726917433567,7937600
2021-08-31,143.84100341796875,145.11798975976197,143.3014392617094,144.28165914264403,12340800
2021-09-01,143.63418579101562,144.56943865690684,142.95972023554393,144.08382949466343,8729900
2021-09-02,144.29966735839844,145.3338424162544,143.37338867927983,143.9039786928419,8813300
2021-09-03,143.42735290527344,144.68634978119303,143.1215847593757,144.23670607950223,7959700
2021-09-07,143.17556762695312,145.1270198377841,142.95074575397206,143.87701077289097,9285600
2021-09-08,142.53707885742188,143.50831107293735,142.12340054039075,142.88780045841028,7852700
2021-09-09,143.15756225585938,144.63239303117507,142.15935270096642,142.33021950112487,7904300
2021-09-10,141.5118865966797,144.5334932533434,141.38598689107033,144.38960395492163,8311600
2021-09-13,143.76011657714844,143.9309834170222,142.15039780757337,142.56406242007205,10052800
2021-09-14,141.25108337402344,145.09103082453413,140.52264902840076,144.29066555982405,11685600
2021-09-15,142.2313232421875,142.70794454941245,140.71152507603884,140.93634696518416,11691500
2021-09-16,142.16836547851562,144.65040789848626,141.38598970111045,143.35543163103011,10880900
2021-09-17,141.79965209960938,142.9957061692159,141.18814316166615,141.52987681642196,25581600
2021-09-20,137.55502319335938,138.99387497222486,135.33378195193464,138.3913539888074,15819900
2021-09-21,137.572998046875,138.98488600988037,137.21328853532674,138.06760891678258,8999900
2021-09-22,140.2078857421875,141.4129274266524,139.47946522728014,139.56938572374213,11236200
2021-09-23,144.9471893310547,145.4238244509054,141.79069434748246,142.0874609442008,12336100
2021-09-24,146.619873046875,147.11448406837204,144.62346680726944,145.18102083766112,10102400
2021-09-27,150.1630401611328,150.5407393078848,148.03173293230395,148.38245454871935,13220900
2021-09-28,149.3536834716797,152.24939058748603,148.97598433336228,150.81052496548105,13387900
2021-09-29,149.23675537109375,150.09107573732024,148.41840046656566,149.47057889926637,7777100
2021-09-30,147.20437622070312,150.17202777861857,146.3950092201597,150.10907106569294,13161200
2021-10-01,150.29791259765625,151.35007724432674,147.12342906687073,147.48313855012933,11285000
2021-10-04,150.1360321044922,153.2745501418958,149.03890035374536,150.15402169507215,14120000
2021-10-05,152.58778381347656,153.9267454120487,150.78741311867404,151.27596230236222,12292900
2021-10-06,152.9134521484375,152.98583030401397,150.1812354454926,151.98160582806307,8692600
2021-10-07,153.8815155029297,155.16619699480654,153.3839241985734,154.88574020636702,10195400
2021-10-08,153.9991455078125,155.01241239644426,153.16681716290412,153.81820696408911,8190100
2021-10-11,150.7602996826172,154.9671796389542,150.59745912908355,154.52388226229496,12154700
2021-10-12,149.6022491455078,150.80551030031558,149.06847568874522,149.95508408528423,13032600
2021-10-13,145.6577606201172,149.6475199850201,145.29588350692694,148.4352164706331,22753500
2021-10-14,147.89234924316406,148.38088460173358,144.8072972534949,146.33625320516708,15176800
2021-10-15,150.733154296875,151.23978774082292,148.49852808146292,149.59322904799222,14267400
2021-10-18,150.67886352539062,152.5425566223972,150.09985194375048,150.61552744698506,12672900
2021-10-19,152.50636291503906,152.578727278142,150.7059922277454,151.44784428970416,8053900
2021-10-20,154.56004333496094,154.58718342350878,151.5021449858674,152.26209507465578,8185600
2021-10-21,153.34774780273438,155.00336231168492,152.60588186556214,154.48767299369078,8415200
2021-10-22,155.4104461669922,155.69090290953548,153.52865541783933,153.82721015159518,8817900
2021-10-25,154.6505126953125,156.47802347056177,154.2343416813497,156.25184687279858,10159200
2021-10-26,155.0666961669922,156.0528367918449,154.2886479867259,154.70481907117238,8015100
2021-10-27,151.83688354492188,154.43338661128996,151.3935724194366,154.0896075511598,9847000
2021-10-28,154.12579345703125,154.26149390447515,151.95450346957858,152.26210035360145,7212900
2021-10-29,153.7006072998047,155.82667338118821,153.24825398927436,154.86767276689284,8140100
2021-11-01,153.619140625,155.9080465806696,152.9044148795575,155.64567400914953,7435500
2021-11-02,154.22528076171875,155.3290235284533,152.82298326581284,153.61912921026985,7173800
2021-11-03,154.2796173095703,154.8224467982024,153.03111776855292,153.91774018696717,8402700
2021-11-04,152.25308227539062,153.98107536063011,150.62462128263502,153.80013678418265,9574200
2021-11-05,152.03591918945312,153.8815142430991,151.4569076231402,152.80491137650367,7975600
2021-11-08,152.94969177246094,154.63244655867973,152.66019284613958,152.94064967638823,6413700
2021-11-09,151.79165649414062,152.41590619212656,150.7241094431754,151.402639322773,7990300
2021-11-10,151.6468963623047,152.85015764205008,151.16740303037855,151.49309791666096,6999200
2021-11-11,151.63784790039062,152.6058766187333,150.9955002499307,151.55642763341996,5815300
2021-11-12,150.95932006835938,151.75546616856482,149.92795525887732,151.67403209578927,8113400
2021-11-15,150.68789672851562,151.80068174223248,150.18126335006644,151.27596417507027,6492500
2021-11-16,149.6022491455078,151.14930314589606,149.38511464229003,151.14024724697617,9706100
2021-11-17,148.79708862304688,149.78321545763154,147.82000388433607,149.46657644532831,9909600
2021-11-18,147.51239013671875,149.14086451542755,147.06907900440427,148.7246934723645,8122500
2021-11-19,145.58535766601562,146.6619605309602,144.25543810399287,145.92915052836085,12193600
2021-11-22,148.68853759765625,150.16319999190495,147.45813604989038,148.5166411321649,14549900
2021-11-23,152.24398803710938,152.49730471832464,149.61128916656108,149.7289054130981,12354400
2021-11-24,151.0498046875,153.2934729625774,150.57935343789924,152.40686444983908,9629800
2021-11-26,146.49911499023438,147.1505047660376,143.6854910648092,146.6891094268126,13619300
2021-11-29,145.86582946777344,149.0775403992359,144.59020375642743,147.7476207003056,12104400
2021-11-30,143.69451904296875,145.3229933224902,143.20596985675027,143.99307381127468,18922600
2021-12-01,142.8441162109375,147.71144185326227,142.76269593480916,145.65775412542513,12253400
2021-12-02,145.84774780273438,147.69334307550957,143.66740172199223,144.59924835646729,12969900
2021-12-03,143.2059783935547,146.40864696831855,142.21080957793495,146.11009218221517,12681800
2021-12-06,144.8977813720703,147.1143093069571,144.26448964849183,145.6667735347284,11186500
2021-12-07,147.07814025878906,147.8199923998783,145.80250079862995,146.45389057382928,9851600
2021-12-08,145.3953857421875,147.71143214241877,144.90683650808296,147.15956063261947,11705700
2021-12-09,145.16920471191406,145.59440404796104,143.5316744225979,144.43638088301066,11189600
2021-12-10,144.59017944335938,146.2910180407307,143.96592983600644,145.94723900552705,10405400
2021-12-13,142.87124633789062,144.5630430459461,142.29223474015276,144.30068423958966,12069000
2021-12-14,143.96595764160156,145.55823619904388,142.31034299942462,142.4460434599611,12563600
2021-12-15,142.88934326171875,144.61733594683685,142.3555697531405,144.61733594683685,14014200
2021-12-16,145.12396240234375,146.39960178751673,143.57690832600477,145.10586440833944,19542800
2021-12-17,141.82179260253906,144.19213313060055,140.39235460912488,144.13785294681827,28082000
2021-12-20,139.27052307128906,139.95809505270847,137.37063386867038,139.78619860617215,15148000
2021-12-21,141.21563720703125,142.20176399939373,140.31093068822693,140.60044340051277,11291300
2021-12-22,141.76751708984375,142.09321200799508,140.44665322519938,140.9080486072776,7273000
2021-12-23,142.27415466308594,143.95690948792532,142.2289303769577,142.59080749434648,8055200
2021-12-27,143.08840942382812,143.12459161634123,141.44183666755444,142.58177590027566,6188100
2021-12-28,143.52264404296875,144.88874594000137,143.0160105925388,143.12457095913774,6342300
2021-12-29,143.45025634765625,144.41829890136736,143.0793233800814,143.71262895583365,6398900
2021-12-30,143.3778839111328,144.97017620455313,143.27836564279406,143.94785343022994,6948200
