Date,Close LLY,High LLY,Low LLY,Open LLY,Volume LLY
2020-01-02,123.44923400878906,123.49590940730968,122.06729456919568,123.03838791851426,2204200
2020-01-03,123.03840637207031,123.6920187738651,121.60044484044002,121.66581320446039,1963500
2020-01-06,123.49596405029297,123.77608780376057,122.26343948179579,122.7116289387324,2102900
2020-01-07,123.72935485839844,124.12152227700497,122.97303096196576,122.97303096196576,2448300
2020-01-08,124.84989166259766,125.3167598302501,123.26252849443074,123.68272124346656,5188600
2020-01-09,126.91340637207031,127.32425252718491,125.12996703858734,125.63419250083959,4522800
2020-01-10,128.8555908203125,129.10770357431224,126.54926135204732,126.78269539338848,4177600
2020-01-13,129.7332763671875,130.71370197325106,128.75285076112397,129.0423066286604,5117100
2020-01-14,131.32998657226562,131.563420614696,128.96763520268473,129.7799953587671,4685200
2020-01-15,131.75950622558594,132.30107489215212,130.73239078077376,131.26462721518078,3676500
2020-01-16,132.05825805664062,132.5624834082007,130.58296791104473,132.43176095551453,3794800
2020-01-17,130.33082580566406,132.34769826112307,130.12540281958903,131.5446850194686,5393200
2020-01-21,131.57276916503906,132.18903846619548,129.25709316936343,130.25619772557312,4849500
2020-01-22,132.1796875,132.82396772500894,131.36734160638855,131.8902315722848,2742100
2020-01-23,131.85287475585938,132.34775372579662,130.61100409147753,131.89021792912493,3138700
2020-01-24,129.85470581054688,132.58121392319651,129.50921371312236,132.45049141942854,3183300
2020-01-27,129.14505004882812,129.88270961700007,128.239324805488,128.239324805488,2826400
2020-01-28,130.03211975097656,130.61104597987193,129.07037244452872,129.49989743708426,2649100
2020-01-29,130.64833068847656,131.7874896722432,129.76128439722999,130.26549553459046,2815500
2020-01-30,133.21615600585938,134.1965819688846,128.94898853023565,129.02367489615747,5243400
2020-01-31,130.38693237304688,133.3842320733293,130.2281989166254,133.3842320733293,3913500
2020-02-03,131.6568145751953,132.1890510900263,130.42427585517711,131.21795738679654,5137800
2020-02-04,133.9351043701172,134.5233626543963,132.38509907204687,132.87064581855793,3177500
2020-02-05,137.58602905273438,137.5953612851805,134.95288623924637,135.1863202795478,4060900
2020-02-06,137.53933715820312,138.07155935263913,137.08180131748776,137.95018334208095,3285000
2020-02-07,136.70828247070312,137.46460630289405,135.74653559178384,137.46460630289405,2670400
2020-02-10,135.86790466308594,135.90526207750668,131.76880466266817,132.12362886127022,4892100
2020-02-11,134.69149780273438,136.1948142233345,133.69239285189266,136.0734239121547,2976400
2020-02-12,134.00045776367188,135.29835032609716,133.98179330067416,135.08359502016998,3953200
2020-02-13,133.09007263183594,134.9109122670682,133.0806777065511,134.0849608478208,3455500
2020-02-14,132.45181274414062,133.57811516503,131.9356075096849,133.5124079844817,2273700
2020-02-18,132.34852600097656,133.24018418253493,131.89801377133824,132.35792092174594,2858200
2020-02-19,132.1796417236328,133.12759819825223,131.7385099182329,132.92111036076582,3082800
2020-02-20,133.27777099609375,134.03801514483777,132.52690745011944,132.93050251371213,3417000
2020-02-21,133.31529235839844,133.88782413502278,131.71033585643022,132.65829220199245,2900900
2020-02-24,129.66421508789062,132.89291748508066,129.4014150622149,130.72481011249232,4727400
2020-02-25,127.09254455566406,130.67789643992634,126.35106170004448,130.40571577644562,3401600
2020-02-26,125.32801818847656,128.60365269700443,125.1215303786823,127.67445755293022,4659000
2020-02-27,121.25460815429688,126.39799945449705,121.12320811704274,125.14031133770325,4292800
2020-02-28,118.38258361816406,119.01143495546536,114.04636725262269,118.61722760888007,7898300
2020-03-02,124.680419921875,124.83059550400986,118.45766424267113,119.89368423319773,7355700
2020-03-03,122.30579376220703,127.31778442316396,120.78530575353045,125.09336465913292,6936600
2020-03-04,131.75730895996094,132.20782144872754,124.8306132080804,124.85876934353244,5301900
2020-03-05,131.5413818359375,133.19328427402147,129.08231802482663,129.88011311790393,6882100
2020-03-06,132.77093505859375,133.61564752509997,127.22394880681766,127.75892954986368,8010700
2020-03-09,127.38351440429688,132.27348652038148,125.12154318822317,125.78793833742431,5351300
2020-03-10,132.51748657226562,133.2120233259433,126.4449015091491,130.67787215980582,5961200
2020-03-11,131.41940307617188,133.12760378709828,128.95094384720286,130.89380285742527,7211800
2020-03-12,118.27934265136719,128.11562213924185,118.19487424976198,122.75634695560564,7836300
2020-03-13,130.8092803955078,130.8092803955078,120.6163485256288,124.78362659596449,6841700
2020-03-16,121.43294525146484,130.16168899765472,120.3723499825688,122.95343351046014,6619700
2020-03-17,134.40408325195312,134.77012732703412,123.04732199845742,125.02771797428879,8909200
2020-03-18,134.3008270263672,135.15493456390402,125.84426301253006,127.96543946868418,6734600
2020-03-19,124.9150619506836,134.19757694387425,123.06606629888198,133.73768392286317,6554800
2020-03-20,114.8816909790039,124.12666211250826,112.84498300545808,124.04219371912669,9113500
2020-03-23,111.7374496459961,119.08649257257268,109.8696786851587,113.52073790214023,7299300
2020-03-24,115.34159088134766,116.94655479857703,110.19819899936685,115.67009101164038,6827300
2020-03-25,114.449951171875,118.39196721274985,111.8876357327701,112.74174326606041,6472100
2020-03-26,126.0976791381836,127.40229907919878,114.4499486670541,115.71702471240685,6723600
2020-03-27,125.87242126464844,129.15743709062156,122.20258586189354,122.62494217521215,4717400
2020-03-30,129.93641662597656,133.06187529149716,125.30923117625929,125.64711898662715,5057400
2020-03-31,130.19923400878906,133.29653696283063,126.25721857706795,128.5473457833475,7560100
2020-04-01,128.04052734375,128.7632348237834,124.81182383566193,125.76917529946297,3297900
2020-04-02,133.4467010498047,134.0286277874111,124.8587381646464,127.03624090607896,4725000
2020-04-03,131.08152770996094,135.7180954453959,129.9552393732984,132.26412831522657,4013200
2020-04-06,132.9116973876953,134.68560478023238,131.6821655867209,133.53116074928673,4159900
2020-04-07,133.16519165039062,135.90583234960374,131.44759553983056,134.33841186348883,3900600
2020-04-08,137.2385711669922,138.2053032118175,131.869915798033,133.32471132772693,4006600
2020-04-09,136.77867126464844,137.40751544213282,134.73258253685142,135.63360744250295,4415300
2020-04-13,135.54910278320312,137.58581036228534,134.10370248633242,136.06532228977437,2289000
2020-04-14,141.8281707763672,142.2411463646785,135.20182880444892,138.23342422369322,3809600
2020-04-15,141.89390563964844,143.97754540014182,139.3879095647918,139.79150467160648,3614400
2020-04-16,145.22581481933594,146.0329904984677,142.66350715480723,143.49883895936568,3512900
2020-04-17,147.62857055664062,147.98523391762188,143.63024309483396,145.8734385210248,3709900
2020-04-20,148.0978546142578,150.3598255069473,146.05176644583673,147.0091176777042,2562200
2020-04-21,143.2923583984375,146.23010508630023,142.10975810617967,145.86406111573024,4270200
2020-04-22,147.08419799804688,147.61917867711767,144.13707099814783,145.11318338319478,3278000
2020-04-23,150.1064453125,152.5749046521676,144.54069678467255,147.52536144134513,5692900
2020-04-24,152.922119140625,154.77111426075012,150.74463114588283,152.04925068694055,4414000
2020-04-27,151.3828887939453,154.3957234992646,150.84790801989755,153.92643558589296,3210300
2020-04-28,147.63796997070312,152.03049765490638,146.97157487936653,151.0543851655933,3270200
2020-04-29,145.62942504882812,148.32313302088477,145.16951774954984,148.06971354401466,3240700
2020-04-30,145.14137268066406,147.33763679014197,143.86490891829948,145.66697287901454,4175800
2020-05-01,144.1934356689453,145.10385553596896,142.25997139762768,144.27790407189804,2576400
2020-05-04,143.8649139404297,146.4178415542781,141.96898659745435,145.15075835067643,2228500
2020-05-05,148.1917266845703,149.4400341682586,143.36744783439522,144.3529552500996,2862600
2020-05-06,147.05604553222656,149.1772359492108,146.7463281294658,148.72672358730173,1964800
2020-05-07,143.57394409179688,148.00402310053474,143.33930013718802,147.82569140358714,2330600
2020-05-08,144.08078002929688,144.93488752820892,143.17975519300873,144.7283996862405,1966600
2020-05-11,148.81118774414062,149.6746757139169,143.67717725567027,144.0432212246138,3196200
2020-05-12,148.0321502685547,151.4861017303362,147.91013085314003,150.0500821547933,2329400
2020-05-13,148.22927856445312,149.5620688874225,146.45537076348225,147.38456601981215,2650000
2020-05-14,149.35145568847656,149.88895500706664,145.0419644311421,147.0505470808711,2393900
2020-05-15,150.1529998779297,150.41703716865175,147.13542056328248,149.5872118502195,2824500
2020-05-18,148.9553985595703,153.1139928387512,148.1538475811851,152.14270977870453,2703700
2020-05-19,147.7672119140625,150.0586956690948,146.42816166240596,147.90866970007423,2339400
2020-05-20,144.40074157714844,148.4556061123684,142.96738601556686,146.4187490804876,3780800
2020-05-21,143.59918212890625,144.41958262986324,141.18511883357584,144.41958262986324,3049800
2020-05-22,142.54302978515625,143.86321612314873,141.60946019610677,143.5426014966294,2355000
2020-05-26,139.5254364013672,143.10880306178612,138.7710381190341,142.4958625511751,5013400
2020-05-27,137.39425659179688,139.72345349370133,135.4328268644589,139.72345349370133,5376100
2020-05-28,142.0620880126953,143.42944128266157,138.15809211828548,139.02564516271528,3982700
2020-05-29,144.23098754882812,144.88165597328586,141.3925796449404,143.01453112971976,9466300
2020-06-01,143.75949096679688,146.15470476003333,142.2884220299505,145.66434365143374,5233800
2020-06-02,145.08912658691406,145.29658651693646,142.42987533241958,143.41059761778976,3269400
2020-06-03,143.83497619628906,145.58894686209956,142.25075205372823,144.59879957852067,3190300
2020-06-04,142.11868286132812,144.78734417277792,141.17568852432203,143.53317436683727,3328700
2020-06-05,140.70419311523438,143.10881719350687,139.88377824729318,141.16625113721602,4578800
2020-06-08,140.70419311523438,140.74190655804748,138.16753601473644,138.38442068605337,4076400
2020-06-09,140.62872314453125,143.0993632297677,140.60985923249808,141.21337491701954,4302100
2020-06-10,142.39215087890625,143.71233725067944,141.29827394860718,141.4114430582965,4940200
2020-06-11,135.86660766601562,143.56144388216916,134.89532477966964,143.19367671538717,4547400
2020-06-12,135.35740661621094,138.03552158393447,133.40541573702671,137.24339537122486,3973200
2020-06-15,133.45257568359375,134.75389821173616,131.71745499781542,133.90520898081922,3709900
2020-06-16,154.37762451171875,157.8855505545108,146.16413669287036,147.40889624753294,15029300
2020-06-17,150.85079956054688,154.99054396853202,150.31328590200076,154.8679501048739,4711200
2020-06-18,151.8881378173828,153.67982169196355,149.18173369680574,150.1247282389966,3631600
2020-06-19,150.822509765625,153.21770894253342,149.2382718685993,152.98196036890675,6004900
2020-06-22,151.30343627929688,152.27471928107448,149.86065611592036,150.10582945992925,2647300
2020-06-23,150.25672912597656,153.58549831504493,149.88896187358228,151.71837337127036,2771500
2020-06-24,148.07843017578125,150.68108990349646,147.41833688131956,149.51178589300852,3096000
2020-06-25,153.57608032226562,154.07586624142905,147.77667007365793,148.6536480261302,3735400
2020-06-26,153.5477752685547,154.45304180756148,151.04883155021142,153.07627808271093,5290400
2020-06-29,153.4440460205078,154.84911282083172,151.85038322276617,154.50963426989887,2640300
2020-06-30,154.82081604003906,155.75438569026107,153.04799632556328,153.81181949894815,3296300
2020-07-01,153.99098205566406,156.03727809271294,153.2554476050733,154.9528403329566,2065100
2020-07-02,154.52847290039062,155.3771764123503,153.11398143607573,154.71708327346028,1960200
2020-07-06,157.37631225585938,159.29058946203122,154.66048416913452,155.0848430993982,2760100
2020-07-07,157.24432373046875,158.78140928054498,155.84869598053854,156.65023262555275,3273300
2020-07-08,159.48866271972656,160.13933122014717,157.32919727952037,157.32919727952037,2781800
2020-07-09,156.96141052246094,161.01628920452342,154.3776151491333,160.19588870440288,2955200
2020-07-10,154.04754638671875,156.66906933792288,153.46289453670872,156.66906933792288,2245100
2020-07-13,152.8405303955078,157.48006100502963,151.8598081853279,155.22630501889898,3455600
2020-07-14,154.53793334960938,155.3771978252056,152.32189066120472,153.59493891011007,2642900
2020-07-15,156.01841735839844,156.98970041908808,154.55677319099726,155.77324399951885,2346200
2020-07-16,155.5940399169922,156.00895965900273,153.33085963741564,155.54688733013657,1486800
2020-07-17,156.49932861328125,157.72520960011343,155.6977777628602,156.5747554893432,2935800
2020-07-20,157.5177459716797,158.1495647525072,156.2824258630119,156.9991106691029,1806200
2020-07-21,155.87698364257812,157.69695600312826,155.36775858771057,157.3574774295343,1540700
2020-07-22,155.4431915283203,156.3956250695205,153.0762807934925,156.10328472240053,1686500
2020-07-23,152.31243896484375,156.02783870174397,151.62404278568562,155.83922833603174,2408800
2020-07-24,150.4453125,152.26529908056324,149.41745211026245,152.26529908056324,2247900
2020-07-27,151.35061645507812,152.51993480896016,149.54949351618896,150.50192716511728,2709700
2020-07-28,153.37803649902344,155.9807103044655,152.15215526545177,152.45390599728464,3483100
2020-07-29,152.52932739257812,153.7363589404574,151.91638685569995,153.26486179241235,3108900
2020-07-30,144.2781219482422,149.46459038429012,141.87348370464804,149.41743779344503,6638100
2020-07-31,141.72264099121094,144.59877717350096,140.26101098697342,144.4007563808418,5342700
2020-08-03,144.12722778320312,145.07966111898833,142.5995818079547,144.08951434694055,3615000
2020-08-04,146.02267456054688,147.10711226073462,144.362995367138,144.63647177466618,3260000
2020-08-05,145.54173278808594,148.5121733843987,144.56102507431632,148.34242693283332,2386400
2020-08-06,144.1649627685547,146.63560305151816,142.39212900822665,145.07966832455799,2176200
2020-08-07,144.21209716796875,144.7496107726477,142.93906362190484,144.2404002320121,2017100
2020-08-10,144.2781219482422,144.7401943162032,142.8919192333097,144.21210544326897,1745200
2020-08-11,142.04324340820312,144.41015404440154,141.63774835583857,144.41015404440154,2103400
2020-08-12,143.85382080078125,144.438472814554,142.01498431475818,142.19414119168977,2430400
2020-08-13,142.5745391845703,143.74007199214466,141.93964053081464,142.9156725013104,2077700
2020-08-14,142.2239227294922,143.7400740386096,141.33318491981748,141.94912771499853,1538000
2020-08-17,143.5884552001953,144.69713487431451,142.4797755260761,143.0104241435256,2704700
2020-08-18,145.08563232421875,145.12352959535826,143.22834793843376,144.17593876689602,1959700
2020-08-19,144.3086395263672,146.31754245253745,144.04331518011512,145.74898201965874,1938800
2020-08-20,143.40843200683594,144.83930380572122,142.9441216268258,144.5550235870684,1830200
2020-08-21,141.4374542236328,143.41793077737344,140.19611209214702,143.4084456117599,3112000
2020-08-24,141.68382263183594,142.51769295182868,140.48037790912755,142.18604474857796,2268400
2020-08-25,141.83541870117188,143.37999670993383,141.48481464631098,142.47978812153133,2216100
2020-08-26,141.4374542236328,141.62698402677677,139.68441921730252,141.37113035980755,3029700
2020-08-27,141.16262817382812,143.02938354431447,141.13420160141186,142.68825021622837,3146100
2020-08-28,139.6180419921875,141.3331792354515,139.27690868431085,141.03942836515856,2102600
2020-08-31,140.613037109375,140.99206775053156,139.3243126867137,139.62754876691267,4430700
2020-09-01,139.58018493652344,141.3806024107605,138.9642419886362,140.82152707981356,2358700
2020-09-02,141.7122344970703,142.1386475478958,138.83154980967535,139.0968741283708,2406800
2020-09-03,141.2100067138672,145.3320186503721,139.73176715268804,144.21386827530748,4226100
2020-09-04,143.00099182128906,144.5834673941717,140.19611550024393,140.97314722656046,4361800
2020-09-08,141.48480224609375,143.37998414361633,140.71725589105156,143.03885082369865,4351200
2020-09-09,144.00543212890625,146.04274737303857,142.43242730705026,142.72617825806438,2328500
2020-09-10,138.55677795410156,142.7072317833948,138.08298238305323,142.02496500435774,3961300
2020-09-11,140.3287353515625,141.3710911433281,139.18215843971024,139.8265133225545,3001400
2020-09-14,141.19107055664062,142.62192787848502,139.74125736469915,141.27635028343897,3072500
2020-09-15,142.21446228027344,143.91064384721693,141.58904873573235,142.10075598457198,2923500
2020-09-16,143.04832458496094,144.67816758455626,142.8872214125131,143.7684884433444,3618800
2020-09-17,144.47918701171875,144.67817300546304,141.62694358169546,142.26182775545786,3620700
2020-09-18,146.09007263183594,146.40277933249106,144.0716995908293,144.0716995908293,13209800
2020-09-21,143.25677490234375,145.60681057396647,141.24788696736206,145.14248586146527,3501600
2020-09-22,142.0059814453125,143.62636834436347,141.33318550360136,143.00095484233742,2926400
2020-09-23,141.9586181640625,143.64532913903514,140.90679148109936,142.18604522978973,3545700
2020-09-24,141.01100158691406,141.81645964738163,139.64646835741553,141.43741460635988,3424200
2020-09-25,142.38502502441406,142.51768719217148,140.10134159795354,140.61303439956308,2440600
2020-09-28,140.33824157714844,143.63585441287964,140.1487117981347,143.0862498637424,2427100
2020-09-29,138.59466552734375,140.66042159110873,138.28195873727,140.2245233342838,3308300
2020-09-30,140.26242065429688,140.66987783459584,137.4575449965732,138.72731343729333,5083900
2020-10-01,136.7279052734375,140.9162704087533,136.5099633820279,140.556181185396,3809200
2020-10-02,137.5997314453125,139.23906025534401,135.76140211125525,136.14043282671048,3880000
2020-10-05,138.94529724121094,139.74127035014604,136.62368731817634,137.4670573363047,2790600
2020-10-06,136.5762939453125,140.0823777146897,136.38676418013722,139.22953714867404,2409200
2020-10-07,141.15313720703125,142.03438974361472,139.15371996591918,140.7361949259897,4602800
2020-10-08,145.45521545410156,145.87215779882519,142.61244251363053,144.4128595922925,4686100
2020-10-09,148.6580810546875,148.9139202147404,145.99535265191278,146.01429406141142,4590600
2020-10-12,146.39332580566406,148.9139066531014,146.32698750118655,148.61068507873392,3242700
2020-10-13,142.21446228027344,146.24172412273762,140.76464917371365,144.9814263287108,5963900
2020-10-14,140.6793670654297,142.70721123922377,139.9686738111688,142.49874006124662,2710200
2020-10-15,139.08738708496094,139.21057852527335,137.76076564732423,138.83153350088483,3785900
2020-10-16,138.4619598388672,140.60352425072233,138.3482535724281,139.4000799142532,2918900
2020-10-19,135.3159942626953,139.68438924035686,134.75691905704505,139.29587347002058,3158900
2020-10-20,136.0645751953125,136.56679722051103,134.66214469810285,135.84663333472008,2188700
2020-10-21,133.90408325195312,135.818221139874,133.80933282644875,134.83271839280744,1983700
2020-10-22,134.22625732421875,134.80428840378812,133.42081366192764,134.11255103285788,3056600
2020-10-23,134.9180145263672,137.11641818172825,134.29260098079794,134.7853523614669,2427200
2020-10-26,134.2736358642578,134.8327110593272,132.71011656710698,134.46315116405026,2947100
2020-10-27,124.98723602294922,128.94817357011817,124.95880945219955,126.04854768093304,11374600
2020-10-28,124.42811584472656,127.07190164085688,123.48052527159291,123.62267253301376,6188000
2020-10-29,125.60316467285156,126.15276907737255,123.54689435162497,125.0819868358844,4099900
2020-10-30,123.62273406982422,126.1243738497976,122.4382452637934,124.85459086082275,4335300
2020-11-02,124.73140716552734,126.92981075285174,123.17735851375095,125.59370398114703,3449500
2020-11-03,124.11546325683594,127.04353039152022,123.85013893757065,126.63605874894718,3628400
2020-11-04,140.8025665283203,144.01489997172737,127.83952644277825,127.83952644277825,12211700
2020-11-05,137.8934783935547,141.01104714559293,137.11644665272954,139.94026444000028,5731000
2020-11-06,135.2591552734375,139.6654479892889,131.80992433822323,137.44808834359952,6229800
2020-11-09,134.87062072753906,137.16378907578783,133.2312924437796,135.06960672858952,5493800
2020-11-10,138.87893676757812,141.38057646742084,136.2541056089448,139.86443951972032,5377000
2020-11-11,137.17327880859375,140.0160520335288,135.8561277927375,140.0160520335288,3046800
2020-11-12,134.32542419433594,136.63990940622034,133.21104780838616,136.13509226723517,3463400
2020-11-13,135.6112518310547,136.40179533064253,134.60164661312348,135.65886320167056,2142700
2020-11-16,133.90635681152344,137.4399900410618,133.34440886218857,136.25893433054873,4957600
2020-11-17,134.48736572265625,135.2112447135309,132.02049750564123,132.9348656133926,3619200
2020-11-18,133.50628662109375,135.6493211421858,133.4681946242962,135.15403798351952,2795100
2020-11-19,136.59226989746094,137.04944655384062,132.31571996020304,133.58249329841152,4626100
2020-11-20,138.5733642578125,140.09729102779173,136.04933738245782,136.04933738245782,5063800
2020-11-23,136.56369018554688,138.6971908269777,134.449228275998,138.62099229930047,3794200
2020-11-24,138.0114288330078,138.71625436618766,136.30653206677908,136.57321966671,4127000
2020-11-25,137.86854553222656,138.43049328334448,135.83028229705775,138.0114086779745,3223700
2020-11-27,140.4306640625,140.88784066077264,138.4495460921425,138.72575301747457,1754000
2020-11-30,138.72579956054688,141.12600294017486,138.01145452772553,139.3829993160844,5842200
2020-12-01,138.6400604248047,141.02121016975772,138.3543195487334,139.71634476020657,3954400
2020-12-02,138.2590789794922,140.09731956270275,137.5161614394669,138.4495680478656,3757400
2020-12-03,137.25897216796875,139.5353503396142,136.3255657026207,138.77337964951326,4059600
2020-12-04,141.39266967773438,141.64983792086312,137.1542260165391,137.22090518576627,3058600
2020-12-07,140.41165161132812,141.2783937002997,139.51633688499587,140.29736106188528,2637200
2020-12-08,142.2022705078125,143.00233336129338,139.92589185561332,139.9925564933775,2754400
2020-12-09,150.48866271972656,151.3839773422614,146.37402901617526,147.24077100466195,8364400
2020-12-10,153.34605407714844,154.29851404036054,150.6601100048652,152.26976966803537,6430600
2020-12-11,152.43167114257812,153.51747481263294,151.49826453967802,152.12689154165295,3441900
2020-12-14,150.40296936035156,154.57473447936363,150.32677081266084,153.0508071257099,4390100
2020-12-15,159.47035217285156,160.23232299041123,150.53628830045264,151.85067306402394,6974300
2020-12-16,163.87074279785156,164.9565465959171,158.82270198694175,161.6229366591597,6009900
2020-12-17,164.42318725585938,165.63280108602527,162.96592450503957,163.56596446906767,3521100
2020-12-18,163.25161743164062,164.67078788323334,160.9657195356129,164.31838237872003,7356400
2020-12-21,160.75616455078125,160.9657068703245,157.91783840430864,160.85141634453117,3655900
2020-12-22,158.7941436767578,160.38475024608223,157.98454680571953,159.73708437596142,2447900
2020-12-23,157.61305236816406,160.01325526650922,157.6035330016545,159.48939944080516,1697300
2020-12-24,158.73695373535156,159.95610111652223,157.9654636227933,157.9654636227933,627200
2020-12-28,158.58457946777344,159.63229121154527,157.35591254406398,159.26083241755077,1482000
2020-12-29,158.66078186035156,159.77515826940163,158.0226354312401,158.70840776502254,1712000
2020-12-30,159.07034301757812,160.38474249841835,158.7560294663604,159.47990838433574,1413300
2020-12-31,160.81333923339844,161.0990801335394,158.3845633822792,159.12749553600003,1643600
2021-01-04,157.6321258544922,161.42291248545158,155.34622772796266,160.9847890356699,3164800
2021-01-05,158.4131622314453,158.73699515989975,155.44147699763042,157.3368777260319,2322600
2021-01-06,156.5082244873047,159.32749777407986,155.22239775354996,155.2319171209416,3619700
2021-01-07,157.94644165039062,159.17510864097022,154.08897578996044,156.37487394920038,3025500
2021-01-08,158.4988555908203,158.92745963953226,156.812997496943,158.31788588431456,3438100
2021-01-11,177.10043334960938,180.30069986749183,173.36679150097783,176.20511853011433,11396500
2021-01-12,170.29983520507812,175.48121945269767,169.00448914317323,174.10014095332377,7179300
2021-01-13,176.6813201904297,178.70053062763697,170.81416342816897,171.28087403427563,7303900
2021-01-14,177.8147735595703,179.97686199713183,175.80508222187817,176.462281998351,4413200
2021-01-15,181.70077514648438,182.66275439204585,177.91950826500965,177.91950826500965,6624600
2021-01-19,189.0442352294922,190.03480165552529,184.8438981525958,186.68213876749604,7729100
2021-01-20,191.69210815429688,192.17787209059975,189.23475943356033,189.32049188509964,5335800
2021-01-21,192.73025512695312,194.98758030514716,188.5965683611909,194.01606719552356,8698800
2021-01-22,196.34011840820312,196.72109662315816,191.02538946927268,192.4350263046711,6128800
2021-01-25,202.25486755371094,202.42630336136062,198.19737903871658,198.34025674514282,5959100
2021-01-26,202.60726928710938,203.09301859976685,200.588058967767,202.44535284955688,6601500
2021-01-27,197.7021026611328,201.94054618601513,195.3495256139787,201.0357122140445,7358000
2021-01-28,200.13088989257812,201.7691222498731,197.7021285272572,198.11167934988785,5460400
2021-01-29,198.0830841064453,207.63625562217075,194.73995513096915,201.88340429228236,8401700
2021-02-01,193.48268127441406,199.91178486074028,193.4445892774799,199.50223412682038,5383800
2021-02-02,188.16796875,196.11148054224873,187.96796031689001,194.6637520103625,5314600
2021-02-03,187.59654235839844,191.05396254042017,187.52986317726763,188.406124700354,3679000
2021-02-04,192.0349578857422,192.28260675788235,186.33925182728595,187.45362815176318,2924300
2021-02-05,192.17787170410156,193.27319496731883,191.3016101868503,192.03499397408154,2732200
2021-02-08,195.98768615722656,196.6162986730045,192.31119020310013,192.7588475381056,2909300
2021-02-09,192.12071228027344,195.20667336743085,190.796793466532,194.06372427835825,2661300
2021-02-10,194.6732940673828,195.77815112842987,192.05402913130973,194.74949260952943,3062700
2021-02-11,193.755126953125,195.28541832661588,192.83694045376703,194.03248743028146,3544700
2021-02-12,198.2599639892578,199.14945863728514,192.3874371075311,192.86565595651237,2611300
2021-02-16,196.79660034179688,198.45124793973906,194.74026528697803,197.0070177866903,2741900
2021-02-17,197.46607971191406,197.68605623613539,195.37147938932787,196.07923375266878,3329900
2021-02-18,192.35870361328125,196.47138774539516,192.19611099102158,196.35661991652435,3919400
2021-02-19,192.1674041748047,194.04202793451793,191.60310960105227,192.36826245387556,3434900
2021-02-22,191.9378662109375,192.82736065500526,189.33636969555272,190.50320999295792,2263600
2021-02-23,193.65945434570312,195.40973666263173,190.0249890501503,191.58398679238192,3287700
2021-02-24,195.61058044433594,197.46607132884304,192.84647695184924,192.88472802632063,2848800
2021-02-25,194.9411163330078,196.59574927510823,192.96128351925069,194.70200693583402,2386700
2021-02-26,195.9644775390625,197.97300211385965,193.25775768006852,197.6956270679483,3887900
2021-03-01,197.4756317138672,199.16853000308083,195.85925016816296,196.8156875709156,2797400
2021-03-02,195.2471466064453,200.8040460308477,195.20889552863503,199.79022463698067,3445300
2021-03-03,193.2003631591797,195.40973131371993,191.0101278398087,194.51067778376844,3660300
2021-03-04,191.8040008544922,195.82105067954575,189.9580831860572,194.91242323230526,4308400
2021-03-05,197.906005859375,198.62333383979254,192.12913094513877,192.26303158438702,3875900
2021-03-08,198.01123046875,201.70307935525193,197.33216809870098,197.98253851475224,3300300
2021-03-09,197.13134765625,202.91779785947,197.08352285905067,199.2641993458122,4227300
2021-03-10,196.5000762939453,198.97724585128904,195.48625490563182,197.87734859281557,3400200
2021-03-11,196.27053833007812,198.2216643344611,195.37148477922648,197.51389535751719,4037300
2021-03-12,199.0155487060547,199.37899968451688,193.46820739653486,195.96451025611475,4541400
2021-03-15,180.91973876953125,184.76460738937462,180.00155225796777,184.60201474969682,12388500
2021-03-16,182.5839080810547,183.27254423035907,179.0737843002247,183.1960274810944,6194200
2021-03-17,178.5955810546875,181.56054332105143,178.43298842117554,181.4648937276543,5134200
2021-03-18,175.9175262451172,178.93987197066556,175.79319930548616,177.91649152838994,4240000
2021-03-19,176.26185607910156,177.70608600846833,175.86972780533281,176.653998946948,6048600
2021-03-22,177.7443389892578,177.81129661847044,175.2193446086513,176.03232230981055,2666600
2021-03-23,175.67845153808594,178.5286460966664,175.26719037483392,177.2757151744693,3284700
2021-03-24,172.3213653564453,175.8314896932136,171.98662094373248,175.69758900931245,3931500
2021-03-25,175.11412048339844,175.64016397347535,172.36914980891964,173.1151698151827,2630500
2021-03-26,177.23741149902344,177.81127977419354,174.67416628317036,176.03230563405802,2868200
2021-03-29,178.22256469726562,179.49462835531577,175.51584475339513,176.61575666230448,3002600
2021-03-30,177.41915893554688,178.71991453899918,176.6635797205042,177.44785089345493,2523600
2021-03-31,178.681640625,179.75284583421373,177.18958603406833,177.48609388468952,3621300
2021-04-01,177.1704864501953,179.87720630656784,176.61575095298787,178.68165944036502,2340400
2021-04-05,176.8357391357422,177.80173581338278,175.1237223319873,177.50524250609107,2864800
2021-04-06,174.83680725097656,177.54352758136915,174.54031391128672,176.64447384548347,2488400
2021-04-07,174.37770080566406,175.20022308686023,173.32561366493601,174.93242174087106,3406600
2021-04-08,174.65504455566406,175.9558000805683,174.52114389548615,174.98022978837076,2393200
2021-04-09,176.45315551757812,177.07483404046204,174.46376381264082,174.57853163986178,2611200
2021-04-12,173.89944458007812,175.92708707562585,173.0003911432747,175.4392946908502,2876100
2021-04-13,174.57850646972656,175.64015250068923,173.28731022334,173.28731022334,3089100
2021-04-14,175.028076171875,176.4340405742246,174.11946339471663,174.635933263665,2002100
2021-04-15,177.82086181640625,179.54245226976286,175.42020889710903,175.7836452304277,2586600
2021-04-16,181.0057830810547,182.01004529833827,178.73903104890252,179.2172497624588,3731800
2021-04-19,181.37881469726562,182.5648025020118,179.87721534676862,180.9962455184849,2966400
2021-04-20,182.30654907226562,185.07065281215694,181.8857142450305,182.11526449463452,2460900
2021-04-21,182.6317138671875,184.6019725249563,181.53181672338877,183.2151412497956,2219800
2021-04-22,178.901611328125,182.93777815984402,178.61467720095487,181.72309862480014,2982600
2021-04-23,180.49887084960938,180.89101369390917,178.88248927673004,178.88248927673004,2482800
2021-04-26,179.06423950195312,180.43193819500183,177.95476843998986,180.35543603369572,2797500
2021-04-27,174.27249145507812,177.7730417774594,172.91433729870653,175.984508238833,6838700
2021-04-28,172.6847686767578,174.0715999332349,170.80058590555882,173.5455564651709,4682800
2021-04-29,174.26290893554688,174.6741846479437,172.15874936215832,173.17257077334966,2432500
2021-04-30,174.80807495117188,175.93666412493099,173.29690204506272,173.9185805432755,3103900
2021-05-03,177.82086181640625,178.23213753857843,174.951549258838,175.01850689033887,3197000
2021-05-04,180.0015411376953,181.7996483732959,178.64340158951478,179.36072974064328,3703500
2021-05-05,184.41070556640625,185.1376073810991,179.97283630595604,180.43192220349846,4274400
2021-05-06,185.4436492919922,185.64450756997425,181.0727379065854,183.20558924972937,3101600
2021-05-07,186.90701293945312,187.71999064530215,185.4532238652394,186.3331592006873,2526700
2021-05-10,186.2757568359375,188.04517199717782,185.07065087480672,187.62433717434806,2242000
2021-05-11,186.2661895751953,187.22262700561993,184.60198319238876,184.96543408605476,1850200
2021-05-12,184.78369140625,187.12695997344113,184.33416468834724,186.26617220396705,2397400
2021-05-13,187.2718505859375,188.39582575540743,184.20732994833585,184.68766196906162,2174300
2021-05-14,188.4918975830078,189.51019911919838,187.25263276362878,188.0115655634032,1823700
2021-05-17,187.83863830566406,191.75814934240773,187.41594378328438,188.751266210673,2466000
2021-05-18,186.97401428222656,188.6263573163791,185.96531428391975,187.32945522447503,2369400
2021-05-19,188.7801055908203,189.6254947279718,185.513853365852,185.99418543767507,3070500
2021-05-20,191.68130493164062,193.17033720461527,188.4534729990815,189.4045357263914,3494400
2021-05-21,192.01754760742188,193.97729594827513,191.62367180301382,192.13282261024528,2579000
2021-05-24,193.11268615722656,195.61040382381665,192.1712248597882,193.0934687723522,2074900
2021-05-25,191.38348388671875,193.91003490583114,191.30662900743582,193.5065431249534,2919100
2021-05-26,193.08387756347656,194.47683753944577,190.45165272290689,191.39309941128622,2891300
2021-05-27,191.3642578125,193.45851286679502,187.80980409384432,192.75721762214724,9340300
2021-05-28,191.88304138183594,194.32312160326802,190.7206314390905,191.2874197068643,2386000
2021-06-01,190.6149444580078,192.98778565264718,188.9433838618138,192.4402148084983,3070200
2021-06-02,191.29701232910156,193.01659430735677,190.45162338324118,191.18172269012265,2030300
2021-06-03,194.72657775878906,195.62960420800349,190.79746576118612,191.16252274922644,3066600
2021-06-04,194.07330322265625,196.40770919940147,193.37200810084022,194.81300378778897,2817700
2021-06-07,213.76699829101562,224.1517757728835,193.89085398213038,194.04456376960104,17231400
2021-06-08,212.01853942871094,213.52678892746965,208.8195265864918,212.98881943903086,4618500
2021-06-09,217.11009216308594,217.81137286965526,211.59587481070776,212.6430098470527,4934900
2021-06-10,224.35348510742188,226.57263146830954,217.3502503417612,218.04192965918088,5598200
2021-06-11,215.27517700195312,220.55882862790722,212.84469842669972,218.09953130737952,5636000
2021-06-14,217.2061767578125,217.74414635273664,214.24732932715756,215.40972477506753,2720700
2021-06-15,214.72764587402344,217.74413059170985,214.10320540766457,217.20616103572567,2188900
2021-06-16,212.07618713378906,215.534583523939,211.53821761944795,214.73723061569416,2548800
2021-06-17,213.46917724609375,214.32416771329812,211.60548653681047,211.60548653681047,1890700
2021-06-18,209.953125,212.35478505568847,209.73217637927615,211.75916339405035,4016600
2021-06-21,213.91110229492188,214.9678388111527,209.501656998107,210.48153861692347,3671300
2021-06-22,212.7294464111328,214.8140856095769,211.836021235474,213.8726389589889,1658800
2021-06-23,208.56016540527344,213.49797790066756,208.46409313947714,213.44994176776942,2419600
2021-06-24,223.80589294433594,229.95413667243744,221.35619681599715,225.67918481004114,12290500
2021-06-25,221.16407775878906,224.30545329241534,220.36672484188358,223.94999762770274,6992200
2021-06-28,219.2427215576172,220.83742718696521,217.95543541957062,219.99203824445433,2507500
2021-06-29,220.34750366210938,222.29765046848073,218.88730489205963,219.27156464026856,1621200
2021-06-30,220.4916229248047,221.76930790547456,220.0497109998795,221.03919382590863,1786700
2021-07-01,222.0382843017578,222.39372530588875,219.6654429497826,220.48199858880912,1977300
2021-07-02,224.7569580078125,224.99712401007574,222.23040697326084,222.845231352712,1994000
2021-07-06,226.1595458984375,226.3132556760528,224.05568912536307,224.43996356940133,3125400
2021-07-07,226.5438232421875,227.28352407160816,224.27665529834175,225.4486520565889,3141500
2021-07-08,227.7926483154297,227.93675671394078,222.970125476841,224.63207013130062,2431500
2021-07-09,225.74642944335938,229.08953592280895,223.59453689391216,227.84066984195627,4030100
2021-07-12,226.726318359375,228.63804510604442,225.9001466856742,225.9193640711752,2928600
2021-07-13,226.0442657470703,227.3411534874175,224.82421823520977,226.69751029920297,1974000
2021-07-14,227.05294799804688,227.89832237157114,225.496662310913,226.5149638312609,2103400
2021-07-15,222.3649139404297,226.70711965069714,221.61559713688152,225.7656583058737,3611200
2021-07-16,223.31591796875,223.87309008461625,222.1150881941706,223.35433807176724,2229100
2021-07-19,224.92987060546875,225.08358036505052,221.5003077138958,222.75877522101155,2305600
2021-07-20,225.77528381347656,228.39789273607767,224.73776481299709,225.75606642682757,2297800
2021-07-21,227.9559326171875,228.0327874889695,224.4014790840364,227.0817396001243,1651500
2021-07-22,229.10877990722656,230.2711752260487,227.07216210587987,227.946369929834,1703500
2021-07-23,234.546142578125,234.93041702707336,229.17603358424978,229.86771293378544,2448100
2021-07-26,233.64309692382812,235.6316637731508,233.02827255271274,233.02827255271274,2678800
2021-07-27,233.99853515625,234.45964976451452,233.1147260493392,234.12342616500524,2116500
2021-07-28,236.81329345703125,238.62894795408255,233.09552821510965,233.79680887837011,1688000
2021-07-29,235.67970275878906,238.47523853914265,232.71125449316963,237.76434189638763,1924100
2021-07-30,233.9216766357422,236.2753004299322,233.08590367279595,235.26660032997395,1905100
2021-08-02,236.89974975585938,238.13899987389595,234.64218347820932,236.06396210276688,1958900
2021-08-03,245.9203643798828,249.16739849099488,233.9216666335848,235.12249654443482,5406200
2021-08-04,252.1455078125,260.003733124135,245.37282296738357,245.93000990510333,3892400
2021-08-05,253.79779052734375,255.06587387368813,251.05027661026423,252.92358288632457,2262400
2021-08-06,253.0773162841797,253.87465447243608,250.4835118620818,253.14456979757676,2155200
2021-08-09,256.6509704589844,262.29967886889307,254.09560097273354,254.17244118501927,3238500
2021-08-10,258.8509216308594,260.4167792948457,255.70953164730795,256.25711715306403,2060200
2021-08-11,253.71136474609375,260.28230289694073,252.3280062599009,258.9854006514926,2813300
2021-08-12,253.92335510253906,254.95459148046095,252.015088391115,253.6631489467158,2100900
2021-08-13,254.63656616210938,256.0629502037018,253.4896824514086,253.6149767173876,1482300
2021-08-16,260.15887451171875,260.46728654606454,254.6943109106056,255.28222318931412,2623200
2021-08-17,262.8285827636719,265.87408644913927,257.498958667054,261.3347574265313,2096100
2021-08-18,258.7904357910156,264.80435563241974,258.3181998626848,262.1539991318128,2527400
2021-08-19,260.60223388671875,261.9997058868846,255.81231728253871,256.5062297483364,1901000
2021-08-20,261.0937805175781,262.98275313531417,259.3108080137279,259.6192201097899,1536800
2021-08-23,258.1157531738281,263.0213173679781,258.00010598839384,262.4334049596246,2438800
2021-08-24,253.2487030029297,257.7495017738215,252.29458436943537,256.5544417147543,3736000
2021-08-25,254.30894470214844,254.9353867567078,251.8224412167969,253.25844322965224,2388500
2021-08-26,251.85130310058594,255.96657275915516,251.13809635989563,254.43418856200455,1732900
2021-08-27,250.3382110595703,253.59574474864016,249.210591931891,253.00783221197563,1839700
2021-08-30,252.80543518066406,254.50167260532288,250.20325544163538,251.57181598413084,1300700
2021-08-31,248.93112182617188,254.08727567287937,248.51668010410424,253.3162452460819,2733400
2021-09-01,248.07333374023438,249.3936883011798,245.26878618205762,249.17204097044637,2956800
2021-09-02,250.16470336914062,250.31890943124384,247.17702341596387,248.08296564844585,1469700
2021-09-03,250.1261749267578,251.53326497338855,247.47581857379714,251.37905889252727,1124500
2021-09-07,245.5675811767578,251.3694566483279,245.1917130227966,249.61539545924074,2403700
2021-09-08,245.6060791015625,246.44456536860028,244.48810721611176,245.3747847155378,1542400
2021-09-09,231.30380249023438,244.8158037366908,230.98575799710233,244.11224408253523,4976600
2021-09-10,230.82192993164062,235.05286158724553,229.92563471558168,233.42409488530578,4633500
2021-09-13,229.33775329589844,232.41215434171713,226.6295586073424,231.34237354262174,2832800
2021-09-14,224.64419555664062,231.10142430226202,223.57441479342702,230.07020241128907,3826000
2021-09-15,225.26097106933594,230.70625653603813,224.61524976308465,225.1164120850628,2802500
2021-09-16,222.66847229003906,226.1862267311191,221.40594128435944,225.59832893008877,2958700
2021-09-17,221.76255798339844,222.4661030314728,219.96030559994784,221.38668983925987,4480000
2021-09-20,223.24673461914062,224.29723593075383,219.05434703175493,219.82536270029607,2803400
2021-09-21,221.82998657226562,225.2513583217015,221.415574310661,223.65150346222782,2172800
2021-09-22,220.02777099609375,222.65884794191007,219.33385833035516,221.6661701823482,2529600
2021-09-23,223.7671661376953,225.71397743019892,220.7120299101862,220.9915302646526,1912300
2021-09-24,223.28526306152344,226.86084080346996,222.95758620488567,224.3357790050617,1642500
2021-09-27,218.1965789794922,222.68773129625893,217.4352104410736,221.63723006640177,2785900
2021-09-28,213.57052612304688,218.19659060902737,212.2212450597189,218.18695824429588,3583300
2021-09-29,222.01309204101562,223.05396087799738,216.42324741540222,217.24245423427368,3971000
2021-09-30,222.67813110351562,228.56674178944428,222.43718961015668,224.34544211990703,3786100
2021-10-01,221.27099609375,223.28526317373525,217.28100609685637,222.62990946013036,2215700
2021-10-04,216.70277404785156,221.84928055625485,216.09559680941152,219.545880584493,4784700
2021-10-05,222.5624542236328,224.13339736060587,217.97493379262593,218.2351547056112,2802000
2021-10-06,219.5940704345703,222.48536819035976,217.85928883991645,222.2058678386623,2462700
2021-10-07,224.7309112548828,225.6272211321237,220.70237710713036,220.81802430190996,2001800
2021-10-08,225.46339416503906,227.2656316694981,223.15999428122709,224.96223178568613,2563000
2021-10-11,225.2031707763672,229.36664642499449,225.13571481202658,228.12338020801542,1892300
2021-10-12,224.3454132080078,226.55244523805547,223.57439758744138,226.19584187382736,1719200
2021-10-13,227.872802734375,229.29917209229617,224.36469558539054,225.58868234762218,2105700
2021-10-14,228.11373901367188,229.80032923360628,225.62722138186064,228.42213643539205,1824700
2021-10-15,229.26063537597656,230.62918117958668,227.27527998896613,228.81729659451673,2598300
2021-10-18,230.3207550048828,233.86742092281398,228.12337007875465,229.32807737184683,2546000
2021-10-19,233.5301055908203,233.76141469372857,230.39786651353407,230.39786651353407,1573200
2021-10-20,234.88902282714844,236.99002539903378,234.2336543778381,234.8986551918808,1537500
2021-10-21,232.43141174316406,236.07444553397553,231.1399690143367,236.07444553397553,1717700
2021-10-22,234.91795349121094,235.1974391498961,230.87977175312545,232.2290529249236,1960700
2021-10-25,236.1708221435547,237.34661764537617,231.80496406278627,235.794954054015,2763100
2021-10-26,239.43797302246094,239.90057647976246,228.49922552402103,235.64073349177644,4533000
2021-10-27,241.10533142089844,245.2398956755752,239.32237319645859,239.6018588577075,3181300
2021-10-28,244.1701202392578,247.44691873350428,241.01860132410357,241.09570436826138,3386500
2021-10-29,245.52896118164062,247.17700711162345,242.6473109539019,244.58447484888302,3152000
2021-11-01,240.27645874023438,247.18667274050145,239.0621190783701,245.86630354231212,2735800
2021-11-02,247.5432586669922,249.90446729720443,240.36319148765122,242.146164150823,3987800
2021-11-03,256.6123352050781,257.1231299899612,248.42032450409764,248.42994216371974,4382900
2021-11-04,261.18060302734375,261.2866031765883,255.6582128990689,255.86062494876393,4133400
2021-11-05,255.39793395996094,259.7252329386771,249.19127992889582,259.24335004441303,3745700
2021-11-08,251.08990478515625,257.23873534616695,249.75990326421055,254.4245262455777,2386100
2021-11-09,252.52593994140625,252.66088129010006,249.02749429993196,251.08993810866275,1963800
2021-11-10,255.0606689453125,256.3617589426077,252.1211943762939,252.50669489835798,2215100
2021-11-11,253.11383056640625,254.7425972101939,252.45847684549042,252.81506550505347,1739400
2021-11-12,251.05433654785156,253.82932109234702,250.3581708131074,253.11382807594057,1964000
2021-11-15,249.87472534179688,251.01565462292749,248.64677903149192,250.80296600092393,1903200
2021-11-16,249.1881866455078,251.73112527856966,247.51546238581497,248.45333698528765,2565700
2021-11-17,252.5336456298828,255.79207727305507,247.59282601837725,248.30831892310832,2873600
2021-11-18,252.67868041992188,255.06691246810388,251.2186889016793,253.32651311223609,1689200
2021-11-19,252.06959533691406,261.83521344067617,251.68281364356477,257.6098860558083,2786800
2021-11-22,251.8181915283203,255.2506577301056,250.5515611604074,253.53926382644394,1995400
2021-11-23,253.28782653808594,254.06136030537434,250.66754913701863,250.88026723461093,1986200
2021-11-24,253.3265380859375,256.16921228611176,251.44108067512627,254.07103675463102,2518500
2021-11-26,251.75047302246094,257.0780744775754,250.45483712647186,253.13312593676682,1495500
2021-11-29,246.3939208984375,253.6359717078043,246.07484369217065,251.41209490522294,4041700
2021-11-30,239.8286590576172,245.5913604640483,238.32030503109894,244.88553115751577,8265900
2021-12-01,240.8826446533203,246.8483872267241,239.68368910110368,241.18237985296142,3241400
2021-12-02,239.67398071289062,241.7044517283087,237.0053405874133,238.35900268467483,3817700
2021-12-03,237.45013427734375,245.08860075476034,235.0328961827625,243.78330103587675,4169700
2021-12-06,238.17530822753906,238.76511491900786,233.5342080860726,237.7788776349542,3491200
2021-12-07,236.99569702148438,237.3147742267164,233.45685684016635,236.15450286910496,4035800
2021-12-08,236.23182678222656,239.9640278448362,231.54237946971875,238.44601015274483,3636200
2021-12-09,234.85885620117188,237.76922041884376,234.71382781150263,236.39623089992108,2291100
2021-12-10,236.0577850341797,236.49288490777582,233.21511088799934,233.21511088799934,2380800
2021-12-13,240.30247497558594,242.400635894796,237.33411423401893,237.3824471935327,3016700
2021-12-14,241.12432861328125,241.73346255406116,238.23330666696282,239.5386210825552,3424000
2021-12-15,266.16693115234375,266.4183333671539,248.69512638368795,253.39425278218073,10016700
2021-12-16,269.8023986816406,274.5014943856823,263.0437823257076,266.5439671366307,5546400
2021-12-17,258.5671691894531,267.51095123607536,256.5463319281667,267.51095123607536,7582900
2021-12-20,254.75755310058594,261.0713774568852,251.73116646065378,260.3172003954404,3479400
2021-12-21,256.1112976074219,257.14588292606965,251.94398015397869,255.26042480357364,2702500
2021-12-22,257.6775817871094,257.73559314099896,254.14842005808947,255.97583672021275,2721000
2021-12-23,264.0591125488281,266.1572588274657,257.851631734505,260.1431688762229,2632200
2021-12-27,269.19329833984375,271.02071493875826,265.6254526625391,265.9348662107818,1677100
2021-12-28,267.2788391113281,270.1505191006982,266.75673693675213,270.09250774796755,1033900
2021-12-29,269.2029724121094,270.11182674611774,266.61167087130616,266.6890390107747,1112300
2021-12-30,268.0716857910156,271.35912346643397,267.2208133205382,269.9474647807594,1181500
