Date,Close NFLX,High NFLX,Low NFLX,Open NFLX,Volume NFLX
2017-01-03,127.48999786376953,128.19000244140625,124.30999755859375,124.95999908447266,9437900
2017-01-04,129.41000366210938,130.1699981689453,126.55000305175781,127.48999786376953,7843600
2017-01-05,131.80999755859375,132.75,128.89999389648438,129.22000122070312,10185500
2017-01-06,131.07000732421875,133.8800048828125,129.80999755859375,132.0800018310547,10657900
2017-01-09,130.9499969482422,131.99000549316406,129.88999938964844,131.47999572753906,5771800
2017-01-10,129.88999938964844,132.22000122070312,129.2899932861328,131.27000427246094,5985800
2017-01-11,130.5,131.5,129.25,130.91000366210938,5615100
2017-01-12,129.17999267578125,130.85000610351562,128.5,130.6300048828125,5388900
2017-01-13,133.6999969482422,133.92999267578125,130.5800018310547,131.14999389648438,10515000
2017-01-17,132.88999938964844,135.39999389648438,132.08999633789062,135.0399932861328,12220200
2017-01-18,133.25999450683594,133.64999389648438,131.05999755859375,133.2100067138672,16168600
2017-01-19,138.41000366210938,143.4600067138672,138.25,142.00999450683594,23203400
2017-01-20,138.60000610351562,140.7899932861328,137.66000366210938,139.36000061035156,9497400
2017-01-23,137.38999938964844,139.49000549316406,137.30999755859375,138.64999389648438,7433900
2017-01-24,140.11000061035156,140.92999267578125,137.02999877929688,138.11000061035156,7754700
2017-01-25,139.52000427246094,141.38999938964844,139.0500030517578,140.8000030517578,7238100
2017-01-26,138.9600067138672,141.2100067138672,138.50999450683594,140.4499969482422,6038300
2017-01-27,142.4499969482422,142.49000549316406,139.0,139.4600067138672,8323900
2017-01-30,141.22000122070312,141.97000122070312,138.8000030517578,141.77000427246094,8122500
2017-01-31,140.7100067138672,141.8300018310547,139.6999969482422,140.5500030517578,4411600
2017-02-01,140.77999877929688,142.41000366210938,139.3000030517578,141.1999969482422,6033400
2017-02-02,139.1999969482422,141.0399932861328,139.0500030517578,140.61000061035156,3462400
2017-02-03,140.25,140.63999938964844,139.10000610351562,139.50999450683594,3512600
2017-02-06,140.97000122070312,141.0,139.16000366210938,140.0,3552100
2017-02-07,144.0,144.27999877929688,141.0500030517578,141.49000549316406,8573500
2017-02-08,144.74000549316406,145.07000732421875,142.55999755859375,143.57000732421875,6887100
2017-02-09,144.13999938964844,145.08999633789062,143.5800018310547,144.97999572753906,4555100
2017-02-10,144.82000732421875,145.3000030517578,143.97000122070312,144.67999267578125,6171900
2017-02-13,143.1999969482422,145.9499969482422,143.0500030517578,145.19000244140625,4790400
2017-02-14,140.82000732421875,144.11000061035156,140.0500030517578,143.1999969482422,8367800
2017-02-15,142.27000427246094,142.42999267578125,140.50999450683594,140.72000122070312,5309100
2017-02-16,142.00999450683594,142.44000244140625,141.07000732421875,142.4199981689453,2847500
2017-02-17,142.22000122070312,142.89999389648438,141.27000427246094,141.75,4588100
2017-02-21,142.60000610351562,143.3800048828125,141.80999755859375,142.99000549316406,3571500
2017-02-22,143.86000061035156,144.0,142.1699981689453,142.9199981689453,3482000
2017-02-23,142.77999877929688,144.49000549316406,141.52000427246094,144.4499969482422,4668000
2017-02-24,143.25,143.55999755859375,141.5500030517578,141.8800048828125,3302700
2017-02-27,143.41000366210938,143.9199981689453,142.3800048828125,143.1199951171875,3907400
2017-02-28,142.1300048828125,143.57000732421875,141.85000610351562,143.3000030517578,3862200
2017-03-01,142.64999389648438,143.25999450683594,142.10000610351562,142.83999633789062,4170600
2017-03-02,139.52999877929688,142.6999969482422,139.08999633789062,142.14999389648438,6119900
2017-03-03,139.13999938964844,140.91000366210938,138.25999450683594,139.69000244140625,5399800
2017-03-06,141.94000244140625,142.83999633789062,140.5399932861328,141.0,7116100
2017-03-07,141.42999267578125,142.39999389648438,140.3800048828125,141.99000549316406,4241000
2017-03-08,140.32000732421875,142.05999755859375,139.77000427246094,141.47000122070312,4085500
2017-03-09,140.52999877929688,141.24000549316406,139.74000549316406,140.0399932861328,2652700
2017-03-10,140.88999938964844,141.8000030517578,140.27999877929688,141.38999938964844,3318500
2017-03-13,143.52000427246094,143.7100067138672,140.32000732421875,140.89999389648438,4922400
2017-03-14,143.19000244140625,143.30999755859375,141.6999969482422,142.9499969482422,4660300
2017-03-15,145.25,145.52000427246094,143.22999572753906,144.1999969482422,5987200
2017-03-16,144.38999938964844,146.5,144.22000122070312,145.5,5286500
2017-03-17,145.11000061035156,145.75999450683594,143.39999389648438,144.0500030517578,6281300
2017-03-20,145.8300018310547,146.25,144.5800018310547,145.4499969482422,3421000
2017-03-21,142.4199981689453,147.6999969482422,142.10000610351562,146.75,7669800
2017-03-22,142.64999389648438,143.8000030517578,140.75999450683594,142.5399932861328,6486900
2017-03-23,141.83999633789062,142.88999938964844,141.25999450683594,142.13999938964844,3712600
2017-03-24,142.02000427246094,142.8000030517578,141.5800018310547,142.36000061035156,3546600
2017-03-27,144.05999755859375,144.38999938964844,140.0,140.8300018310547,4771700
2017-03-28,145.1699981689453,146.11000061035156,143.9199981689453,144.10000610351562,4638000
2017-03-29,146.47000122070312,147.17999267578125,144.91000366210938,145.5,3855000
2017-03-30,148.05999755859375,148.2899932861328,146.52999877929688,146.80999755859375,4461100
2017-03-31,147.80999755859375,148.22999572753906,147.3300018310547,148.0,3888200
2017-04-03,146.9199981689453,148.00999450683594,145.74000549316406,146.6999969482422,4609300
2017-04-04,145.5,147.08999633789062,144.88999938964844,146.83999633789062,4368900
2017-04-05,143.6199951171875,146.25,143.25999450683594,146.19000244140625,4607600
2017-04-06,143.74000549316406,144.13999938964844,143.00999450683594,144.0,3312400
2017-04-07,143.11000061035156,143.88999938964844,142.7100067138672,143.7899932861328,3040500
2017-04-10,143.85000610351562,144.64999389648438,141.2100067138672,143.0399932861328,5807400
2017-04-11,144.35000610351562,144.5399932861328,141.97999572753906,144.27999877929688,4621500
2017-04-12,143.8300018310547,145.74000549316406,143.5500030517578,144.85000610351562,4387000
2017-04-13,142.9199981689453,144.5500030517578,142.75999450683594,144.25,3685800
2017-04-17,147.25,147.32000732421875,144.42999267578125,144.42999267578125,16364700
2017-04-18,143.36000061035156,147.39999389648438,140.0,147.33999633789062,19671000
2017-04-19,139.75999450683594,144.0,138.66000366210938,143.3699951171875,12395100
2017-04-20,141.17999267578125,141.8000030517578,139.27000427246094,140.3000030517578,7248200
2017-04-21,142.8699951171875,143.02999877929688,140.89999389648438,141.38999938964844,6824800
2017-04-24,143.8300018310547,144.5,143.39999389648438,143.61000061035156,4800900
2017-04-25,152.16000366210938,153.52000427246094,146.22000122070312,147.4600067138672,20674200
2017-04-26,150.1699981689453,152.14999389648438,148.89999389648438,151.52999877929688,9274100
2017-04-27,153.0800018310547,153.49000549316406,149.3000030517578,150.60000610351562,7719400
2017-04-28,152.1999969482422,152.97000122070312,150.94000244140625,152.7100067138672,6366200
2017-05-01,155.35000610351562,157.6999969482422,151.61000061035156,151.91000366210938,9031600
2017-05-02,156.4499969482422,156.5,154.61000061035156,155.75999450683594,5384800
2017-05-03,155.58999633789062,156.5399932861328,154.8800048828125,156.2899932861328,3931200
2017-05-04,157.25,157.89999389648438,154.5500030517578,155.58999633789062,5582300
2017-05-05,156.60000610351562,158.58999633789062,155.89999389648438,158.5500030517578,5341700
2017-05-08,156.3800048828125,157.63999938964844,155.3000030517578,156.5500030517578,4818800
2017-05-09,157.4600067138672,157.85000610351562,155.97000122070312,156.10000610351562,3911000
2017-05-10,160.27999877929688,161.10000610351562,156.55999755859375,157.82000732421875,6869900
2017-05-11,158.5399932861328,160.52000427246094,157.5500030517578,160.3300018310547,5677400
2017-05-12,160.80999755859375,160.83999633789062,158.50999450683594,159.11000061035156,5092900
2017-05-15,160.02000427246094,161.77999877929688,159.75999450683594,160.25,4972000
2017-05-16,159.41000366210938,161.17999267578125,159.3300018310547,160.5,3464900
2017-05-17,153.1999969482422,158.77999877929688,153.0,158.08999633789062,8184500
2017-05-18,155.6999969482422,156.88999938964844,153.24000549316406,153.61000061035156,6802700
2017-05-19,157.02000427246094,158.0500030517578,155.91000366210938,156.14999389648438,4091500
2017-05-22,157.16000366210938,158.60000610351562,156.42999267578125,157.86000061035156,3744100
2017-05-23,157.9499969482422,158.30999755859375,156.8000030517578,157.75,3370900
2017-05-24,157.75,158.47999572753906,157.1699981689453,158.35000610351562,2970800
2017-05-25,163.0500030517578,164.10000610351562,160.5500030517578,161.0,8561000
2017-05-26,162.42999267578125,163.0500030517578,161.1199951171875,162.83999633789062,4834300
2017-05-30,163.22000122070312,164.75,162.7100067138672,163.60000610351562,4828600
2017-05-31,163.07000732421875,164.0,160.74000549316406,163.61000061035156,5328900
2017-06-01,162.99000549316406,163.92999267578125,161.6999969482422,163.52000427246094,3896300
2017-06-02,165.17999267578125,165.36000061035156,162.8000030517578,163.4199981689453,4259100
2017-06-05,165.05999755859375,165.5,163.42999267578125,165.49000549316406,3875200
2017-06-06,165.1699981689453,166.82000732421875,164.50999450683594,164.9499969482422,4382100
2017-06-07,165.61000061035156,166.39999389648438,164.41000366210938,165.60000610351562,3353100
2017-06-08,165.8800048828125,166.8699951171875,164.83999633789062,166.1199951171875,3719100
2017-06-09,158.02999877929688,166.27000427246094,154.5,166.27000427246094,10292000
2017-06-12,151.44000244140625,155.52999877929688,148.30999755859375,155.3000030517578,14114500
2017-06-13,152.72000122070312,155.67999267578125,150.1300048828125,154.3800048828125,8484700
2017-06-14,152.1999969482422,155.6199951171875,150.27999877929688,154.33999633789062,6461800
2017-06-15,151.75999450683594,152.55999755859375,147.3000030517578,149.44000244140625,7319700
2017-06-16,152.3800048828125,153.52999877929688,150.38999938964844,151.4499969482422,6909700
2017-06-19,153.39999389648438,155.5800018310547,152.41000366210938,154.2899932861328,6544300
2017-06-20,152.0500030517578,154.5,151.39999389648438,153.67999267578125,4878700
2017-06-21,155.02999877929688,155.3800048828125,152.25999450683594,152.5,5803400
2017-06-22,154.88999938964844,155.1999969482422,153.6999969482422,155.1300048828125,3769200
2017-06-23,158.02000427246094,158.19000244140625,153.75999450683594,155.00999450683594,6250800
2017-06-26,157.5,159.97000122070312,156.55999755859375,158.77999877929688,6016000
2017-06-27,151.02999877929688,156.97999572753906,150.72000122070312,156.6199951171875,7424300
2017-06-28,153.41000366210938,154.1999969482422,150.1199951171875,151.63999938964844,5589900
2017-06-29,150.08999633789062,152.82000732421875,148.0,152.82000732421875,7142500
2017-06-30,149.41000366210938,150.7100067138672,148.4199981689453,149.75999450683594,5213300
2017-07-03,146.1699981689453,150.4499969482422,145.8000030517578,149.8000030517578,3908200
2017-07-05,147.61000061035156,148.25999450683594,145.5800018310547,146.5800018310547,4627800
2017-07-06,146.25,147.27000427246094,144.25,146.1300048828125,5486500
2017-07-07,150.17999267578125,150.75,146.64999389648438,146.64999389648438,5561300
2017-07-10,152.6699981689453,153.22999572753906,149.64999389648438,150.33999633789062,5360600
2017-07-11,154.3300018310547,155.22999572753906,151.5500030517578,152.3699951171875,4898600
2017-07-12,158.75,158.8000030517578,155.77000427246094,155.77000427246094,8481800
2017-07-13,158.2100067138672,160.1300048828125,156.97999572753906,158.50999450683594,6700100
2017-07-14,161.1199951171875,161.35000610351562,157.97000122070312,159.3000030517578,5549200
2017-07-17,161.6999969482422,163.5500030517578,160.02000427246094,162.91000366210938,17496700
2017-07-18,183.60000610351562,185.0,174.24000549316406,176.1199951171875,41587400
2017-07-19,183.86000061035156,187.1699981689453,181.75,182.97000122070312,17344300
2017-07-20,183.60000610351562,185.9199981689453,182.6999969482422,183.83999633789062,7907200
2017-07-21,188.5399932861328,191.5,182.7100067138672,182.72000122070312,9277400
2017-07-24,187.91000366210938,190.25,187.00999450683594,188.69000244140625,8797300
2017-07-25,186.97000122070312,188.66000366210938,185.80999755859375,187.7899932861328,5374500
2017-07-26,189.0800018310547,189.6999969482422,187.50999450683594,187.6999969482422,4479300
2017-07-27,182.67999267578125,190.0,179.3800048828125,189.88999938964844,11221000
2017-07-28,184.0399932861328,185.02999877929688,181.17999267578125,182.0,6201900
2017-07-31,181.66000366210938,184.97000122070312,180.64999389648438,184.25999450683594,4883600
2017-08-01,182.02999877929688,184.6199951171875,181.42999267578125,182.49000549316406,5112700
2017-08-02,180.74000549316406,182.57000732421875,177.80999755859375,182.22000122070312,5771300
2017-08-03,179.22999572753906,181.22000122070312,178.02000427246094,180.52999877929688,4627700
2017-08-04,180.27000427246094,181.0,178.5,179.60000610351562,4491100
2017-08-07,181.3300018310547,182.27000427246094,179.10000610351562,181.0,4609800
2017-08-08,178.36000061035156,181.91000366210938,177.4499969482422,181.3699951171875,6104000
2017-08-09,175.77999877929688,175.9600067138672,170.00999450683594,171.42999267578125,9670500
2017-08-10,169.13999938964844,174.4499969482422,167.60000610351562,174.02999877929688,9693100
2017-08-11,171.39999389648438,172.5800018310547,169.0,169.86000061035156,5022300
2017-08-14,171.0,172.4499969482422,168.8000030517578,169.8000030517578,7468400
2017-08-15,168.5,171.8800048828125,168.25,171.52999877929688,5656100
2017-08-16,169.97999572753906,170.5,166.25,167.5,7013600
2017-08-17,166.08999633789062,170.5800018310547,165.72000122070312,169.22999572753906,5229200
2017-08-18,166.5399932861328,169.97000122070312,165.8000030517578,165.9499969482422,7385700
2017-08-21,166.75999450683594,168.99000549316406,164.22999572753906,166.91000366210938,6480700
2017-08-22,169.33999633789062,169.92999267578125,167.0399932861328,167.75999450683594,4886300
2017-08-23,169.05999755859375,169.63999938964844,166.6999969482422,168.35000610351562,4632300
2017-08-24,168.1300048828125,171.24000549316406,166.14999389648438,169.86000061035156,5361700
2017-08-25,165.9499969482422,168.75,165.5,168.5800018310547,4064000
2017-08-28,167.1199951171875,168.6699981689453,165.60000610351562,166.42999267578125,3657300
2017-08-29,168.80999755859375,169.67999267578125,164.72999572753906,165.0,4620900
2017-08-30,174.69000244140625,174.85000610351562,169.3699951171875,169.5,8034700
2017-08-31,174.7100067138672,176.24000549316406,173.86000061035156,175.4499969482422,6941000
2017-09-01,174.74000549316406,176.47999572753906,173.9199981689453,175.5500030517578,3813000
2017-09-05,174.52000427246094,175.8800048828125,172.44000244140625,173.39999389648438,4589500
2017-09-06,179.25,179.4600067138672,173.72999572753906,175.25,8742600
2017-09-07,179.0,180.35000610351562,177.10000610351562,178.8000030517578,6036100
2017-09-08,176.4199981689453,180.38999938964844,176.25,178.4499969482422,4590800
2017-09-11,181.74000549316406,182.47000122070312,178.02999877929688,178.10000610351562,5979400
2017-09-12,185.14999389648438,185.3300018310547,180.63999938964844,182.5500030517578,6689600
2017-09-13,183.63999938964844,184.5,182.5500030517578,184.07000732421875,4320300
2017-09-14,182.6300048828125,185.2899932861328,182.07000732421875,183.25,4510700
2017-09-15,182.35000610351562,184.92999267578125,181.42999267578125,182.72999572753906,5591700
2017-09-18,184.6199951171875,185.4499969482422,182.72999572753906,183.61000061035156,5359600
2017-09-19,185.67999267578125,186.22999572753906,184.1699981689453,184.97999572753906,4982100
2017-09-20,185.50999450683594,186.5,183.1999969482422,186.10000610351562,4625000
2017-09-21,188.77999877929688,189.9499969482422,184.50999450683594,185.82000732421875,7148100
2017-09-22,187.35000610351562,189.85000610351562,186.38999938964844,188.39999389648438,5464300
2017-09-25,178.5500030517578,186.5500030517578,177.6999969482422,186.4600067138672,9367200
2017-09-26,179.3800048828125,180.9499969482422,176.5500030517578,180.6999969482422,5602500
2017-09-27,181.97000122070312,183.33999633789062,180.6999969482422,181.00999450683594,5710500
2017-09-28,180.6999969482422,181.9499969482422,179.36000061035156,181.25,4077000
2017-09-29,181.35000610351562,182.89999389648438,180.64999389648438,180.72999572753906,4227900
2017-10-02,177.00999450683594,182.8000030517578,176.5800018310547,182.11000061035156,7342000
2017-10-03,179.19000244140625,179.6999969482422,177.5500030517578,177.64999389648438,3956900
2017-10-04,184.4499969482422,186.6999969482422,181.25,181.41000366210938,9235900
2017-10-05,194.38999938964844,194.49000549316406,184.49000549316406,185.64999389648438,19412700
2017-10-06,198.02000427246094,198.9199981689453,192.0500030517578,194.3000030517578,15348400
2017-10-09,196.8699951171875,199.39999389648438,196.55999755859375,199.10000610351562,6971700
2017-10-10,195.0800018310547,198.3000030517578,192.10000610351562,197.85000610351562,6233800
2017-10-11,194.9499969482422,196.22000122070312,193.80999755859375,195.57000732421875,6450200
2017-10-12,195.86000061035156,198.6199951171875,194.7100067138672,196.75,7753300
2017-10-13,199.49000549316406,200.82000732421875,197.19000244140625,199.6999969482422,12081300
2017-10-16,202.67999267578125,202.8300018310547,197.86000061035156,201.9499969482422,22105400
2017-10-17,199.47999572753906,204.3800048828125,197.77000427246094,200.11000061035156,23900100
2017-10-18,195.5399932861328,200.00999450683594,194.25,199.99000549316406,11198900
2017-10-19,195.1300048828125,195.25,191.16000366210938,193.00999450683594,7034600
2017-10-20,194.16000366210938,196.3800048828125,193.77000427246094,195.89999389648438,5995600
2017-10-23,192.47000122070312,194.89999389648438,191.02999877929688,194.1699981689453,6980000
2017-10-24,196.02000427246094,196.74000549316406,191.39999389648438,192.75,7069100
2017-10-25,193.77000427246094,197.05999755859375,193.00999450683594,195.3800048828125,5315300
2017-10-26,195.2100067138672,197.61000061035156,194.0800018310547,194.66000366210938,5185800
2017-10-27,199.5399932861328,200.64999389648438,196.22000122070312,197.1999969482422,8128600
2017-10-30,198.3699951171875,201.10000610351562,197.07000732421875,199.6199951171875,5439600
2017-10-31,196.42999267578125,198.58999633789062,195.22000122070312,198.2100067138672,5518600
2017-11-01,198.0,199.1999969482422,196.0,197.24000549316406,5017400
2017-11-02,199.32000732421875,199.44000244140625,197.08999633789062,197.4499969482422,3606300
2017-11-03,200.00999450683594,200.5500030517578,197.99000549316406,199.8000030517578,3678800
2017-11-06,200.1300048828125,202.47999572753906,198.08999633789062,200.0,5846600
2017-11-07,195.88999938964844,200.61000061035156,194.8000030517578,200.0,6468000
2017-11-08,196.44000244140625,197.08999633789062,194.74000549316406,196.0,4237400
2017-11-09,193.89999389648438,194.49000549316406,190.80999755859375,194.4600067138672,5979900
2017-11-10,192.02000427246094,192.58999633789062,189.5,191.61000061035156,6622200
2017-11-13,195.0800018310547,196.0500030517578,191.0,191.1199951171875,4607000
2017-11-14,195.7100067138672,195.8800048828125,193.0,193.63999938964844,3450500
2017-11-15,192.1199951171875,195.4199981689453,191.52999877929688,194.5399932861328,4203100
2017-11-16,195.50999450683594,197.6999969482422,193.75,194.3300018310547,5678400
2017-11-17,193.1999969482422,195.9499969482422,192.64999389648438,195.74000549316406,3906300
2017-11-20,194.10000610351562,194.32000732421875,191.89999389648438,193.3000030517578,3827500
2017-11-21,196.22999572753906,197.52000427246094,194.97000122070312,195.0399932861328,4787300
2017-11-22,196.32000732421875,196.75,193.6300048828125,196.5800018310547,5895400
2017-11-24,195.75,196.89999389648438,195.3300018310547,196.64999389648438,2160500
2017-11-27,195.0500030517578,195.85000610351562,194.0,195.55999755859375,3210100
2017-11-28,199.17999267578125,199.67999267578125,194.00999450683594,195.33999633789062,6981100
2017-11-29,188.14999389648438,199.02999877929688,184.32000732421875,198.91000366210938,14202700
2017-11-30,187.5800018310547,190.86000061035156,186.67999267578125,190.30999755859375,6630100
2017-12-01,186.82000732421875,189.8000030517578,185.0,186.99000549316406,6219500
2017-12-04,184.0399932861328,189.72000122070312,178.3800048828125,189.36000061035156,9069800
2017-12-05,184.2100067138672,188.13999938964844,181.19000244140625,183.5,5783700
2017-12-06,185.3000030517578,186.47999572753906,182.8800048828125,183.3800048828125,5490100
2017-12-07,185.1999969482422,187.33999633789062,183.22000122070312,185.7100067138672,4659500
2017-12-08,188.5399932861328,189.4199981689453,186.3000030517578,186.5,4987300
2017-12-11,186.22000122070312,189.4199981689453,185.91000366210938,187.85000610351562,5298600
2017-12-12,185.72999572753906,187.85000610351562,184.82000732421875,186.00999450683594,4265900
2017-12-13,187.86000061035156,188.69000244140625,185.41000366210938,186.10000610351562,4710000
2017-12-14,189.55999755859375,192.63999938964844,187.1999969482422,187.97999572753906,7792800
2017-12-15,190.1199951171875,191.42999267578125,188.00999450683594,189.61000061035156,7285600
2017-12-18,190.4199981689453,191.64999389648438,188.89999389648438,191.1999969482422,5011000
2017-12-19,187.02000427246094,190.3000030517578,185.75,190.17999267578125,7033000
2017-12-20,188.82000732421875,189.11000061035156,185.25999450683594,187.94000244140625,6545400
2017-12-21,188.6199951171875,190.9499969482422,187.5800018310547,189.44000244140625,4729800
2017-12-22,189.94000244140625,190.9499969482422,186.8000030517578,188.3300018310547,3878900
2017-12-26,187.75999450683594,189.94000244140625,186.39999389648438,189.77999877929688,3045700
2017-12-27,186.24000549316406,188.10000610351562,185.22000122070312,187.8000030517578,4002100
2017-12-28,192.7100067138672,194.49000549316406,186.85000610351562,187.17999267578125,10107400
2017-12-29,191.9600067138672,193.9499969482422,191.22000122070312,192.50999450683594,5187600
2018-01-02,201.07000732421875,201.64999389648438,195.4199981689453,196.10000610351562,10966900
2018-01-03,205.0500030517578,206.2100067138672,201.5,202.0500030517578,8591400
2018-01-04,205.6300048828125,207.0500030517578,204.0,206.1999969482422,6029600
2018-01-05,209.99000549316406,210.02000427246094,205.58999633789062,207.25,7033200
2018-01-08,212.0500030517578,212.5,208.44000244140625,210.02000427246094,5580200
2018-01-09,209.30999755859375,212.97999572753906,208.58999633789062,212.11000061035156,6125900
2018-01-10,212.52000427246094,213.63999938964844,206.91000366210938,207.57000732421875,5951500
2018-01-11,217.24000549316406,217.75,213.35000610351562,214.2899932861328,7659500
2018-01-12,221.22999572753906,222.5500030517578,216.0,217.17999267578125,8199400
2018-01-16,221.52999877929688,226.07000732421875,217.1999969482422,224.24000549316406,13516100
2018-01-17,217.5,221.14999389648438,216.32000732421875,221.0,9123100
2018-01-18,220.3300018310547,220.5800018310547,216.5500030517578,220.33999633789062,8225300
2018-01-19,220.4600067138672,223.49000549316406,218.5,222.75,10548600
2018-01-22,227.5800018310547,227.7899932861328,221.1999969482422,222.0,17703300
2018-01-23,250.2899932861328,257.7099914550781,248.02000427246094,255.0500030517578,27705300
2018-01-24,261.29998779296875,261.7099914550781,249.30999755859375,250.8800048828125,17352400
2018-01-25,269.70001220703125,272.29998779296875,260.2300109863281,263.0,15336400
2018-01-26,274.6000061035156,274.6000061035156,268.760009765625,271.489990234375,11021800
2018-01-29,284.5899963378906,286.80999755859375,273.9200134277344,274.20001220703125,17529700
2018-01-30,278.79998779296875,282.7300109863281,272.70001220703125,277.0,12482900
2018-01-31,270.29998779296875,282.2900085449219,269.5799865722656,281.94000244140625,11695100
2018-02-01,265.07000732421875,271.95001220703125,263.3800048828125,266.4100036621094,9669000
2018-02-02,267.42999267578125,270.6199951171875,262.7099914550781,263.0,9123600
2018-02-05,254.25999450683594,267.8999938964844,250.02999877929688,262.0,11896100
2018-02-06,265.7200012207031,266.70001220703125,245.0,247.6999969482422,12595800
2018-02-07,264.55999755859375,272.45001220703125,264.3299865722656,266.5799865722656,8981500
2018-02-08,250.10000610351562,267.6199951171875,250.0,267.0799865722656,9306700
2018-02-09,249.47000122070312,255.8000030517578,236.11000061035156,253.85000610351562,16906900
2018-02-12,257.95001220703125,259.1499938964844,249.0,252.13999938964844,8534900
2018-02-13,258.2699890136719,261.4100036621094,254.6999969482422,257.2900085449219,6855200
2018-02-14,266.0,269.8800048828125,260.3299865722656,260.4700012207031,10972000
2018-02-15,280.2699890136719,280.5,267.6300048828125,270.0299987792969,10759700
2018-02-16,278.5199890136719,281.9599914550781,275.69000244140625,278.7300109863281,8312400
2018-02-20,278.54998779296875,285.80999755859375,276.6099853515625,277.739990234375,7769000
2018-02-21,281.0400085449219,286.6400146484375,280.010009765625,282.07000732421875,9371100
2018-02-22,278.1400146484375,284.5,274.45001220703125,283.8800048828125,8891500
2018-02-23,285.92999267578125,286.0,277.80999755859375,281.0,7301800
2018-02-26,294.1600036621094,295.6499938964844,287.010009765625,288.75,10268600
2018-02-27,290.6099853515625,297.3599853515625,290.5899963378906,294.7699890136719,9416500
2018-02-28,291.3800048828125,295.75,290.7799987792969,293.1000061035156,7653500
2018-03-01,290.3900146484375,295.25,283.8299865722656,292.75,11932100
2018-03-02,301.04998779296875,301.17999267578125,283.2300109863281,284.6499938964844,13345300
2018-03-05,315.0,316.9100036621094,297.6000061035156,302.8500061035156,18986100
2018-03-06,325.2200012207031,325.7900085449219,316.5,319.8800048828125,18525800
2018-03-07,321.1600036621094,323.739990234375,314.54998779296875,320.0,17132200
2018-03-08,317.0,322.9200134277344,314.1300048828125,322.20001220703125,11340100
2018-03-09,331.44000244140625,331.44000244140625,320.2300109863281,321.3299865722656,14500200
2018-03-12,321.29998779296875,333.9800109863281,318.6000061035156,333.55999755859375,20369200
2018-03-13,315.8800048828125,325.8399963378906,313.2799987792969,323.8699951171875,12917200
2018-03-14,321.54998779296875,323.8800048828125,317.70001220703125,318.1600036621094,10475100
2018-03-15,321.0899963378906,323.3999938964844,318.1400146484375,323.1700134277344,5642900
2018-03-16,318.45001220703125,324.1099853515625,318.3699951171875,321.4200134277344,7333700
2018-03-19,313.4800109863281,317.0,307.3399963378906,315.79998779296875,9925200
2018-03-20,317.5,319.5,312.79998779296875,313.260009765625,5991900
2018-03-21,316.4800109863281,319.3999938964844,314.510009765625,316.3500061035156,5263900
2018-03-22,306.70001220703125,314.1199951171875,305.6600036621094,313.07000732421875,8063300
2018-03-23,300.94000244140625,309.3699951171875,300.3599853515625,307.4100036621094,9529900
2018-03-26,320.3500061035156,321.0299987792969,302.0,309.3599853515625,11988300
2018-03-27,300.69000244140625,322.8999938964844,297.0,322.489990234375,12068600
2018-03-28,285.7699890136719,298.79998779296875,281.6099853515625,298.3900146484375,18972900
2018-03-29,295.3500061035156,295.3500061035156,275.8999938964844,287.0,19145500
2018-04-02,280.2900085449219,292.8699951171875,275.04998779296875,291.94000244140625,13405800
2018-04-03,283.6700134277344,291.25,278.010009765625,285.45001220703125,12694900
2018-04-04,288.94000244140625,290.30999755859375,271.2200012207031,273.6300048828125,12914000
2018-04-05,293.9700012207031,299.1600036621094,289.1099853515625,293.1499938964844,10655200
2018-04-06,288.8500061035156,298.8500061035156,285.6499938964844,289.1000061035156,11444800
2018-04-09,289.92999267578125,299.54998779296875,289.1199951171875,291.7699890136719,9853600
2018-04-10,298.07000732421875,298.95001220703125,291.69000244140625,297.67999267578125,10660500
2018-04-11,303.6700134277344,311.6400146484375,301.82000732421875,302.8800048828125,14877400
2018-04-12,309.25,311.1300048828125,306.75,309.7200012207031,10249400
2018-04-13,311.6499938964844,317.489990234375,308.2300109863281,317.2900085449219,12046600
2018-04-16,307.7799987792969,316.1000061035156,304.0,315.989990234375,20307900
2018-04-17,336.05999755859375,338.6199951171875,323.7699890136719,329.6600036621094,33866500
2018-04-18,334.5199890136719,338.82000732421875,331.1000061035156,336.29998779296875,11221100
2018-04-19,332.70001220703125,335.30999755859375,326.7699890136719,332.8800048828125,8438800
2018-04-20,327.7699890136719,336.510009765625,326.0,332.2200012207031,9158700
2018-04-23,318.69000244140625,331.2200012207031,317.0799865722656,329.1499938964844,8968000
2018-04-24,307.0199890136719,320.25,302.30999755859375,319.2200012207031,13893200
2018-04-25,305.760009765625,309.9800109863281,292.6199951171875,306.3699951171875,14919700
2018-04-26,313.9800109863281,316.6300048828125,305.5799865722656,310.0,9266700
2018-04-27,311.760009765625,317.45001220703125,306.5,316.25,7074400
2018-04-30,312.4599914550781,317.8800048828125,310.1199951171875,311.07000732421875,6088800
2018-05-01,313.29998779296875,313.4800109863281,306.69000244140625,310.3599853515625,6036600
2018-05-02,313.3599853515625,317.1000061035156,310.3999938964844,311.6499938964844,5697100
2018-05-03,311.69000244140625,312.5899963378906,305.7300109863281,312.5899963378906,6135800
2018-05-04,320.0899963378906,320.9800109863281,307.6700134277344,308.7099914550781,8209500
2018-05-07,326.260009765625,329.0199890136719,319.3399963378906,321.989990234375,7117800
2018-05-08,326.8900146484375,327.3500061035156,323.04998779296875,325.8999938964844,4735700
2018-05-09,330.29998779296875,331.95001220703125,327.510009765625,328.7900085449219,5633400
2018-05-10,329.6000061035156,332.05999755859375,327.3399963378906,331.5,5302300
2018-05-11,326.4599914550781,331.260009765625,324.8699951171875,329.6499938964844,4589700
2018-05-14,328.5299987792969,330.5,327.0400085449219,327.25,4089800
2018-05-15,326.1300048828125,326.94000244140625,322.42999267578125,325.94000244140625,4746100
2018-05-16,328.19000244140625,329.7200012207031,325.1400146484375,326.2799987792969,3671700
2018-05-17,325.2200012207031,330.45001220703125,323.1700134277344,327.5299987792969,4935700
2018-05-18,324.17999267578125,326.4200134277344,322.79998779296875,324.8999938964844,3577700
2018-05-21,331.82000732421875,331.8800048828125,325.45001220703125,327.1099853515625,6657300
2018-05-22,331.6199951171875,336.6300048828125,331.1499938964844,334.04998779296875,5964400
2018-05-23,344.7200012207031,345.0,328.0899963378906,329.0400085449219,10049100
2018-05-24,349.2900085449219,354.0,341.1199951171875,344.3399963378906,14758600
2018-05-25,351.2900085449219,354.3599853515625,348.8299865722656,349.8999938964844,7817400
2018-05-29,349.7300109863281,356.1000061035156,346.7099914550781,351.5,9717900
2018-05-30,353.5400085449219,354.0,349.260009765625,352.3699951171875,5685500
2018-05-31,351.6000061035156,355.5299987792969,350.2099914550781,353.79998779296875,6921700
2018-06-01,359.92999267578125,359.989990234375,352.82000732421875,353.8800048828125,7112300
2018-06-04,361.80999755859375,363.0,355.510009765625,362.67999267578125,7682000
2018-06-05,365.79998779296875,369.8299865722656,361.4100036621094,363.32000732421875,8358000
2018-06-06,367.45001220703125,369.67999267578125,363.3299865722656,367.7799987792969,7712300
2018-06-07,361.3999938964844,368.70001220703125,357.79998779296875,368.5400085449219,8278000
2018-06-08,360.57000732421875,362.3900146484375,356.25,358.05999755859375,5225700
2018-06-11,361.45001220703125,365.6700134277344,360.9100036621094,361.8800048828125,4432400
2018-06-12,363.8299865722656,365.9800109863281,362.0,363.6000061035156,4291000
2018-06-13,379.92999267578125,384.25,364.1099853515625,367.5299987792969,18222800
2018-06-14,392.8699951171875,395.0299987792969,383.25,384.2699890136719,14598300
2018-06-15,391.9800109863281,398.8599853515625,387.510009765625,390.7099914550781,13588100
2018-06-18,390.3999938964844,393.1600036621094,386.5,387.7200012207031,6824800
2018-06-19,404.9800109863281,405.2900085449219,388.5,389.5,16697100
2018-06-20,416.760009765625,419.4700012207031,409.6000061035156,415.1499938964844,16494600
2018-06-21,415.44000244140625,423.2099914550781,406.3699951171875,421.3800048828125,18389900
2018-06-22,411.0899963378906,420.5,409.6499938964844,419.9800109863281,10428600
2018-06-25,384.4800109863281,405.989990234375,378.75,404.69000244140625,22490900
2018-06-26,399.3900146484375,404.7799987792969,389.04998779296875,393.2799987792969,15191200
2018-06-27,390.3900146484375,411.5899963378906,390.0,407.55999755859375,16541400
2018-06-28,395.4200134277344,396.8999938964844,387.1000061035156,395.0,12219900
2018-06-29,391.42999267578125,401.3299865722656,390.54998779296875,399.19000244140625,9252500
2018-07-02,398.17999267578125,398.3800048828125,380.0,385.45001220703125,8142500
2018-07-03,390.5199890136719,399.9800109863281,389.5,399.489990234375,5280300
2018-07-05,398.3900146484375,399.239990234375,390.8599853515625,393.79998779296875,8448900
2018-07-06,408.25,408.6499938964844,395.5199890136719,397.45001220703125,8629600
2018-07-09,418.9700012207031,419.1199951171875,411.1000061035156,415.95001220703125,11127500
2018-07-10,415.6300048828125,419.44000244140625,413.0799865722656,417.239990234375,9382900
2018-07-11,418.6499938964844,419.7699890136719,410.6000061035156,411.3399963378906,9713900
2018-07-12,413.5,416.7900085449219,407.79998779296875,415.1600036621094,12743300
2018-07-13,395.79998779296875,410.0,395.0799865722656,409.19000244140625,15719000
2018-07-16,400.4800109863281,403.3599853515625,391.75,398.9800109863281,22960000
2018-07-17,379.4800109863281,385.0,344.0,346.95001220703125,58410400
2018-07-18,375.1300048828125,383.1300048828125,372.3599853515625,381.239990234375,21746300
2018-07-19,364.2300109863281,375.75,363.0,371.05999755859375,16878700
2018-07-20,361.04998779296875,370.5,360.1400146484375,364.9200134277344,15096700
2018-07-23,362.6600036621094,363.8999938964844,353.6000061035156,359.1499938964844,11505200
2018-07-24,357.32000732421875,367.3999938964844,354.55999755859375,366.94000244140625,12851500
2018-07-25,362.8699951171875,363.2799987792969,355.6499938964844,357.57000732421875,8467800
2018-07-26,363.0899963378906,365.5400085449219,356.6300048828125,358.19000244140625,6993700
2018-07-27,355.2099914550781,367.0,351.6499938964844,366.8500061035156,8949500
2018-07-30,334.9599914550781,352.0299987792969,334.0199890136719,351.92999267578125,18260700
2018-07-31,337.45001220703125,342.5,328.0,331.510009765625,14085400
2018-08-01,338.3800048828125,344.4100036621094,334.0199890136719,335.8699951171875,7790500
2018-08-02,344.5,345.0,334.7099914550781,337.2300109863281,7131300
2018-08-03,343.0899963378906,347.8599853515625,338.4800109863281,347.75,8848400
2018-08-06,350.9200134277344,351.9800109863281,341.739990234375,342.8699951171875,8198100
2018-08-07,351.8299865722656,357.30999755859375,349.010009765625,353.2300109863281,7970900
2018-08-08,347.6099853515625,352.2900085449219,346.6099853515625,352.2099914550781,5394700
2018-08-09,349.3599853515625,352.44000244140625,345.82000732421875,347.9599914550781,4820300
2018-08-10,345.8699951171875,349.1000061035156,344.4200134277344,346.9100036621094,4328400
2018-08-13,341.30999755859375,347.19000244140625,339.07000732421875,339.8900146484375,6888900
2018-08-14,337.489990234375,342.4100036621094,336.25,342.0899963378906,5805200
2018-08-15,326.3999938964844,335.5,321.0,334.0299987792969,11784500
2018-08-16,322.44000244140625,331.1700134277344,321.2099914550781,329.8999938964844,6689700
2018-08-17,316.7799987792969,324.3699951171875,312.9599914550781,319.010009765625,10407900
2018-08-20,327.7300109863281,331.6000061035156,310.92999267578125,314.6400146484375,13591100
2018-08-21,338.0199890136719,341.5,329.70001220703125,331.0,14783200
2018-08-22,344.44000244140625,346.2099914550781,337.4100036621094,338.489990234375,8930700
2018-08-23,339.1700134277344,350.0799865722656,337.6499938964844,348.1099853515625,11336400
2018-08-24,358.82000732421875,359.1499938964844,344.5400085449219,346.0,14729100
2018-08-27,364.5799865722656,374.489990234375,360.0,367.1499938964844,17427300
2018-08-28,368.489990234375,369.989990234375,360.3800048828125,367.2300109863281,9222600
2018-08-29,368.0400085449219,369.8599853515625,362.9100036621094,367.20001220703125,8118700
2018-08-30,370.9800109863281,376.80999755859375,363.5400085449219,365.0,10981000
2018-08-31,367.67999267578125,376.0,367.0799865722656,370.6600036621094,7943400
2018-09-04,363.6000061035156,368.8800048828125,361.260009765625,366.4700012207031,7605200
2018-09-05,341.17999267578125,363.3900146484375,335.8299865722656,360.0,13092800
2018-09-06,346.4599914550781,356.0,341.989990234375,347.44000244140625,13050200
2018-09-07,348.67999267578125,355.75,341.25,342.20001220703125,9105800
2018-09-10,348.4100036621094,352.5,343.0799865722656,352.2699890136719,5752200
2018-09-11,355.92999267578125,356.1499938964844,343.8999938964844,344.6700134277344,6198100
2018-09-12,369.95001220703125,370.42999267578125,356.239990234375,359.0799865722656,10480800
2018-09-13,368.1499938964844,374.0899963378906,366.8399963378906,371.9100036621094,8366100
2018-09-14,364.55999755859375,371.0899963378906,363.4599914550781,368.54998779296875,4756400
2018-09-17,350.3500061035156,367.3299865722656,349.57000732421875,364.2200012207031,7071900
2018-09-18,367.6499938964844,368.1499938964844,351.55999755859375,353.6700134277344,10414000
2018-09-19,366.9599914550781,377.6099853515625,359.1700134277344,373.95001220703125,11876800
2018-09-20,365.3599853515625,370.260009765625,363.1700134277344,370.260009765625,6768100
2018-09-21,361.19000244140625,372.2200012207031,360.739990234375,366.5899963378906,11930600
2018-09-24,369.6099853515625,373.6400146484375,354.3299865722656,359.0,9322500
2018-09-25,369.42999267578125,371.3399963378906,364.489990234375,370.2300109863281,6799800
2018-09-26,377.8800048828125,382.0,370.8800048828125,373.5899963378906,13799700
2018-09-27,380.7099914550781,383.20001220703125,376.0,379.8699951171875,7326200
2018-09-28,374.1300048828125,380.79998779296875,373.7300109863281,379.239990234375,7114900
2018-10-01,381.42999267578125,386.1099853515625,375.5899963378906,375.8500061035156,8376600
2018-10-02,377.1400146484375,386.79998779296875,373.8299865722656,384.3800048828125,8638700
2018-10-03,377.04998779296875,380.92999267578125,374.8800048828125,378.5299987792969,5798600
2018-10-04,363.6499938964844,375.9200134277344,360.3999938964844,375.8800048828125,9074400
2018-10-05,351.3500061035156,363.5,343.0,359.7699890136719,13523000
2018-10-08,349.1000061035156,352.95001220703125,338.1099853515625,345.17999267578125,12375500
2018-10-09,355.7099914550781,358.7200012207031,347.0899963378906,348.4800109863281,8755000
2018-10-10,325.8900146484375,355.1499938964844,325.3900146484375,353.5199890136719,17183100
2018-10-11,321.1000061035156,334.20001220703125,315.80999755859375,324.94000244140625,16082100
2018-10-12,339.55999755859375,341.29998779296875,328.8999938964844,339.57000732421875,14870800
2018-10-15,333.1300048828125,339.2099914550781,326.92999267578125,337.6300048828125,11215000
2018-10-16,346.3999938964844,347.95001220703125,330.55999755859375,337.239990234375,20156400
2018-10-17,364.70001220703125,380.0,356.5,378.3299865722656,32610900
2018-10-18,346.7099914550781,362.20001220703125,346.04998779296875,360.6700134277344,18461000
2018-10-19,332.6700134277344,355.79998779296875,332.20001220703125,351.0,16717200
2018-10-22,329.5400085449219,335.79998779296875,320.3399963378906,333.1000061035156,17097200
2018-10-23,333.1600036621094,336.5799865722656,316.7699890136719,318.0,14907300
2018-10-24,301.8299865722656,333.0,300.7300109863281,332.2799987792969,19039300
2018-10-25,312.8699951171875,319.94000244140625,305.25,307.1199951171875,13346900
2018-10-26,299.8299865722656,313.989990234375,292.29998779296875,300.510009765625,19616000
2018-10-29,284.8399963378906,307.8900146484375,275.3999938964844,305.260009765625,21698800
2018-10-30,285.80999755859375,290.5199890136719,271.2099914550781,275.57000732421875,23685700
2018-10-31,301.7799987792969,311.5,295.04998779296875,297.7699890136719,20360300
2018-11-01,317.3800048828125,318.45001220703125,296.6700134277344,304.5899963378906,15121500
2018-11-02,309.1000061035156,321.8800048828125,308.3299865722656,318.0,13404600
2018-11-05,315.44000244140625,317.5299987792969,303.739990234375,311.1000061035156,10283000
2018-11-06,310.8399963378906,320.2200012207031,305.29998779296875,314.760009765625,9710400
2018-11-07,327.5,328.55999755859375,311.0,312.8999938964844,13328300
2018-11-08,317.9200134277344,332.04998779296875,316.6099853515625,328.0,11023900
2018-11-09,303.4700012207031,312.9800109863281,298.010009765625,311.07000732421875,13480800
2018-11-12,294.07000732421875,302.489990234375,290.6300048828125,300.0,10924800
2018-11-13,294.3999938964844,303.54998779296875,289.1000061035156,295.0,12232200
2018-11-14,286.7300109863281,301.8399963378906,278.29998779296875,300.3999938964844,16853600
2018-11-15,290.05999755859375,292.5,282.1600036621094,285.510009765625,9967100
2018-11-16,286.2099914550781,291.7200012207031,281.0,287.1400146484375,9099500
2018-11-19,270.6000061035156,285.0899963378906,269.1499938964844,283.7900085449219,12993800
2018-11-20,266.9800109863281,276.3399963378906,250.0,254.6300048828125,16693800
2018-11-21,262.1300048828125,275.3399963378906,261.510009765625,274.4200134277344,11023000
2018-11-23,258.82000732421875,265.5,256.8399963378906,260.1099853515625,5245100
2018-11-26,261.42999267578125,266.25,253.8000030517578,260.54998779296875,12498600
2018-11-27,266.6300048828125,269.0799865722656,256.1400146484375,259.239990234375,11149500
2018-11-28,282.6499938964844,284.0,263.3399963378906,271.9800109863281,14801300
2018-11-29,288.75,290.489990234375,275.5,282.32000732421875,15431500
2018-11-30,286.1300048828125,290.80999755859375,283.05999755859375,288.0,11860100
2018-12-03,290.29998779296875,298.7200012207031,284.5799865722656,293.19000244140625,14117400
2018-12-04,275.3299865722656,295.739990234375,274.7200012207031,288.1300048828125,12800600
2018-12-06,282.8800048828125,283.2200012207031,267.1400146484375,268.3299865722656,13074300
2018-12-07,265.1400146484375,284.2099914550781,263.3800048828125,282.4800109863281,12466700
2018-12-10,269.70001220703125,271.17999267578125,260.6099853515625,264.19000244140625,9605600
2018-12-11,265.32000732421875,274.5,262.760009765625,274.0799865722656,9843200
2018-12-12,274.8800048828125,281.7699890136719,266.4800109863281,267.6600036621094,11456700
2018-12-13,276.0199890136719,279.32000732421875,271.8500061035156,277.6400146484375,8379300
2018-12-14,266.8399963378906,277.6700134277344,265.0,271.80999755859375,9915300
2018-12-17,262.79998779296875,272.9800109863281,261.0799865722656,266.510009765625,9634700
2018-12-18,270.94000244140625,275.75,263.2900085449219,263.29998779296875,10350100
2018-12-19,266.7699890136719,280.8699951171875,263.7699890136719,269.9599914550781,13788400
2018-12-20,260.5799865722656,269.8999938964844,251.8800048828125,264.6400146484375,16792900
2018-12-21,246.38999938964844,264.5,241.2899932861328,263.8299865722656,21397600
2018-12-24,233.8800048828125,250.64999389648438,233.67999267578125,242.0,9547600
2018-12-26,253.6699981689453,254.5,231.22999572753906,233.9199981689453,14402700
2018-12-27,255.57000732421875,255.58999633789062,240.10000610351562,250.11000061035156,12235200
2018-12-28,256.0799865722656,261.9100036621094,249.8000030517578,257.94000244140625,10992800
2018-12-31,267.6600036621094,270.1000061035156,260.0,260.1600036621094,13508900
2019-01-02,267.6600036621094,269.75,256.5799865722656,259.2799987792969,11679500
2019-01-03,271.20001220703125,275.7900085449219,264.42999267578125,270.20001220703125,14969600
2019-01-04,297.57000732421875,297.79998779296875,278.5400085449219,281.8800048828125,19330100
2019-01-07,315.3399963378906,316.79998779296875,301.6499938964844,302.1000061035156,18620100
2019-01-08,320.2699890136719,320.5899963378906,308.010009765625,319.9800109863281,15359200
2019-01-09,319.9599914550781,323.3500061035156,313.5,317.7099914550781,13343200
2019-01-10,324.6600036621094,325.3699951171875,312.5,314.57000732421875,13472500
2019-01-11,337.5899963378906,341.0899963378906,328.5199890136719,330.9599914550781,19500400
2019-01-14,332.94000244140625,335.4800109863281,329.1300048828125,334.239990234375,10499600
2019-01-15,354.6400146484375,357.2200012207031,347.0,349.6000061035156,21181200
2019-01-16,351.3900146484375,358.8500061035156,348.1099853515625,354.0,15385500
2019-01-17,353.19000244140625,355.7900085449219,346.4100036621094,349.5,18871200
2019-01-18,339.1000061035156,353.0,336.7300109863281,351.9700012207031,26621000
2019-01-22,325.1600036621094,336.8800048828125,321.0299987792969,334.8900146484375,17941400
2019-01-23,321.989990234375,331.75,318.6000061035156,328.25,13480100
2019-01-24,326.6700134277344,331.79998779296875,319.0,320.6000061035156,11131600
2019-01-25,338.04998779296875,340.0,328.510009765625,328.7200012207031,11152900
2019-01-28,335.6600036621094,336.29998779296875,328.8800048828125,334.70001220703125,8652100
2019-01-29,328.8999938964844,338.2200012207031,328.1499938964844,335.8699951171875,7655200
2019-01-30,340.6600036621094,341.7799987792969,330.79998779296875,332.75,9234500
2019-01-31,339.5,345.989990234375,338.0899963378906,339.67999267578125,8535500
2019-02-01,339.8500061035156,346.8399963378906,336.5,337.17999267578125,9827800
2019-02-04,351.3399963378906,352.0,341.29998779296875,342.6000061035156,9051400
2019-02-05,355.80999755859375,360.0,352.8999938964844,353.20001220703125,9046600
2019-02-06,352.19000244140625,357.0400085449219,347.19000244140625,357.0,6717700
2019-02-07,344.7099914550781,348.75,339.0199890136719,347.8999938964844,7864500
2019-02-08,347.57000732421875,348.0,338.0,338.0,7561400
2019-02-11,345.7300109863281,352.8699951171875,344.80999755859375,350.0,5454900
2019-02-12,359.9700012207031,360.0,346.5199890136719,348.0899963378906,10429400
2019-02-13,351.7699890136719,359.6000061035156,350.2799987792969,357.29998779296875,10559100
2019-02-14,359.07000732421875,360.45001220703125,348.3299865722656,351.75,9295300
2019-02-15,356.8699951171875,364.3999938964844,355.5,358.4700012207031,9230000
2019-02-19,361.9200134277344,365.0,355.32000732421875,355.79998779296875,7396600
2019-02-20,359.9100036621094,366.7099914550781,356.70001220703125,364.8500061035156,8110700
2019-02-21,356.9700012207031,362.8500061035156,353.8800048828125,360.0299987792969,6227900
2019-02-22,363.0199890136719,366.1300048828125,360.04998779296875,360.3399963378906,7088200
2019-02-25,363.9100036621094,371.489990234375,363.7900085449219,367.010009765625,7569300
2019-02-26,364.9700012207031,365.70001220703125,359.3299865722656,362.9800109863281,4944600
2019-02-27,362.8699951171875,368.0299987792969,359.79998779296875,363.5,5629900
2019-02-28,358.1000061035156,366.3900146484375,357.7099914550781,362.4700012207031,6186800
2019-03-01,357.32000732421875,362.8699951171875,354.69000244140625,362.260009765625,5526500
2019-03-04,351.0400085449219,362.25,348.0400085449219,359.7200012207031,7487000
2019-03-05,354.29998779296875,356.1700134277344,348.25,351.4599914550781,5937800
2019-03-06,359.6099853515625,359.8800048828125,351.70001220703125,353.6000061035156,6211900
2019-03-07,352.6000061035156,362.8599853515625,350.5,360.1600036621094,6151300
2019-03-08,349.6000061035156,349.9200134277344,342.4700012207031,345.75,6898800
2019-03-11,358.8599853515625,358.9800109863281,350.0299987792969,352.0,5387300
2019-03-12,356.2699890136719,360.1300048828125,353.79998779296875,359.3699951171875,5164600
2019-03-13,361.2099914550781,362.4800109863281,352.7699890136719,355.80999755859375,6444100
2019-03-14,358.82000732421875,363.8399963378906,358.1000061035156,360.5,5271400
2019-03-15,361.4599914550781,364.0,358.8900146484375,361.0199890136719,8444500
2019-03-18,363.44000244140625,370.9700012207031,361.8599853515625,362.4700012207031,7194700
2019-03-19,358.7799987792969,366.9599914550781,356.79998779296875,366.3999938964844,7541400
2019-03-20,375.2200012207031,375.8999938964844,357.010009765625,358.9100036621094,10917200
2019-03-21,377.8699951171875,379.0,370.6099853515625,374.0,8544000
2019-03-22,361.010009765625,376.42999267578125,360.0400085449219,375.95001220703125,8661300
2019-03-25,366.2300109863281,367.0400085449219,357.44000244140625,359.0,8473800
2019-03-26,359.9700012207031,368.3800048828125,358.0199890136719,367.8699951171875,7666500
2019-03-27,353.3699951171875,362.4700012207031,350.3699951171875,361.0,7852400
2019-03-28,354.6099853515625,355.94000244140625,349.20001220703125,354.489990234375,4361000
2019-03-29,356.55999755859375,358.25,353.7099914550781,357.1600036621094,4705600
2019-04-01,366.9599914550781,368.3299865722656,358.510009765625,359.0,7036100
2019-04-02,367.7200012207031,368.4200134277344,362.2200012207031,366.25,5158700
2019-04-03,369.75,373.4100036621094,366.19000244140625,369.260009765625,5368900
2019-04-04,367.8800048828125,372.04998779296875,362.3999938964844,370.07000732421875,4627300
2019-04-05,365.489990234375,369.79998779296875,364.6600036621094,369.0,3905500
2019-04-08,361.4100036621094,365.94000244140625,359.92999267578125,365.1099853515625,4653800
2019-04-09,364.7099914550781,366.739990234375,359.0,360.5400085449219,5439200
2019-04-10,363.9200134277344,368.8500061035156,362.25,365.7900085449219,4545600
2019-04-11,367.6499938964844,370.1199951171875,360.80999755859375,365.0,6526900
2019-04-12,351.1400146484375,361.75,349.3599853515625,360.69000244140625,15646200
2019-04-15,348.8699951171875,352.2099914550781,342.2699890136719,350.7099914550781,8842300
2019-04-16,359.4599914550781,364.4800109863281,352.7200012207031,355.0,18740200
2019-04-17,354.739990234375,368.760009765625,350.6000061035156,365.04998779296875,18054100
2019-04-18,360.3500061035156,360.4100036621094,351.6400146484375,355.0,8353200
2019-04-22,377.3399963378906,377.69000244140625,359.0,359.70001220703125,11980500
2019-04-23,381.8900146484375,384.79998779296875,374.7099914550781,375.45001220703125,10089800
2019-04-24,374.2300109863281,381.8999938964844,373.2699890136719,381.07000732421875,6541900
2019-04-25,368.3299865722656,374.760009765625,365.70001220703125,374.489990234375,6255500
2019-04-26,374.8500061035156,375.1400146484375,366.239990234375,368.3500061035156,5621900
2019-04-29,371.8299865722656,374.5799865722656,369.1199951171875,373.67999267578125,3821700
2019-04-30,370.5400085449219,374.5,368.3500061035156,369.55999755859375,3870100
2019-05-01,378.80999755859375,385.989990234375,373.1700134277344,374.0,9257300
2019-05-02,379.05999755859375,383.5,374.510009765625,378.0,5398200
2019-05-03,385.0299987792969,385.0299987792969,378.2699890136719,381.5299987792969,5130300
2019-05-06,378.6700134277344,381.3500061035156,376.0,377.69000244140625,5793100
2019-05-07,370.4599914550781,379.9100036621094,365.80999755859375,377.0,6974900
2019-05-08,364.3699951171875,369.0,361.3599853515625,367.9200134277344,6572000
2019-05-09,362.75,364.20001220703125,352.75,360.8999938964844,5882600
2019-05-10,361.0400085449219,365.260009765625,353.05999755859375,361.6199951171875,5657100
2019-05-13,345.260009765625,354.260009765625,343.1000061035156,352.2900085449219,8026700
2019-05-14,345.6099853515625,349.95001220703125,342.5,348.7099914550781,5353000
2019-05-15,354.989990234375,356.5,341.3900146484375,343.3399963378906,6340100
2019-05-16,359.30999755859375,364.0,353.94000244140625,356.3699951171875,6441500
2019-05-17,354.45001220703125,359.6199951171875,353.7900085449219,356.3900146484375,4725400
2019-05-20,348.1099853515625,352.4200134277344,345.3999938964844,351.2300109863281,4621500
2019-05-21,354.2699890136719,356.42999267578125,349.92999267578125,350.95001220703125,4026400
2019-05-22,359.7300109863281,370.4599914550781,357.29998779296875,358.010009765625,6229400
2019-05-23,352.2099914550781,357.4200134277344,347.70001220703125,355.5,5630400
2019-05-24,354.3900146484375,359.44000244140625,353.7900085449219,355.4100036621094,3831000
2019-05-28,355.05999755859375,361.20001220703125,353.6499938964844,354.3900146484375,4717100
2019-05-29,349.19000244140625,353.8500061035156,345.8999938964844,353.6000061035156,5658900
2019-05-30,351.8500061035156,354.2099914550781,348.29998779296875,350.54998779296875,4008000
2019-05-31,343.2799987792969,349.3399963378906,342.9200134277344,347.2200012207031,5023400
2019-06-03,336.6300048828125,347.6600036621094,332.6499938964844,343.55999755859375,7849600
2019-06-04,353.3999938964844,353.6099853515625,343.25,345.0,7891600
2019-06-05,355.7300109863281,357.8800048828125,348.7099914550781,354.3800048828125,5020100
2019-06-06,357.1300048828125,358.2099914550781,352.0899963378906,354.8399963378906,3710000
2019-06-07,360.8699951171875,365.1499938964844,355.69000244140625,357.3900146484375,4777300
2019-06-10,352.010009765625,367.1000061035156,349.2900085449219,363.6499938964844,7810300
2019-06-11,351.2699890136719,357.5799865722656,348.5,355.0,5396700
2019-06-12,345.55999755859375,353.6099853515625,343.2300109863281,351.82000732421875,4584700
2019-06-13,343.42999267578125,348.5,339.25,347.2300109863281,6209300
2019-06-14,339.7300109863281,343.3999938964844,336.1600036621094,341.6300048828125,5019000
2019-06-17,350.6199951171875,351.7699890136719,342.05999755859375,342.69000244140625,5358200
2019-06-18,357.1199951171875,361.5,353.75,355.57000732421875,5428500
2019-06-19,363.5199890136719,364.739990234375,356.1199951171875,361.7200012207031,5667200
2019-06-20,365.2099914550781,370.1199951171875,361.2200012207031,365.9100036621094,5899500
2019-06-21,369.2099914550781,371.45001220703125,365.0,365.0,7448400
2019-06-24,371.0400085449219,375.0,370.20001220703125,370.2699890136719,4830200
2019-06-25,360.29998779296875,371.0,358.2900085449219,370.75,5750400
2019-06-26,362.20001220703125,366.7900085449219,361.6000061035156,361.6000061035156,3669700
2019-06-27,370.0199890136719,370.8500061035156,363.20001220703125,363.20001220703125,4138600
2019-06-28,367.32000732421875,371.5400085449219,364.8699951171875,370.260009765625,4592700
2019-07-01,374.6000061035156,376.6600036621094,372.0,373.5,4992600
2019-07-02,375.42999267578125,376.0,370.30999755859375,374.8900146484375,3625000
2019-07-03,381.7200012207031,381.989990234375,375.8399963378906,376.69000244140625,3799000
2019-07-05,380.54998779296875,381.3999938964844,375.55999755859375,378.2900085449219,3732200
2019-07-08,376.1600036621094,378.25,375.3599853515625,378.19000244140625,3113400
2019-07-09,379.92999267578125,384.760009765625,377.5,379.05999755859375,6932800
2019-07-10,381.0,384.3399963378906,362.67999267578125,382.7699890136719,5878800
2019-07-11,379.5,384.5400085449219,378.79998779296875,381.1000061035156,4336300
2019-07-12,373.25,379.739990234375,372.7900085449219,378.67999267578125,6636900
2019-07-15,366.6000061035156,373.67999267578125,362.29998779296875,372.94000244140625,7944700
2019-07-16,365.989990234375,371.3399963378906,364.9200134277344,370.0899963378906,5863200
2019-07-17,362.44000244140625,366.5,361.75,366.25,13639500
2019-07-18,325.2099914550781,329.8500061035156,320.29998779296875,323.760009765625,31287100
2019-07-19,315.1000061035156,325.8500061035156,314.2300109863281,323.3999938964844,16302500
2019-07-22,310.6199951171875,314.5400085449219,305.80999755859375,312.0,17718000
2019-07-23,307.29998779296875,313.5,306.0,311.44000244140625,9171100
2019-07-24,317.94000244140625,319.989990234375,307.25,310.510009765625,11961800
2019-07-25,326.4599914550781,327.69000244140625,316.29998779296875,318.8599853515625,10798500
2019-07-26,335.7799987792969,336.0,327.5,328.7900085449219,10847500
2019-07-29,332.70001220703125,336.3999938964844,328.7699890136719,335.9800109863281,5782800
2019-07-30,325.92999267578125,329.6499938964844,323.2300109863281,329.20001220703125,6029300
2019-07-31,322.989990234375,331.7699890136719,318.5299987792969,325.1600036621094,6259500
2019-08-01,319.5,328.5799865722656,318.739990234375,324.25,6563200
2019-08-02,318.8299865722656,319.4100036621094,311.79998779296875,317.489990234375,6280300
2019-08-05,307.6300048828125,313.4200134277344,304.67999267578125,310.9599914550781,8692500
2019-08-06,310.1000061035156,311.8800048828125,305.29998779296875,310.5799865722656,6179100
2019-08-07,304.2900085449219,305.0,296.80999755859375,302.55999755859375,9322400
2019-08-08,315.8999938964844,316.3599853515625,306.6300048828125,311.0299987792969,5905900
2019-08-09,308.92999267578125,316.6400146484375,305.67999267578125,313.739990234375,5349100
2019-08-12,310.8299865722656,312.8900146484375,303.239990234375,305.4599914550781,6531700
2019-08-13,312.2799987792969,316.42999267578125,308.1600036621094,309.7699890136719,5289400
2019-08-14,299.1099853515625,308.4100036621094,298.010009765625,308.010009765625,7355800
2019-08-15,295.760009765625,300.6300048828125,288.0,299.5,9629200
2019-08-16,302.79998779296875,303.54998779296875,296.2699890136719,298.8599853515625,6905800
2019-08-19,309.3800048828125,311.75,304.75,306.25,4942200
2019-08-20,298.989990234375,305.0,297.67999267578125,304.57000732421875,7349900
2019-08-21,297.80999755859375,302.8800048828125,296.20001220703125,301.6099853515625,5685400
2019-08-22,296.92999267578125,300.3299865722656,293.1499938964844,298.6499938964844,4974200
2019-08-23,291.44000244140625,299.010009765625,290.32000732421875,295.0,6324900
2019-08-26,294.9800109863281,296.95001220703125,292.5,295.239990234375,4695700
2019-08-27,291.0299987792969,296.7699890136719,287.20001220703125,294.5400085449219,6309400
2019-08-28,291.7699890136719,292.82000732421875,287.75,289.4700012207031,3955700
2019-08-29,296.7799987792969,299.92999267578125,294.989990234375,295.0,4388500
2019-08-30,293.75,298.94000244140625,290.8500061035156,298.7799987792969,4446400
2019-09-03,289.2900085449219,293.8999938964844,288.05999755859375,290.82000732421875,3682800
2019-09-04,291.5199890136719,292.3800048828125,286.510009765625,291.25,4652500
2019-09-05,293.25,293.9700012207031,282.7900085449219,285.32000732421875,8966800
2019-09-06,290.1700134277344,293.3500061035156,287.0299987792969,293.3500061035156,5166600
2019-09-09,294.3399963378906,301.54998779296875,290.6000061035156,294.80999755859375,8232700
2019-09-10,287.989990234375,297.1700134277344,282.6600036621094,291.1600036621094,12320200
2019-09-11,288.2699890136719,292.6499938964844,284.6099853515625,285.70001220703125,7405900
2019-09-12,288.8599853515625,292.7300109863281,286.6000061035156,288.1000061035156,5010900
2019-09-13,294.1499938964844,296.6199951171875,290.0400085449219,290.6099853515625,6583100
2019-09-16,294.2900085449219,297.42999267578125,289.7799987792969,294.2300109863281,5307400
2019-09-17,298.6000061035156,299.1499938964844,291.7900085449219,294.5,4777100
2019-09-18,291.55999755859375,296.04998779296875,287.45001220703125,294.989990234375,7811100
2019-09-19,286.6000061035156,293.80999755859375,283.3999938964844,291.55999755859375,8461300
2019-09-20,270.75,282.5,266.0,280.260009765625,23832800
2019-09-23,265.9200134277344,273.3900146484375,261.8900146484375,268.3500061035156,13478600
2019-09-24,254.58999633789062,265.0,252.27999877929688,262.5,16338200
2019-09-25,264.75,266.6000061035156,253.6999969482422,255.7100067138672,11643800
2019-09-26,263.30999755859375,268.04998779296875,260.20001220703125,266.4200134277344,7684000
2019-09-27,263.0799865722656,267.44000244140625,260.3900146484375,266.17999267578125,7328300
2019-09-30,267.6199951171875,268.8800048828125,262.7799987792969,264.0,6727200
2019-10-01,269.5799865722656,272.20001220703125,264.0299987792969,267.3500061035156,8650300
2019-10-02,268.0299987792969,269.3500061035156,262.19000244140625,263.6099853515625,7659100
2019-10-03,268.1499938964844,268.8399963378906,257.010009765625,267.7799987792969,8951000
2019-10-04,272.7900085449219,275.4800109863281,266.4700012207031,268.20001220703125,9890400
2019-10-07,274.4599914550781,276.67999267578125,271.2799987792969,271.989990234375,6525600
2019-10-08,270.7200012207031,275.5299987792969,270.6400146484375,273.0299987792969,6276400
2019-10-09,267.5299987792969,271.0,264.57000732421875,270.0199890136719,6794400
2019-10-10,280.4800109863281,280.5299987792969,265.0299987792969,265.9700012207031,10809100
2019-10-11,282.92999267578125,287.8699951171875,282.3399963378906,284.79998779296875,8786100
2019-10-14,285.5299987792969,286.92999267578125,282.0,283.92999267578125,5513200
2019-10-15,284.25,285.8699951171875,279.3999938964844,283.82000732421875,7685600
2019-10-16,286.2799987792969,288.1700134277344,280.739990234375,283.1199951171875,16175900
2019-10-17,293.3500061035156,308.75,288.29998779296875,304.489990234375,38258900
2019-10-18,275.29998779296875,290.8999938964844,273.3599853515625,289.3599853515625,23429900
2019-10-21,278.04998779296875,279.94000244140625,269.0,272.8900146484375,12599200
2019-10-22,266.69000244140625,275.4100036621094,265.79998779296875,271.1600036621094,11802400
2019-10-23,271.2699890136719,273.9200134277344,266.6300048828125,268.05999755859375,7133500
2019-10-24,271.5,274.0199890136719,268.79998779296875,271.80999755859375,4827400
2019-10-25,276.82000732421875,277.7699890136719,270.17999267578125,270.67999267578125,4747800
2019-10-28,281.8599853515625,285.75,277.3500061035156,278.04998779296875,6248400
2019-10-29,281.2099914550781,284.4100036621094,277.54998779296875,281.8699951171875,4356200
2019-10-30,291.45001220703125,293.489990234375,283.0,284.3399963378906,9345600
2019-10-31,287.4100036621094,291.45001220703125,284.7799987792969,291.0,5090000
2019-11-01,286.80999755859375,289.1199951171875,283.0199890136719,288.70001220703125,5594300
2019-11-04,292.8599853515625,295.3900146484375,287.1600036621094,288.0,5566200
2019-11-05,288.0299987792969,291.19000244140625,286.30999755859375,289.989990234375,4062400
2019-11-06,288.5899963378906,290.55999755859375,285.8399963378906,288.19000244140625,3438300
2019-11-07,289.57000732421875,298.19000244140625,288.2699890136719,290.70001220703125,5928500
2019-11-08,291.57000732421875,293.989990234375,287.510009765625,288.7300109863281,4509000
2019-11-11,294.17999267578125,296.3599853515625,288.5,289.1600036621094,3944300
2019-11-12,292.010009765625,295.3500061035156,288.70001220703125,295.32000732421875,5772800
2019-11-13,283.1099853515625,293.4100036621094,281.1400146484375,291.0299987792969,9158900
2019-11-14,289.6199951171875,290.6300048828125,283.2200012207031,283.25,6529000
2019-11-15,295.0299987792969,295.82000732421875,287.57000732421875,290.5899963378906,6333800
2019-11-18,302.57000732421875,304.989990234375,293.2799987792969,296.0,8616600
2019-11-19,302.6000061035156,305.6700134277344,298.5199890136719,304.010009765625,5918000
2019-11-20,305.1600036621094,308.25,301.0,301.010009765625,5111800
2019-11-21,311.69000244140625,312.69000244140625,304.260009765625,306.0,7488400
2019-11-22,310.4800109863281,311.3999938964844,304.4100036621094,309.1000061035156,5970100
2019-11-25,315.54998779296875,315.7300109863281,305.25,308.8299865722656,7873900
2019-11-26,312.489990234375,316.5,311.69000244140625,315.0,5321000
2019-11-27,315.92999267578125,316.82000732421875,312.75,313.92999267578125,4096900
2019-11-29,314.6600036621094,316.6199951171875,313.3399963378906,315.7799987792969,2411700
2019-12-02,309.989990234375,314.3900146484375,303.75,314.3900146484375,6218800
2019-12-03,306.1600036621094,307.3599853515625,301.8800048828125,302.2200012207031,4992800
2019-12-04,304.32000732421875,308.42999267578125,303.2699890136719,308.42999267578125,3512100
2019-12-05,302.8599853515625,306.4800109863281,298.80999755859375,305.2699890136719,4615500
2019-12-06,307.3500061035156,307.8500061035156,302.6000061035156,304.70001220703125,4457800
2019-12-09,302.5,311.489990234375,302.44000244140625,307.3500061035156,5748400
2019-12-10,293.1199951171875,298.94000244140625,292.0199890136719,296.1199951171875,10476100
2019-12-11,298.92999267578125,299.42999267578125,294.20001220703125,294.489990234375,5589800
2019-12-12,298.44000244140625,299.1700134277344,295.05999755859375,295.6700134277344,4766600
2019-12-13,298.5,301.79998779296875,297.25,298.5,3879700
2019-12-16,304.2099914550781,305.7099914550781,298.6300048828125,300.8500061035156,4658900
2019-12-17,315.4800109863281,316.79998779296875,306.6000061035156,307.3599853515625,10427100
2019-12-18,320.79998779296875,325.3599853515625,315.6000061035156,316.260009765625,11207400
2019-12-19,332.2200012207031,332.8299865722656,324.17999267578125,324.5,9822300
2019-12-20,336.8999938964844,338.0,330.6000061035156,335.0,9914900
2019-12-23,333.1000061035156,337.95001220703125,331.0199890136719,337.760009765625,5765300
2019-12-24,333.20001220703125,335.70001220703125,331.6000061035156,334.010009765625,2019300
2019-12-26,332.6300048828125,336.4599914550781,332.010009765625,334.6000061035156,3589900
2019-12-27,329.0899963378906,333.82000732421875,326.010009765625,332.9599914550781,5036100
2019-12-30,323.30999755859375,329.19000244140625,322.8599853515625,329.0799865722656,4311500
