Date,Close TSM,High TSM,Low TSM,Open TSM,Volume TSM
2020-01-02,54.29279327392578,54.36513364198355,53.89490917620729,53.89490917620729,8432600
2020-01-03,52.502315521240234,53.33424857329749,52.48422957016823,53.32520732253271,10546400
2020-01-06,51.896446228027344,52.167728584537876,51.66133577226283,52.08634353263049,8897200
2020-01-07,52.737430572509766,52.9906270104526,51.30867480899169,51.95071060494258,7444300
2020-01-08,53.12626647949219,53.33424974708382,52.547529830621116,52.619870186958735,5381500
2020-01-09,53.56032180786133,53.99437431754388,53.08105614187611,53.976288365114264,5112700
2020-01-10,53.225730895996094,53.98532351595227,53.14434584923143,53.98532351595227,4807700
2020-01-13,54.31087112426758,54.40129743323249,53.75926167077095,54.39225618215303,6613700
2020-01-14,54.54597091674805,54.835339188226136,54.18425885262949,54.401286781009006,6715200
2020-01-15,52.80072784423828,53.985331829676575,52.683170880909564,53.95820117688218,10075100
2020-01-16,53.12626647949219,53.97628550132875,52.719341195272676,53.5331917637117,11215700
2020-01-17,52.9725456237793,53.12627105018652,52.45710458639383,53.026800033314636,8125700
2020-01-21,52.66508483886719,53.352333721549506,51.96879125601374,52.43901562818265,9873700
2020-01-22,52.76456069946289,53.298084258640415,52.7374334937643,53.261915800889945,8124500
2020-01-23,51.97783660888672,52.51136012619116,51.200157910828445,52.32146280211907,9999200
2020-01-24,52.20390319824219,52.57465657630062,51.95974802983163,52.52944342278959,10402200
2020-01-27,49.970333099365234,50.6304581811174,49.789480503887965,50.29587329049174,9675500
2020-01-28,51.62517166137695,51.65229886625861,50.169285207318964,50.395354446780324,8124400
2020-01-29,51.715599060058594,52.0140121181757,51.40814474997259,52.0140121181757,7693400
2020-01-30,50.458648681640625,50.67567664834922,49.789485729245605,49.807571680599864,10295700
2020-01-31,48.77669143676758,50.16927859623077,48.4692371736334,50.12406544420505,13467200
2020-02-03,49.527244567871094,49.68096997994111,48.957549174082935,49.14744648883149,9594300
2020-02-04,52.01401138305664,52.12252365286429,51.45336063125046,51.471443134932684,12746600
2020-02-05,52.3757209777832,52.58370771859022,51.69751324340522,52.53849110999735,6594400
2020-02-06,52.466148376464844,52.701258862634575,51.79698192429401,52.69221761104998,4236300
2020-02-07,50.82036209106445,51.67038112889258,50.693763877935005,51.67038112889258,6808400
2020-02-10,51.56187057495117,51.58899777879358,50.94696199121006,51.03738830371323,4281200
2020-02-11,53.044883728027344,53.26191170555749,52.27624972962914,52.402847945878946,6523200
2020-02-12,53.92203140258789,54.030543662481634,53.26190969312527,53.57840522179141,5962900
2020-02-13,53.65074920654297,53.98533068789475,53.117225706772125,53.469893139756785,6460100
2020-02-14,52.619876861572266,53.506067898758566,52.33050850043155,53.37042841984178,6932400
2020-02-18,50.802276611328125,51.145902799831575,50.30492500532261,50.72993280341471,10989000
2020-02-19,52.12251663208008,52.39379899482951,51.54378000500331,51.769849215551574,7866300
2020-02-20,51.07355880737305,51.57995511230928,50.467694941229226,51.489525352744266,7192900
2020-02-21,50.26875686645508,51.2272916958455,50.2054577545611,51.2272916958455,6816600
2020-02-24,48.93946075439453,49.454898268167874,48.08944178157622,48.42402324062119,9968800
2020-02-25,48.7043571472168,50.16024359068499,48.67722994253246,50.03364536943433,12670700
2020-02-26,49.762359619140625,50.1059858271485,49.174581669423354,49.27405268617902,10969300
2020-02-27,48.18891906738281,49.37351965370311,48.170833114597556,49.01181094662643,11878900
2020-02-28,48.6862678527832,48.87616517162605,46.118121349459074,46.43461688086382,13604500
2020-03-02,50.621421813964844,50.64854901784318,48.67722849623055,49.16553541375407,13797700
2020-03-03,49.626712799072266,50.97408332781452,48.867120133031385,50.91078422643964,14661800
2020-03-04,51.616127014160156,51.625168265345,50.23258101398062,50.61237910505391,9878200
2020-03-05,50.39535140991211,50.99217402814332,49.96129891024783,50.738977599058146,10004200
2020-03-06,49.79853057861328,49.80757527971524,48.80382732904897,49.373519314933,12971200
2020-03-09,46.868675231933594,48.95755274564073,46.17238157751696,46.61547534425488,13781100
2020-03-10,49.29212951660156,49.39160052190909,47.46549331738898,48.56870872737741,11698700
2020-03-11,47.23942565917969,48.433070863052095,47.103782747563145,48.02614557774501,14498000
2020-03-12,44.029239654541016,46.10907921971344,43.866469541622436,44.90638932420865,15942200
2020-03-13,47.230384826660156,47.438368111840795,44.57181182749654,46.931975226024576,14948700
2020-03-16,40.60203552246094,43.72178817022367,40.60203552246094,41.904193059365134,16628200
2020-03-17,43.89360046386719,43.91168641536317,40.71958669194456,41.370667147629725,13415700
2020-03-18,40.122764587402344,41.678121939884136,39.11901668897712,39.607327036785485,15018500
2020-03-19,40.065250396728516,41.24283550521229,38.978952980144285,39.92832408228327,11182600
2020-03-20,40.64948654174805,44.07269738186211,40.60384442700055,43.83535629581307,14157700
2020-03-23,41.31586837768555,41.63537012388486,39.727500605193754,41.188069072113784,10508600
2020-03-24,44.61128234863281,44.65692446302764,43.36067030640989,43.81709841489841,12216200
2020-03-25,44.72994613647461,45.68844428580232,43.86273219859927,45.00380225310118,9796600
2020-03-26,45.524139404296875,46.06272472152644,44.65692528573805,44.82123968640267,10577500
2020-03-27,42.822086334228516,43.899256982427545,42.45694244314503,43.114200054187215,12158500
2020-03-30,43.65277862548828,43.963149840215785,42.6942804125053,43.06855127594702,8428300
2020-03-31,43.625404357910156,44.757344244362734,43.506732061303346,43.63453138890891,9595700
2020-04-01,42.45693588256836,43.41543757798431,42.265236936393045,42.749053039658435,8755200
2020-04-02,43.93576431274414,44.01792149962258,42.548222646724746,42.83120580420745,6174700
2020-04-03,42.959014892578125,43.95402830994941,42.70341278347615,43.625399514154104,5486200
2020-04-06,45.61542510986328,45.734093907800364,44.28265242064277,44.39219767111241,7370300
2020-04-07,45.38719940185547,46.84776754354249,45.33242679069128,46.82038297909496,6568700
2020-04-08,45.88926696777344,46.19050760699294,45.22288257201078,45.834494359611284,6325900
2020-04-09,44.11833953857422,46.245292563926874,43.561496728174504,45.898406250809536,12274000
2020-04-13,44.50173568725586,44.81210690621161,43.78057851934842,44.49260865828793,9873200
2020-04-14,46.2179069519043,46.80213431939442,45.59716450337859,45.64280661353817,11068800
2020-04-15,45.332435607910156,45.615422263896036,44.76646577820819,45.42371982866957,9398100
2020-04-16,47.83366775512695,48.509179413987766,47.17641015643414,47.295082441147045,18615900
2020-04-17,49.0112419128418,49.46766995499544,48.38137246828682,49.412900818589556,11288500
2020-04-20,48.00711441040039,49.129927275537334,47.97972983489747,48.38138536544604,9901700
2020-04-21,46.89341735839844,47.295076275131855,46.11749105842295,47.10337384565922,13102500
2020-04-22,48.33572769165039,48.48178451778419,47.84278459759778,47.90668424138948,8255500
2020-04-23,48.0527458190918,48.500046852133295,47.70585951687205,48.2079331709808,7619900
2020-04-24,48.1348991394043,48.28095596823725,47.46851464021212,48.01622687776831,5701800
2020-04-27,48.846923828125,49.06601080391307,48.35398422657318,48.5182985878469,5812300
2020-04-28,48.16229248046875,49.04776412535409,48.08926579388353,48.84693464327203,8561100
2020-04-29,49.732398986816406,49.92409792851269,48.773900796065426,49.066014464060586,8565500
2020-04-30,48.50004577636719,49.66850047505998,48.34485842792035,49.47680152898126,6337900
2020-05-01,46.646942138671875,47.97971460038463,46.637815110492426,47.906684445871306,10238700
2020-05-04,47.605445861816406,47.63283042983083,46.81125856670214,47.27681711656493,7514000
2020-05-05,47.20378875732422,47.997976082697456,47.08511996989396,47.66021681372597,7780700
2020-05-06,47.58719253540039,48.03449010316118,47.46852025971553,47.56893499435119,8206700
2020-05-07,47.7697639465332,48.36311835399488,47.55980396787508,48.335733783852454,5493400
2020-05-08,48.29920959472656,48.69173794334453,47.89755421853876,48.034480525701575,6086000
2020-05-11,47.83366775512695,48.226196211871816,47.8154102126888,48.02536672732231,6459300
2020-05-12,46.646942138671875,48.05274127262853,46.628688082312976,48.05274127262853,8584500
2020-05-13,46.48262405395508,47.486767704549656,46.08096868307874,47.38635299126328,8611000
2020-05-14,47.55979919433594,47.60544478301838,45.45110393054057,46.03533125007296,13695600
2020-05-15,45.460243225097656,46.60131360465468,45.07684524905631,46.15401596593978,17777200
2020-05-18,47.3498420715332,47.641955727304875,46.34570181510176,46.500885671237576,12726500
2020-05-19,46.38222122192383,46.97557561710042,46.373090710552155,46.87516088563075,12940300
2020-05-20,47.32246398925781,47.55067803174415,46.099236582240245,47.085122917270795,8406200
2020-05-21,46.32744598388672,47.660215022752354,46.272673365559655,47.559800296954194,7842600
2020-05-22,45.460243225097656,46.427872160579376,45.286801781022355,46.40961461663401,12462300
2020-05-26,46.3913459777832,46.92080417876281,46.363961409549646,46.82951648086825,8872000
2020-05-27,47.231170654296875,47.231170654296875,46.327441688181175,46.58304025213463,11405700
2020-05-28,45.898399353027344,47.12162655330168,45.73408499162711,46.97556973008695,8178700
2020-05-29,45.944053649902344,46.30919403602941,45.51501012687628,45.953180679590766,10918500
2020-06-01,46.583045959472656,46.8112599858973,46.13574841775137,46.47350420182434,6187300
2020-06-02,47.47764587402344,47.50503392591588,46.82039182719128,46.96644866896173,6063600
2020-06-03,48.4361457824707,48.60958718736252,47.85191495501842,48.05274441077607,8380200
2020-06-04,49.549835205078125,49.63199240532594,48.408764914008565,48.436152968937954,13269500
2020-06-05,50.38966751098633,51.43032311629711,50.26186818854752,50.66352369939385,9776100
2020-06-08,50.727413177490234,50.91911212266643,49.94235637465097,50.882600525206435,6302100
2020-06-09,51.676788330078125,51.69504587134671,50.161447227485176,50.4718184645112,9355100
2020-06-10,52.53486633300781,52.982167341217476,51.868481817231036,51.868481817231036,9194300
2020-06-11,50.24359893798828,51.494210779087865,50.21621088793984,50.98301012617474,9877100
2020-06-12,51.11994552612305,51.91412941908259,50.526587622644,51.57637361117772,9838800
2020-06-15,51.13819885253906,51.229483069118295,49.76891471023274,49.942356114641136,7509700
2020-06-16,50.93737030029297,52.03279833001029,50.70002924361791,51.658527463769424,8827200
2020-06-17,51.66764831542969,51.868477750176964,51.01952138981532,51.25686590038379,8248700
2020-06-18,51.64006042480469,51.998735251158884,51.308974890230786,51.53889501054015,6831500
2020-06-19,50.86752700805664,51.96194548176329,50.83073894802385,51.94355145174689,6965100
2020-06-22,51.50210952758789,51.50210952758789,50.87672648837438,51.04226926394871,4480400
2020-06-23,52.20106887817383,52.568942518435335,51.98954276292953,52.090708189416596,7836500
2020-06-24,52.035526275634766,52.47697251077119,51.649258627201135,52.15508221902603,7080200
2020-06-25,52.458580017089844,52.50456334345792,51.456128065732905,52.01713376901104,4509600
2020-06-26,51.80561065673828,52.66091039989046,51.695246457109576,52.42179498396784,6229300
2020-06-29,51.86078643798828,51.87918047026299,51.189420047324745,51.81480311145299,5016600
2020-06-30,52.210269927978516,52.41260078978537,51.676853477143425,51.732035578082524,7158700
2020-07-01,52.25625228881836,52.85404609217769,52.20107018890264,52.39420578445609,6866500
2020-07-02,53.911678314208984,54.32553530524937,53.295493967340256,53.295493967340256,10021200
2020-07-06,56.90983963012695,57.1397597927312,55.69586145224082,55.79702337681194,12725600
2020-07-07,55.83381271362305,56.56036128595577,55.806223416140625,56.339636381186374,6672300
2020-07-08,57.56280517578125,57.700758660190694,56.56035324620741,56.68910796056138,8721900
2020-07-09,59.57691192626953,59.751653496673114,57.838716043286986,57.89389814577811,16903300
2020-07-10,58.72160720825195,59.37457961785224,58.114618128793346,59.291811728579134,10700000
2020-07-13,59.84362030029297,61.692180392616464,59.76085240881606,59.963176260184035,16667700
2020-07-14,61.581809997558594,61.64618735666091,60.08273319754405,60.69891749418139,10482700
2020-07-15,60.754085540771484,61.81171941387743,59.92637878639739,61.78413012427892,12432500
2020-07-16,61.24153518676758,61.278323257205976,59.153863059789366,60.128722368282354,15709400
2020-07-17,61.0667839050293,62.538271236689205,61.03919461390521,61.90368947441506,11716600
2020-07-20,61.51744079589844,61.600215706638195,60.514992211718756,61.34269921947537,6357300
2020-07-21,62.36354064941406,63.68788298864356,62.27157399065786,63.310810566154935,10619700
2020-07-22,63.025718688964844,63.366003081721445,62.56587832845396,62.6302556982612,7366100
2020-07-23,61.95888137817383,62.99811787702848,61.38867690936716,62.777396508970256,8559500
2020-07-24,67.96440124511719,70.71424441615031,65.6192127876413,65.66519962665319,41226800
2020-07-27,76.56340789794922,76.70136138757302,73.96990895612436,74.82521217186479,39899200
2020-07-28,70.74183654785156,73.18819053590455,70.34637357296356,72.97666089122208,31500100
2020-07-29,76.02998352050781,76.67376406581805,70.87057547161189,70.91656230220734,28304000
2020-07-30,73.51007843017578,74.75164596845131,72.29610019016754,73.58365456995978,16820300
2020-07-31,72.55360412597656,73.36292055201791,71.28444738628771,73.23416582552511,12021200
2020-08-03,72.60877990722656,72.79272023552807,71.19247797063841,71.52355652836897,10129800
2020-08-04,73.74918365478516,73.74918365478516,72.41564268158781,72.95825784077999,12569400
2020-08-05,75.07351684570312,77.25316216123005,74.09865775898228,74.47573013273983,14436300
2020-08-06,74.05266571044922,75.50576248510073,73.77676578927299,75.45058390418646,9838700
2020-08-07,73.60204315185547,74.30100242812135,73.0318456251128,74.02509541952499,8705800
2020-08-10,73.45488739013672,74.35617039168609,72.85709363472213,74.08027043914485,7421400
2020-08-11,71.67990112304688,72.83869351253237,71.67990112304688,72.73752809520508,7056300
2020-08-12,73.01343536376953,73.16058761381618,71.48676936086561,71.88223226210914,8354400
2020-08-13,72.01097869873047,72.74671881461276,71.57872778463972,72.65475217720305,6551800
2020-08-14,72.11214447021484,72.86628212736268,71.78105896057875,72.12133622237911,5611200
2020-08-17,73.74918365478516,74.3929572166007,73.26175409846687,73.39050881082997,8663900
2020-08-18,73.03182983398438,74.32857565414555,72.88467759012217,73.7767687728726,6804800
2020-08-19,72.23171997070312,72.86630187222822,71.96501173696949,72.66397100411258,7976800
2020-08-20,70.64066314697266,70.90737135732579,69.87733359773411,70.1900216271513,11457100
2020-08-21,72.04778289794922,72.40646482736224,71.6063400898526,71.75348535368249,7942300
2020-08-24,72.56280517578125,73.49168460317108,72.18573273877703,73.32614180439474,6405600
2020-08-25,73.61122131347656,74.0158829416918,73.08700375719991,73.43647978918277,6113100
2020-08-26,75.18388366699219,75.570147807351,74.50332203636869,74.72404339991579,7821600
2020-08-27,74.12625122070312,75.69890412544842,73.73078830197028,75.57934817945227,8018200
2020-08-28,73.97911834716797,74.38377308712357,73.49168869491233,73.62963518773414,5699500
2020-08-31,72.8846664428711,73.35370537768888,72.36964770133258,72.6547463594551,9812900
2020-09-01,74.99993896484375,75.04591877459787,73.56523277838654,73.68479572027732,10193300
2020-09-02,75.57014465332031,76.066772963028,73.46407547601758,74.81600692745428,12567800
2020-09-03,74.65965270996094,75.23904881702668,72.08454486757108,74.60447413307975,20090100
2020-09-04,72.57198333740234,74.9263629032883,71.19246274490268,74.03427179748178,13638700
2020-09-08,71.10969543457031,72.79271242066216,71.01772878859593,71.75346897299627,11553500
2020-09-09,73.02264404296875,73.29854402433857,72.24091690417794,72.3052942681582,7867500
2020-09-10,72.56280517578125,74.70566278866204,72.43405044524484,74.255014215178,11241800
2020-09-11,72.4892349243164,73.85036549326998,72.28690404087399,73.5836572393329,7853500
2020-09-14,74.03428649902344,74.60449098313072,73.52845937468585,74.03428649902344,7091100
2020-09-15,78.95458221435547,79.81908426864585,74.84360859582172,75.00915139309846,21048400
2020-09-16,76.45303344726562,79.54316032725272,76.37026557455768,79.54316032725272,14492600
2020-09-17,75.71997833251953,76.0712587928882,74.51821788189893,74.8787446065185,10090200
2020-09-18,74.16694641113281,76.57969976340279,74.05601238517569,76.14522403061387,10528300
2020-09-21,74.4997329711914,74.55520350953553,73.10385019840174,73.76944023586022,8417100
2020-09-22,74.3980484008789,74.77706062023488,73.39966339655072,74.72159713760558,6375200
2020-09-23,72.03150939941406,73.88961375222488,72.0037776565538,73.67699196890632,9094700
2020-09-24,72.45672607421875,73.02987446345779,70.41373929316312,71.01461941766935,9940900
2020-09-25,72.91898345947266,72.95596147924022,71.54158572410252,72.2626394774797,6057500
2020-09-28,73.74169158935547,74.29635458169778,73.46436714601722,74.24088405076381,5999300
2020-09-29,74.42578125,75.10061047481265,73.31646221106784,73.67698895919156,6114600
2020-09-30,74.9434585571289,75.74771432410186,74.4812440583054,74.4997295350116,5878900
2020-10-01,76.37632751464844,76.46876900528677,75.5628254702303,75.85864247197317,6253800
2020-10-02,74.69386291503906,75.98805781895399,74.51821915543636,74.61066064102553,6145900
2020-10-05,78.15120697021484,78.23440217192864,75.38716699669463,75.38716699669463,10129100
2020-10-06,76.83853149414062,78.06801655158054,76.51497574198164,77.43940462738973,7795600
2020-10-07,80.35136413574219,80.42532014579763,78.37308671017567,78.37308671017567,11446400
2020-10-08,81.16487884521484,82.14477144691291,79.98160365761271,82.14477144691291,10920800
2020-10-09,82.07080841064453,82.08930094088907,81.01695987738789,81.66405737927046,7608800
2020-10-12,84.03984069824219,84.37262863745029,81.97836100047648,82.38511200249003,10022000
2020-10-13,82.8658218383789,83.7994971802701,82.6716925786888,83.66083140825313,8247000
2020-10-14,81.90441131591797,83.08767935552213,81.59934804084801,82.87506462647373,8159000
2020-10-15,81.4884262084961,82.72715781155566,80.6009751228338,80.69341662185053,10327900
2020-10-16,80.14799499511719,81.89516531754231,79.90764852261287,81.85819436241385,7457200
2020-10-19,80.9429931640625,82.84732151603266,80.69340046141973,81.66404658595593,7994500
2020-10-20,81.5901107788086,82.25570083020438,81.13713546154345,81.15562799232335,7357600
2020-10-21,81.0169448852539,82.15399548853286,80.95223514704014,81.34973983973397,7387600
2020-10-22,81.54386901855469,82.2187051906296,81.23880580160989,81.75649075992507,5656200
2020-10-23,81.63631439208984,81.76573387464002,80.8228194942269,81.58085091466343,4165400
2020-10-26,80.17574310302734,81.14638947665075,79.28828491452211,80.61946514444527,5568000
2020-10-27,80.15721893310547,80.62867958726083,79.48238987105489,80.38832612887137,5315800
2020-10-28,77.51337432861328,78.95548844061813,77.5041280633321,78.715134913145,8727300
2020-10-29,78.47478485107422,78.8815359074008,77.67052900411053,77.90163627650804,5845600
2020-10-30,77.53186798095703,78.34536301662266,76.87552419317556,78.04954599885025,4963600
2020-11-02,79.23280334472656,79.46391057897888,78.14197691694227,78.20668666041959,6597100
2020-11-03,81.06317901611328,81.57161072029608,79.55635527413816,79.67653555461472,6274700
2020-11-04,82.69017028808594,82.98598728260703,81.77498756329152,82.01534107535038,7620800
2020-11-05,83.59610748291016,84.0860536818529,82.98598101060435,83.58686121892077,6670100
2020-11-06,84.50203704833984,84.585232252081,82.32038459214706,83.02294537762273,6403000
2020-11-09,82.30188751220703,85.49117081624415,82.21869231307032,85.23232485121223,8978000
2020-11-10,81.03544616699219,82.08929461909065,80.14798815727775,81.71952162384852,8350100
2020-11-11,84.01211547851562,84.28944703430236,82.6069863261878,82.73640583813241,7707300
2020-11-12,83.03221893310547,84.94578682929875,82.99524092389954,84.01211149214302,7474600
2020-11-13,86.1752700805664,86.72067978984002,84.31716586812291,84.62222912220817,9170900
2020-11-16,91.76806640625,94.69851178196834,89.0779816051768,89.13344508988952,18436200
2020-11-17,88.47709655761719,90.6772349842373,88.45861108132068,90.57555428535645,10843700
2020-11-18,89.60489654541016,91.3335811850425,89.0872186010638,91.0747351600363,8526600
2020-11-19,89.30908966064453,89.54019691945939,88.39390689053111,89.45699463881246,5542800
2020-11-20,88.12582397460938,89.85450180284121,88.0980922312653,89.35531631697972,5329800
2020-11-23,90.71421813964844,91.45376418449473,89.5309501101614,89.81752790527707,8802400
2020-11-24,89.33682250976562,91.1394563297153,88.76367396178561,91.04701483561115,7022800
2020-11-25,90.12257385253906,90.58478831467534,88.87459621533769,88.93005969388749,5194900
2020-11-27,91.27812194824219,91.7680682137447,90.64027070298133,91.09323896033577,4367100
2020-11-30,89.68810272216797,90.54782201497639,88.93007118839965,90.18729525213743,13840500
2020-12-01,93.23789978027344,96.41793746552815,91.07473247840072,91.23189075216389,16157300
2020-12-02,92.01766204833984,94.3287345117214,91.99916951904606,94.29175650596727,8676300
2020-12-03,91.98067474365234,93.54296182786305,91.91596500333293,93.42278155810364,7359000
2020-12-04,95.89100646972656,95.90949194324048,93.08998116618578,93.83877332089754,10824500
2020-12-07,98.34998321533203,99.47778752275937,97.03729596199267,98.00794200727925,11793000
2020-12-08,97.65666961669922,99.69041040024267,97.16672342220765,99.63494692247619,9876200
2020-12-09,96.52886199951172,98.54411724091422,95.68763538581352,97.99870758683323,8204100
2020-12-10,96.35325622558594,97.16675136235601,94.47665907182395,95.21620523458576,7135000
2020-12-11,96.16835021972656,97.17598152316585,95.41956496733772,96.14986474249697,7492600
2020-12-14,95.73385620117188,96.97259461501255,95.67839272316643,95.92798542702386,5878000
2020-12-15,97.14822387695312,98.34073793262199,96.52885824385737,97.6936405626462,7399900
2020-12-16,97.2499008178711,97.68438345497749,96.10361115281256,97.66589798338708,5986900
2020-12-17,96.45343780517578,97.77166401364909,96.40701849649473,97.38176731805987,7779300
2020-12-18,96.80616760253906,97.2889027515913,95.7664434339768,96.5462365603985,7417000
2020-12-21,97.31675720214844,97.43743745519481,95.91497804828474,96.13777508567424,6116400
2020-12-22,96.49056243896484,97.67882296652418,95.53438426702543,97.53957213663395,5597100
2020-12-23,96.3234634399414,97.35390967170935,96.17492733180589,97.16823953653994,3320800
2020-12-24,98.37506103515625,98.71853835719783,97.16823006328325,97.25178338661145,3172100
2020-12-28,98.54216003417969,100.4173821689719,98.35648991817652,99.88823473289666,5157000
2020-12-29,97.99444580078125,99.47049317856435,97.67881721536571,99.33124235687296,4602400
2020-12-30,101.0950698852539,101.83772913225566,99.70257582921072,99.98107039086473,9571800
2020-12-31,101.22503662109375,101.80988158177773,100.6680404086436,101.80060338742719,4909500
2021-01-04,103.69436645507812,105.92235790106312,102.53395498139736,103.48085471017102,11262100
2021-01-05,104.68769836425781,106.71145664372801,103.98217315313309,104.35350631206715,10583600
2021-01-06,107.32415008544922,108.04824580047189,104.48346471648627,105.69028854732726,10609300
2021-01-07,112.72703552246094,114.12881485229751,109.16224706377152,110.78682345896648,13556100
2021-01-08,110.18341827392578,117.23872026676784,108.59597585673066,116.88595764603267,18976800
2021-01-11,113.81318664550781,114.74151607505127,110.28553906279761,111.15816391040626,12006800
2021-01-12,114.18451690673828,116.22683876634261,112.95912237445742,116.18971182279311,14163200
2021-01-13,110.68472290039062,115.8555176283858,109.54287456611539,115.48418443367726,20650500
2021-01-14,117.38723754882812,124.99953500152769,112.94982461304053,114.6022496394126,37125400
2021-01-15,116.25469207763672,119.32745299502137,114.3794627524316,119.2624773039227,17343100
2021-01-19,121.88966369628906,124.44256976920562,119.2346408138485,121.23054353205522,20443800
2021-01-20,121.27696228027344,126.3734962072761,120.77567059549163,125.50086423267106,17360700
2021-01-21,124.54468536376953,125.69580484333763,122.85511892543319,123.69990214460135,15460100
2021-01-22,119.88443756103516,121.84321282525212,119.57808721182434,120.71992821147914,19163200
2021-01-25,121.16554260253906,122.6972802612436,118.2227333776233,122.38165170305419,20469300
2021-01-26,117.57292938232422,120.05157446243867,117.20159617594149,119.80092153802879,17084600
2021-01-27,113.01480865478516,116.13399571509521,112.79201160264603,115.99474490153679,16732700
2021-01-28,116.81169128417969,118.4362677506235,114.72295011303763,115.57701146986047,14148100
2021-01-29,112.81057739257812,115.44703638037494,111.91010388924161,115.11283725399801,15169200
2021-02-01,117.58220672607422,117.75858449819587,114.53728030527249,115.61414582285931,10179900
2021-02-02,119.23462677001953,120.91490066640182,118.31557559255216,120.19080488967555,9302400
2021-02-03,118.36198425292969,119.88444371906603,117.02518781140886,119.7544781853171,9676600
2021-02-04,118.96539306640625,119.01181236402786,116.94164200976795,118.36198469286789,7445100
2021-02-05,118.62193298339844,119.6431010186082,117.61933550296965,119.5595406046853,6226800
2021-02-08,123.0500717163086,123.6998994997811,119.47599765943485,119.47599765943485,11160000
2021-02-09,123.17073059082031,124.77675055523864,122.30739109998993,124.37756157133283,7929100
2021-02-10,124.10834503173828,126.25278342495378,123.0129091037748,124.5075198271039,12196300
2021-02-11,129.18629455566406,129.25127023361182,124.45180998117245,125.69576770648676,12347900
2021-02-12,128.1651611328125,129.78973766438335,127.32967029693505,128.96352502350607,11114100
2021-02-16,130.01251220703125,132.00841439639726,129.42766025606858,131.46070354733885,11833600
2021-02-17,126.50344848632812,129.63191396178172,126.34563419166541,129.2327391279611,12311200
2021-02-18,124.98098754882812,126.14139926070484,123.83913222541038,125.185221143333,11614600
2021-02-19,126.865478515625,128.06301701366147,125.9928467554963,126.39202153311507,10771900
2021-02-22,123.99697875976562,125.5844142805261,123.63491665430422,124.01553515092972,10363800
2021-02-23,119.84734344482422,122.2981327444903,116.3939495083595,119.84734344482422,18444700
2021-02-24,122.81798553466797,122.89225358835334,118.52910104932253,120.22793851117879,12782900
2021-02-25,116.96949768066406,122.11243602854665,116.70956659681046,122.09387964054403,13581200
2021-02-26,116.9137954711914,118.25987013654256,114.02669075287056,116.44034554035738,17281000
2021-03-01,119.87517547607422,120.96131913367175,118.12062645964386,120.33934015873207,9714900
2021-03-02,116.96949768066406,119.30889160052821,116.96949768066406,119.22533119378966,8274500
2021-03-03,114.0823974609375,118.60336411185139,113.91529788847316,117.6379007023453,10660300
2021-03-04,107.30558776855469,114.32376257547337,105.35609752097378,113.20976308929072,24454200
2021-03-05,112.14219665527344,112.60636136480255,107.11064582120825,112.23502818066098,17448700
2021-03-08,105.76457214355469,112.32786092416724,105.55105325851561,111.90083023668056,17246900
2021-03-09,108.03895568847656,109.91418474186555,107.06421422441902,108.67950513813588,17717100
2021-03-10,105.67173767089844,109.57071833147978,105.28184102135855,109.35720653498515,15240300
2021-03-11,111.93795013427734,112.14218371611996,108.67951226622131,109.76565586137646,15091600
2021-03-12,109.82137298583984,110.47120074542343,108.87447301319934,110.47120074542343,8171000
2021-03-15,110.54545593261719,110.5733046787022,108.3453129182245,110.1462740460208,8935000
2021-03-16,110.79610443115234,112.55993157964011,109.63569276538286,111.13958883395277,10793400
2021-03-17,110.66378784179688,111.37197131563133,107.52352797091689,109.72264048483272,9890400
2021-03-18,106.69420623779297,110.26310584699536,106.32147396445187,109.95560118829319,10283800
2021-03-19,105.88351440429688,107.05761858070959,105.49214871525157,106.5823847529964,11536000
2021-03-22,109.1915054321289,110.26310807364568,106.96443911827043,106.96443911827043,9376400
2021-03-23,107.05762481689453,108.79082395137162,106.80603460478919,108.18513485869484,8977400
2021-03-24,101.53189086914062,106.87126385376189,101.42938930838808,104.80260633206859,24196100
2021-03-25,102.92030334472656,105.06350858077232,100.53482817431352,100.6373297270369,16772400
2021-03-26,108.61377716064453,108.74423240110778,103.61918275375129,104.36464736435046,12910900
2021-03-29,106.59169006347656,108.80012261493368,104.72803606168937,108.60443979785913,10863600
2021-03-30,107.225341796875,108.17580229026613,106.49851781205652,107.42102463053563,8206200
2021-03-31,110.21650695800781,110.29105483135997,107.68193613824646,107.89625949681478,9806500
2021-04-01,116.29203033447266,116.36657110289065,113.34745314901647,114.4376892005159,17904000
2021-04-05,116.01248168945312,118.71478188158494,114.3165565386852,118.40727721184425,14113900
2021-04-06,114.09291076660156,115.55587900829931,113.25426496674505,115.54655874683522,13042300
2021-04-07,111.71675109863281,114.25132196282705,111.67015689965176,114.09291306113407,11193200
2021-04-08,115.01542663574219,115.37883865937656,113.10517811415475,113.10517811415475,10226700
2021-04-09,114.4283676147461,115.02473637380092,113.40335214517403,114.3817734173014,8315200
2021-04-12,112.65789794921875,114.11154595202267,111.11106154887993,113.87858917673863,9868400
2021-04-13,113.00267791748047,114.52156075639505,112.14539862624744,114.05564717081921,8384800
2021-04-14,112.60198974609375,114.08359861605655,112.28517192655475,113.67359239380423,9521900
2021-04-15,110.28174591064453,113.68291655737218,108.61377439656654,113.40336555819235,18709100
2021-04-16,110.73832702636719,112.37834468149104,109.81582020566847,111.0644721925294,9512100
2021-04-19,107.53287506103516,110.7756301809168,107.346505329889,109.95562469170866,12630300
2021-04-20,107.113525390625,108.81877073903354,106.74080022729623,108.13854091760945,9299200
2021-04-21,109.39649963378906,109.48036065778508,106.01396281375577,106.69419970414327,8472200
2021-04-22,107.45830535888672,109.4896888057821,106.61034635942762,109.4896888057821,7411800
2021-04-23,110.5519790649414,110.62652694758988,108.0267281917627,108.63241729704615,8380300
2021-04-26,113.23563385009766,113.25427437457428,111.26016481219972,111.81925968878825,8444000
2021-04-27,113.00267791748047,113.35677679245546,111.71675898063094,113.21700129492729,5491800
2021-04-28,111.50243377685547,112.21061725149865,110.63583429276107,111.81925157720481,6476500
2021-04-29,110.98062133789062,112.59268556903203,109.5922007599575,112.49018400529762,8831800
2021-04-30,108.78148651123047,110.12331972197603,108.69762549019693,109.96491083161749,7950700
2021-05-03,108.0360336303711,109.53627579375008,107.84035079722729,109.4617279213306,10229500
2021-05-04,107.49559020996094,107.92422988419646,105.98602753256644,107.1601318372066,9638300
2021-05-05,107.51420593261719,108.54853456017428,107.02033871769426,108.09194128156506,7059000
2021-05-06,109.02376556396484,109.62013431112818,106.65692398835193,107.43966241230149,8581700
2021-05-07,108.8653793334961,111.27880849875936,108.1385552159153,110.32834783175628,9614300
2021-05-10,104.65351104736328,107.51422028039543,104.57897027406482,107.14149508607099,12281200
2021-05-11,105.15667724609375,105.28713245948293,101.69027961197894,102.24938150853366,10007700
2021-05-12,100.8330078125,102.58484016944689,100.69323232817506,101.89529011852731,15058900
2021-05-13,101.33621215820312,103.83350944104765,100.54416042755776,101.9046273422695,10552000
2021-05-14,104.79327392578125,105.13805250920217,102.72461664380879,103.0693952272297,8425200
2021-05-17,102.31461334228516,102.52892958344631,100.51618684423242,101.63437646498723,10688600
2021-05-18,103.28370666503906,105.74373661413124,103.19052538202467,105.29645650267553,7476600
2021-05-19,104.73735809326172,104.82121911230772,100.63731779814862,101.10323130647339,7280500
2021-05-20,105.557373046875,105.96737924699462,104.45781678141687,104.72804749428875,6442500
2021-05-21,104.22486114501953,106.22829085939861,104.07577250379512,106.22829085939861,5979400
2021-05-24,105.88351440429688,106.73148050650518,104.47646055426114,104.6069157839429,6653600
2021-05-25,106.48919677734375,107.10420605804796,105.85555408325898,107.02033792464448,5331700
2021-05-26,108.09194946289062,108.09194946289062,106.2282951618063,106.2282951618063,6605100
2021-05-27,107.87762451171875,108.58581512636609,107.16012074438166,108.09194788128933,6513700
2021-05-28,109.3592300415039,109.80650307246752,108.04535040583542,108.371495581289,5386500
2021-06-01,110.43084716796875,111.85654169432179,109.4244720519745,111.5490370017773,7596100
2021-06-02,110.84083557128906,111.30674914175985,109.88105475360355,110.79424847980812,5383400
2021-06-03,108.85604095458984,110.19787424637141,108.52058263164446,110.0021914095327,4912200
2021-06-04,111.36266326904297,111.67948108355577,110.00219650047993,110.1699256697152,5352100
2021-06-07,110.1606216430664,110.65448896157888,109.55493249215796,110.08607375480243,6266000
2021-06-08,108.01740264892578,109.65742044063677,107.21603072282137,109.53628546921244,11564800
2021-06-09,109.14490509033203,109.6294591609816,108.0639893568338,108.0919430322027,6401600
2021-06-10,110.17923736572266,110.74765248121172,108.67899512441899,109.06104765845583,8566600
2021-06-11,110.1885757446289,110.34698467583634,109.17288742294578,110.22584968890324,6036600
2021-06-14,112.74177551269531,112.7510957756712,110.38425373850662,110.46812188673437,7610300
2021-06-15,111.3067398071289,113.68290166096618,111.1390106514548,112.1453855854995,8196900
2021-06-16,109.9742431640625,111.72608285235988,109.48969614749181,111.39994475377601,8059400
2021-06-17,111.42505645751953,112.472701825949,109.99388581834911,110.07807568491154,7608100
2021-06-18,108.31017303466797,110.27451534666542,107.76763828913509,109.9190652391866,12532800
2021-06-21,106.7667465209961,107.94535462870765,105.7190940767471,107.92664259875676,11116200
2021-06-22,106.94446563720703,107.09412618079773,104.77433423103341,106.16808060372112,11792400
2021-06-23,108.55335998535156,109.83485562708715,108.32885846003683,108.69366451798835,8913700
2021-06-24,109.66648864746094,110.06871164682298,108.75914789518738,109.18008292422114,6772200
2021-06-25,109.00234985351562,110.31191355142943,109.00234985351562,109.86291763285543,6712800
2021-06-28,111.88338470458984,112.2014178195155,109.61035855636723,109.71325330214853,11026600
2021-06-29,112.46334838867188,112.51947020640624,110.77026647601726,111.68696327278678,7874900
2021-06-30,112.39785766601562,112.95909718864186,111.32214441799583,112.39785766601562,7936400
2021-07-01,110.770263671875,112.44463351186592,110.40545759273965,112.34173875759201,8295600
2021-07-02,111.22860717773438,111.48116246850938,110.76090637985283,111.07893949686932,5144300
2021-07-06,112.29496765136719,113.14617941695565,110.58318096918251,112.10788304491234,7181500
2021-07-07,110.61125946044922,113.2303872748089,110.57384253320988,112.84686912301767,7391800
2021-07-08,110.25579071044922,110.63930166083335,107.92663555540595,108.38498748416107,7565400
2021-07-09,112.77200317382812,112.98714866008696,110.02192760162113,110.37737760441057,8374200
2021-07-12,114.70831298828125,114.80185887166819,111.79921300136097,113.3613393334063,10668700
2021-07-13,115.8962631225586,117.37419940739223,114.24059824473098,115.23212882314431,13460200
2021-07-14,116.35462188720703,117.65482973510137,116.05529361581875,117.06552920796007,10587700
2021-07-15,109.937744140625,112.90296537131856,109.32038282239095,112.36043789061215,23734500
2021-07-16,108.26337432861328,111.30342939222355,107.73019572599586,111.07893501652872,12110000
2021-07-19,107.89859008789062,108.15115255604512,105.91554295166493,106.63579915676503,9230200
2021-07-20,108.8807373046875,109.32037715669284,107.0379951862211,108.39432452251458,7108000
2021-07-21,110.25579071044922,110.25579071044922,108.44110929725437,108.72173263581678,5564700
2021-07-22,109.03042602539062,110.46158956536247,108.70303683921227,110.46158956536247,5746500
2021-07-23,109.24557495117188,110.05002105443177,107.87988920615024,110.05002105443177,5773900
2021-07-26,108.17919921875,108.60012709483678,107.44958709404064,108.31015487515691,6440600
2021-07-27,106.20549774169922,107.94534527586669,104.81175136615141,107.87051143564388,11127500
2021-07-28,107.63666534423828,108.0482443453845,106.52353512016448,106.5796640708514,6819700
2021-07-29,108.64688873291016,109.54487334198619,108.14177105220227,108.5065770766223,7162000
2021-07-30,109.1052474975586,109.83485964011945,107.74891796449526,108.03889019126991,6482600
2021-08-02,109.31104278564453,110.73285022374539,109.12396530102947,109.90969930027106,6028800
2021-08-03,110.76091003417969,110.97604841183647,109.2923226292927,109.73196253565402,5874700
2021-08-04,111.06959533691406,111.8272755632004,110.63931141332543,110.77962309497465,4254000
2021-08-05,111.5185775756836,111.53728246721373,110.60188088665815,111.37826591129073,4452300
2021-08-06,110.5738296508789,110.93863572827442,109.86292238925377,110.72349734239928,4338100
2021-08-09,110.58319854736328,111.11637727155403,109.74133552586495,110.77027604700773,4280200
2021-08-10,108.84333038330078,111.35956296258988,106.7106158842734,110.84508922968949,5132800
2021-08-11,108.49724578857422,109.71327090479264,107.75827755783213,108.97430267405053,4490400
2021-08-12,108.2259750366211,108.45982546421669,107.04737401985437,108.0856704893027,6338400
2021-08-13,108.03887939453125,108.05758428551434,107.09412182756655,107.63665644119361,4593200
2021-08-16,107.22508239746094,108.02017946342627,106.72932069334935,107.66472228949885,5435900
2021-08-17,103.93247985839844,106.49547842939971,103.59573468713715,106.3832347966782,13398800
2021-08-18,103.31510925292969,105.70038631193331,103.24963142297715,104.52177823623931,9167300
2021-08-19,103.3805923461914,103.80152739150114,100.724054953955,101.95878490774278,12146900
2021-08-20,101.13563537597656,102.62292066818053,100.77082928028318,102.0897419793557,13042000
2021-08-23,103.79216003417969,104.13826119318468,102.21132905631481,102.9690092004557,9533500
2021-08-24,104.86787414550781,105.76585882682255,104.57790193265402,104.59660682460839,6719800
2021-08-25,109.47004699707031,111.48116184400452,108.14177845129898,108.23531718304173,22106800
2021-08-26,110.47093200683594,110.80767716739817,108.83397914053828,110.35868837768062,9892100
2021-08-27,110.83573150634766,111.59341164098515,110.08741452231574,110.68607096416036,6827700
2021-08-30,111.3034439086914,111.78050076374095,110.81703817515645,111.20054915296409,6434200
2021-08-31,111.32215118408203,112.99652097620992,111.03217182280467,112.25755282416142,8424900
2021-09-01,112.6784896850586,113.52035265551378,111.83662671460341,112.45399527178678,8603900
2021-09-02,112.98716735839844,113.54840692704215,112.67848309785249,113.12747903469644,6866400
2021-09-03,115.96174621582031,116.43880306593516,113.42680854554268,113.72613679459451,10361400
2021-09-07,116.64457702636719,117.18711166881768,115.88690401171769,116.56975032191198,9739900
2021-09-08,114.01610565185547,115.18535770516972,113.3987442787106,115.02634113869054,7983300
2021-09-09,114.75507354736328,115.51274659250826,114.00674938030905,114.29672874173035,5101300
2021-09-10,115.02633666992188,116.3078323031774,114.95150282864549,115.07310246830869,5163900
2021-09-13,115.63436889648438,116.08335774775281,114.30609296482156,114.99829541006316,6622800
2021-09-14,115.13859558105469,115.64371337190771,114.49317323986652,115.64371337190771,5110500
2021-09-15,113.65130615234375,114.58670784907086,113.07135453121545,114.50252512190875,5566500
2021-09-16,113.45124816894531,113.77058758954468,112.09873493849904,112.70924478090107,7301400
2021-09-17,110.59593963623047,113.15068350727383,110.53958731038286,112.8876964321712,10722700
2021-09-20,107.73125457763672,108.96166875514427,106.65113000465358,108.20087644966803,8991000
2021-09-21,107.9754409790039,108.8301560754834,107.59035483787147,108.62352134157145,8182200
2021-09-22,108.83016204833984,109.1776776054826,107.92848902294158,108.22904669807433,5345600
2021-09-23,109.13070678710938,109.8633155855357,108.56715494291124,109.8633155855357,5484700
2021-09-24,108.61412811279297,109.47823049529701,108.51081074468271,108.95225637827019,4455900
2021-09-27,109.0931396484375,109.48762021920727,108.02240257585692,108.67047575187594,5198800
2021-09-28,105.10137939453125,108.05060426182239,105.05441433964279,107.38374204440166,9792300
2021-09-29,104.83837890625,105.99364458411935,104.27482698295138,105.47706487557612,6522400
2021-09-30,104.86656188964844,106.46327333388189,104.86656188964844,105.59917083855228,6433400
2021-10-01,104.78201293945312,105.47705835767535,103.59857117172109,105.19528241343824,5315200
2021-10-04,102.39633178710938,104.65991225117276,101.92670999780427,104.25603722573597,8514500
2021-10-05,102.62176513671875,103.64553729487253,102.58419453010845,103.12895757716704,8039600
2021-10-06,102.69690704345703,102.86597120321157,101.04384322125814,101.85159341054532,7553600
2021-10-07,104.09638214111328,104.92291402653693,103.77703555333679,104.25605185207112,7821900
2021-10-08,103.35437774658203,104.32179761234238,102.85657973145182,104.23726911884212,5143400
2021-10-11,103.56100463867188,104.92290503567564,103.22287635864083,103.39194049865635,5318500
2021-10-12,102.56539916992188,104.2842166930833,101.96428383382062,103.75824256545971,9294600
2021-10-13,103.29801177978516,103.36375854355882,102.33058487588744,102.67810757918234,7845100
2021-10-14,105.72126770019531,107.768819235811,104.40633226381333,107.20527445366719,16930500
2021-10-15,107.88153076171875,107.9660592541704,106.09696631829017,107.8063895467435,11558800
2021-10-18,108.33234405517578,108.34173849680757,106.52899821828017,106.52899821828017,6773800
2021-10-19,109.85394287109375,109.87273175807479,108.60474702370315,108.76442389959891,5406100
2021-10-20,108.56716918945312,109.91968232763487,108.52960574971279,109.77879434809755,8205800
2021-10-21,109.22464752197266,109.28099984924059,107.64671786572539,108.02241676785293,4640300
2021-10-22,107.28980255126953,110.03239221939104,107.28980255126953,109.17767708011567,6283000
2021-10-25,106.73564910888672,107.59036428037902,106.23785111487932,107.44947629799606,6667700
2021-10-26,107.24284362792969,108.2947991288363,106.81079239519856,107.95667083089705,4852300
2021-10-27,106.83895874023438,108.06936555440937,106.80138813659836,107.1019457998266,5394500
2021-10-28,108.96166229248047,108.97104956994434,106.64172923570642,106.75444105801884,5714300
2021-10-29,106.79199981689453,107.25223436342732,106.34116687913468,107.13952254605718,7118900
2021-11-01,107.18648529052734,107.39311286914011,106.46326368487198,106.67929287205558,4955700
2021-11-02,107.17709350585938,107.82517391762269,106.64172491183848,106.68868279483588,4479700
2021-11-03,107.08316802978516,107.16769651668837,105.88093733253821,106.54779944848424,6073000
2021-11-04,110.6335220336914,110.68987436554518,105.58039324473701,106.48206638370316,14682800
2021-11-05,110.64290618896484,112.26779371044746,109.18707564732303,110.99042175756263,8668100
2021-11-08,113.56397247314453,114.82255573855895,109.93849079434729,111.19707405976169,15776300
2021-11-09,114.38109588623047,115.78056698357355,112.86891296591976,113.88329787504632,10874100
2021-11-10,111.01859283447266,113.46063197513135,110.530189305857,112.333535333475,9046100
2021-11-11,111.00920867919922,113.15068304294469,110.64290423097225,112.01419909256609,6994000
2021-11-12,111.47882843017578,111.6009275220292,110.14509703320213,111.19705247560918,6947200
2021-11-15,110.9434814453125,112.37112888389888,110.3705421477969,112.0705711512564,5157000
2021-11-16,110.90589904785156,111.18766786146526,110.04179655405889,110.53959457405118,5555100
2021-11-17,111.82634735107422,112.28658190177234,110.37052398430093,110.83075136913864,6391400
2021-11-18,115.89328002929688,116.05294973912345,112.5213985725391,112.68106828236567,13229700
2021-11-19,116.7104263305664,117.21761879786571,114.60651524417054,114.61590968778559,9071800
2021-11-22,117.170654296875,120.30772488813601,115.72421810537098,115.9965996446017,16076100
2021-11-23,113.98661804199219,115.71482304125875,112.25840587686474,115.26399007008526,10984000
2021-11-24,113.37610626220703,113.52638869394627,111.20645560646237,112.7092440945509,6992600
2021-11-26,109.97603607177734,111.80756549766826,109.44066747531762,110.36112940975629,6766900
2021-11-29,112.03298950195312,112.59653429940715,110.73683575122276,111.1688870014662,7634000
2021-11-30,110.03239440917969,112.86890706317975,108.72684631632261,110.92467300529572,10561800
2021-12-01,113.30094909667969,116.00597516030652,111.9766193912455,111.9766193912455,12924400
2021-12-02,114.30594635009766,115.90266481286727,112.72801677271862,113.03796888892133,8425500
2021-12-03,112.0799560546875,114.44684710202628,110.81197845197526,113.64849136445642,7809000
2021-12-06,111.90148162841797,112.23960989677329,109.49702031198906,111.66667072905234,5681200
2021-12-07,114.88827514648438,115.13248048527154,112.95343565250735,113.21642271003512,7459200
2021-12-08,114.3998794555664,114.7943600688262,112.81255539372437,114.2402025889857,5795700
2021-12-09,112.2396240234375,114.6722618074285,112.23022957983969,113.8175537524098,6103900
2021-12-10,111.89209747314453,113.45124542789016,111.05617116781822,112.70924205777321,5973900
2021-12-13,109.34674835205078,111.79817494909173,109.31857218797042,111.63850524206256,5854300
2021-12-14,109.22464752197266,109.87272794899616,108.24783324278525,108.42629183361446,6267300
2021-12-15,113.08492279052734,113.18824015241164,109.40308986148949,109.69425306360367,6700700
2021-12-16,109.9405517578125,113.88283142755547,109.53500598333522,113.49614506783139,9116100
2021-12-17,109.70475006103516,110.8082091139303,109.33693037673677,109.6764573461664,11725600
2021-12-20,108.40324401855469,109.98770094534183,107.43182234951608,109.32750636180386,6980800
2021-12-21,110.76107025146484,110.81765568797856,108.53528527221923,109.46898095221111,6122900
2021-12-22,114.40154266357422,114.53358013879922,110.18575517395398,110.27063332424031,9300100
2021-12-23,113.81681823730469,114.86369209703456,113.02458606443976,114.08089322975837,6512500
2021-12-27,115.72193145751953,116.25008861800889,114.30723788373322,114.32610449419906,6309900
2021-12-28,115.11832427978516,116.62733644722952,114.93913466141619,116.36325428107446,6321000
2021-12-29,114.50528717041016,116.14632949853102,114.09030813747049,114.87310687851478,5847700
2021-12-30,113.57159423828125,114.63733463015541,113.35467859435342,114.11861079380043,4187800
